####
#
# OBJ File Generated by Meshlab
#
####
# Object head_xyz.obj
#
# Vertices: 3336
# Faces: 6696
#
####
vn 0.9347763 -0.3534177 -0.0359067
v 0.0682418 0.0150088 0.0791362
vn 0.2324405 0.9403577 0.2483925
v 0.0743124 0.0059975 0.0829030
vn 0.6562524 -0.4681651 -0.5917383
v 0.0731748 0.0090147 0.0864288
vn -0.0991887 0.9821309 -0.1599387
v 0.0420237 -0.0014723 0.0744310
vn 0.3186059 -0.8689613 -0.3786775
v 0.0372537 0.0032233 0.0753665
vn 0.2173924 -0.1914363 -0.9571273
v 0.0375450 0.0009655 0.0778497
vn 0.6399416 0.7004797 0.3159159
v 0.0347441 -0.0014465 0.0727814
vn -0.7775202 0.0468629 0.6271095
v -0.0718356 0.0313540 0.0129569
vn -0.8588065 0.1774399 0.4805898
v -0.0720121 0.0254554 0.0129570
vn -0.7136054 0.7003360 0.0172309
v -0.0757907 0.0193980 0.0283888
vn -0.8742191 0.4817405 0.0605564
v -0.0813632 0.0135644 0.0335661
vn -0.4985327 0.7351168 -0.4594219
v -0.0839834 0.0052702 0.0441543
vn 0.7297668 0.3099546 -0.6094003
v -0.0859396 0.0092310 0.0471360
vn -0.6547142 0.4074172 0.6366794
v -0.0785138 0.0137377 0.0129569
vn -0.1343352 0.0980067 0.9860775
v -0.0753219 0.0178125 0.0129569
vn -0.2717711 -0.4713913 -0.8390058
v -0.0882052 -0.0005076 0.0398845
vn -0.9700814 0.2418987 -0.0206683
v -0.0835249 0.0053584 0.0380098
vn -0.5355481 0.1456193 0.8318554
v -0.0800616 0.0101228 0.0129569
vn -0.9726260 0.0861540 -0.2158154
v -0.0815124 0.0064685 0.0162927
vn -0.9953159 -0.0321329 0.0911797
v -0.0864079 -0.0042078 0.0529495
vn -0.8089895 0.5715668 -0.1372863
v -0.0842215 0.0018730 0.0702984
vn -0.6002342 0.0035940 0.7998162
v -0.0807791 0.0055737 0.0129569
vn -0.4955138 -0.2974188 0.8160933
v -0.0759074 -0.0094424 0.0129569
vn -0.8110362 -0.4648738 0.3551235
v -0.0711805 -0.0157275 0.0129569
vn -0.9835900 -0.1464301 -0.1053989
v -0.0678658 -0.0271103 0.0129569
vn -0.9220688 -0.0665865 -0.3812550
v -0.0678076 -0.0381701 0.0143156
vn -0.8854067 -0.4502043 -0.1156333
v -0.0690810 -0.0547504 0.0395324
vn -0.9412828 -0.3375929 -0.0042099
v -0.0737916 -0.0535292 0.0723741
vn -0.9179549 -0.3075527 -0.2505399
v -0.0679904 -0.0518408 0.0213747
vn -0.8906517 -0.2799844 -0.3582573
v -0.0665731 -0.0503705 0.0161263
vn -0.8567129 -0.4921207 -0.1544680
v -0.0676133 -0.0549621 0.0261231
vn -0.7801106 -0.2936976 0.5524213
v -0.0649924 -0.0507476 0.0129569
vn -0.8394041 -0.4512069 -0.3030068
v -0.0642759 -0.0561622 0.0163694
vn -0.2168081 -0.1191130 0.9689202
v -0.0622258 -0.0574009 0.0129569
vn -0.4218471 -0.3417022 0.8398123
v -0.0601500 -0.0603938 0.0129569
vn -0.7034316 -0.6761225 -0.2191856
v -0.0583280 -0.0635329 0.0161760
vn -0.5838490 -0.5377977 0.6081891
v -0.0566206 -0.0641049 0.0129569
vn -0.4715763 -0.3579729 0.8058978
v -0.0497482 -0.0729379 0.0129569
vn -0.3837438 -0.3511574 0.8540663
v -0.0461843 -0.0773204 0.0129569
vn -0.4509045 -0.7064973 0.5454785
v -0.0406342 -0.0826255 0.0129569
vn -0.4601938 -0.6975474 0.5492261
v -0.0356929 -0.0860544 0.0129569
vn -0.4810057 -0.8404163 -0.2496679
v -0.0269877 -0.0929762 0.0242749
vn -0.3357746 -0.8877276 0.3149527
v -0.0185781 -0.0973975 0.0254147
vn -0.6336842 -0.7398703 0.2259122
v -0.0249495 -0.0949294 0.0208876
vn -0.6030723 -0.7917931 0.0967857
v -0.0186777 -0.1017746 0.0179462
vn -0.5870540 -0.7020902 0.4030348
v -0.0199600 -0.0995129 0.0214478
vn -0.1232553 -0.1401406 0.9824300
v -0.0230215 -0.0968958 0.0129569
vn -0.0702317 -0.7708939 -0.6330799
v -0.0088826 -0.0991696 0.0283010
vn -0.1439210 -0.8841332 0.4445170
v -0.0123969 -0.0979007 0.0259348
vn -0.3542385 -0.7717156 0.5281762
v -0.0149726 -0.1025534 0.0222771
vn 0.2772067 -0.8108718 0.5154061
v 0.0043459 -0.1040618 0.0206532
vn 0.1070352 -0.6713088 0.7334086
v 0.0016808 -0.1006324 0.0239772
vn 0.5834080 -0.8116897 0.0281973
v 0.0194779 -0.0934208 0.0203994
vn 0.5223098 -0.8505259 0.0616303
v 0.0082546 -0.1032970 0.0169504
vn 0.4520658 -0.6173326 0.6438454
v 0.0078353 -0.1027953 0.0129569
vn 0.3072408 -0.3691728 0.8771058
v 0.0147769 -0.0968191 0.0129569
vn 0.6454467 -0.7609811 -0.0656229
v 0.0131338 -0.0992206 0.0165101
vn 0.7070060 -0.7059872 -0.0415295
v 0.0322434 -0.0856709 0.0323447
vn 0.0886210 -0.9866377 0.1367202
v 0.0238091 -0.0878477 0.0869072
vn 0.1249825 -0.1558195 0.9798468
v 0.0288863 -0.0856681 0.0129569
vn 0.6347122 -0.7601485 -0.1389771
v 0.0286004 -0.0891967 0.0273934
vn 0.2640457 -0.1997695 0.9435953
v 0.0451224 -0.0666745 0.0129569
vn 0.3675121 -0.2087031 0.9062990
v 0.0504240 -0.0591954 0.0129569
vn 0.9576096 -0.2654216 -0.1119612
v 0.0627860 -0.0471412 0.0400758
vn 0.4235681 -0.0628593 0.9036807
v 0.0550364 -0.0438352 0.0129569
vn 0.7006407 -0.0947322 0.7071975
v 0.0565234 -0.0299549 0.0129569
vn 0.9037670 -0.4148591 0.1053431
v 0.0608580 -0.0124468 0.0129569
vn 0.2567012 -0.1193746 0.9590904
v 0.0642621 -0.0064948 0.0129569
vn 0.9087204 0.4023810 -0.1109815
v 0.0626747 0.0480491 0.0758790
vn 0.2552612 0.1041032 0.9612514
v 0.0624511 0.0231508 0.0129569
vn 0.6697268 0.1913717 0.7175255
v 0.0609280 0.0303027 0.0129569
vn 0.9565997 0.2810083 0.0771463
v 0.0579954 0.0356174 0.0316297
vn 0.5214896 0.1542987 0.8391904
v 0.0583567 0.0385152 0.0129569
vn 0.9758698 0.1800952 -0.1234660
v 0.0574422 0.0369985 0.0403422
vn 0.7836276 0.2547540 0.5665935
v 0.0594077 0.0341373 0.0129569
vn 0.2623013 0.1232582 0.9570818
v 0.0488339 0.0780107 0.0129569
vn 0.3215577 0.4008013 0.8578806
v 0.0419770 0.0863598 0.0129569
vn 0.8170776 0.5183610 0.2523613
v 0.0427490 0.0765825 0.0300740
vn 0.2039216 0.3186006 0.9256942
v 0.0374736 0.0897802 0.0129569
vn 0.1751740 0.4994857 0.8484268
v 0.0322118 0.0922835 0.0129569
vn 0.6536990 0.6819025 0.3281563
v 0.0310508 0.0881706 0.0358953
vn 0.6229425 0.7304160 -0.2800628
v 0.0398557 0.0857776 0.0589143
vn 0.6869141 0.7261637 -0.0289028
v 0.0397331 0.0872435 0.0656611
vn 0.6595559 0.7365831 0.1497710
v 0.0380113 0.0879490 0.0730305
vn -0.0688666 0.9439327 -0.3228755
v 0.0074090 0.0958437 0.0158857
vn -0.1931611 0.9413998 -0.2765054
v -0.0188616 0.0985470 0.0271714
vn -0.0370316 0.3979213 0.9166719
v 0.0074348 0.0945346 0.0129569
vn -0.1384239 0.8590521 -0.4928168
v -0.0155069 0.0943726 0.0206553
vn -0.0331637 0.2811249 0.9590980
v -0.0112831 0.0917163 0.0129569
vn -0.0089338 0.8484007 0.5292792
v -0.0200701 0.0910592 0.0129571
vn 0.0186394 0.8200440 0.5719969
v -0.0279530 0.0917358 0.0136188
vn -0.2295691 0.8572899 0.4608167
v -0.0365014 0.0879657 0.0166068
vn -0.3078528 0.8557700 -0.4157936
v -0.0355287 0.0897613 0.0209408
vn -0.1453176 0.1102106 0.9832276
v -0.0607965 0.0817467 0.0129570
vn -0.0866546 0.1418824 0.9860834
v -0.0547245 0.0865386 0.0129569
vn -0.1001961 0.0298830 0.9945189
v -0.0638825 0.0739750 0.0129569
vn -0.5775884 0.2090518 0.7891065
v -0.0658228 0.0645470 0.0129569
vn -0.6549653 0.1683873 0.7366588
v -0.0669704 0.0581926 0.0129569
vn -0.9578582 0.2472495 0.1462034
v -0.0683116 0.0524860 0.0213980
vn -0.8556675 0.1525644 0.4945273
v -0.0699601 0.0480832 0.0129569
vn -0.9893177 0.0827695 0.1199991
v -0.0709652 0.0372355 0.0167721
vn -0.9540666 0.2868373 -0.0864943
v -0.0678380 0.0561317 0.0560356
vn 0.1235179 -0.5435436 -0.8302432
v -0.0513703 0.0023413 0.0743536
vn 0.1675763 -0.9656742 -0.1984733
v -0.0673326 0.0037553 0.0714929
vn 0.6004613 -0.0355786 -0.7988619
v -0.0454996 0.0011235 0.0748481
vn -0.0048998 0.5243033 -0.8515175
v -0.0466872 -0.0008138 0.0751160
vn -0.1298788 -0.5598990 -0.8183182
v -0.0474889 0.0029942 0.0750709
vn -0.2341276 -0.6658233 0.7084234
v -0.0472572 0.0028034 0.0703261
vn 0.3547993 -0.9349421 -0.0008281
v -0.0456769 0.0025270 0.0725052
vn -0.0502835 -0.9982196 -0.0320830
v -0.0494126 0.0038462 0.0719466
vn 0.5816600 -0.6007678 0.5484066
v -0.0455877 0.0018213 0.0705231
vn 0.7074081 0.0344630 0.7059647
v -0.0454701 0.0008897 0.0699099
vn -0.0864700 -0.6638470 0.7428527
v -0.0547222 0.0030341 0.0704765
vn 0.7297180 0.5537080 0.4011473
v -0.0452186 -0.0011010 0.0709133
vn 0.1065404 0.2932458 0.9500821
v -0.0486506 0.0005664 0.0700469
vn 0.0234587 0.8608574 -0.5083053
v -0.0574888 0.0000303 0.0728834
vn 0.5927045 0.7562297 -0.2771607
v -0.0451384 -0.0017352 0.0737367
vn 0.1409259 0.9900184 0.0018759
v -0.0651960 -0.0535629 0.1162580
vn 0.1615500 0.9831991 0.0849778
v -0.0654901 -0.0534756 0.1152180
vn 0.2395773 0.9623011 0.1287613
v -0.0658501 -0.0533109 0.1142995
vn 0.2365040 0.9503300 0.2023334
v -0.0661493 -0.0531365 0.1136219
vn 0.1953032 0.8728694 0.4471640
v -0.0674866 -0.0519847 0.1111309
vn 0.2202787 0.9332231 0.2838519
v -0.0665473 -0.0528452 0.1128054
vn 0.2239808 0.9107449 0.3469531
v -0.0670067 -0.0524578 0.1119349
vn 0.2801007 0.8306373 0.4812330
v -0.0680089 -0.0514218 0.1103378
vn 0.1923627 0.7422919 0.6418718
v -0.0686751 -0.0506204 0.1094734
vn 0.1175966 0.5339142 0.8373212
v -0.0696717 -0.0492871 0.1084085
vn 0.1698800 0.5182831 0.8381668
v -0.0707800 -0.0475718 0.1075363
vn 0.3928581 0.4510146 0.8014040
v -0.0711771 -0.0468909 0.1073009
vn -0.2278371 0.0657354 0.9714778
v -0.0714917 -0.0463067 0.1071611
vn -0.8934705 -0.3630574 0.2643856
v -0.0717991 -0.0467625 0.1053476
vn -0.3613062 0.2389507 0.9013104
v -0.0719629 -0.0453476 0.1070050
vn -0.2082997 -0.2056039 0.9562104
v -0.0723552 -0.0444187 0.1069569
vn 0.6449421 0.2138023 0.7337154
v -0.0401887 -0.0408285 0.1069674
vn 0.7505202 0.1627592 0.6404912
v -0.0521738 0.0539553 0.1069569
vn -0.7543776 0.5964408 0.2741766
v -0.0782198 0.0491523 0.1069571
vn -0.9399653 0.2916783 -0.1771694
v -0.0769389 0.0468042 0.0985187
vn -0.8646528 0.4846763 -0.1321530
v -0.0772303 0.0280879 0.0705565
vn -0.7367284 0.2680674 0.6207827
v -0.0818186 0.0385375 0.1069569
vn -0.9262004 0.2275829 -0.3005974
v -0.0828976 0.0325577 0.1020660
vn -0.8924981 0.1818291 0.4127776
v -0.0843169 0.0318089 0.1069569
vn -0.9650844 0.0914731 0.2454483
v -0.0858946 0.0179324 0.1069569
vn -0.8866845 -0.0033161 0.4623632
v -0.0862951 0.0102563 0.1069569
vn -0.7165557 -0.3424061 0.6077057
v -0.0859861 0.0066763 0.0962304
vn -0.6981001 -0.1899272 0.6903506
v -0.0853978 0.0021407 0.1069568
vn -0.9829161 -0.1753601 0.0559004
v -0.0847611 0.0019670 0.0974385
vn -0.8016919 -0.2168680 0.5570084
v -0.0836575 -0.0017456 0.1069568
vn -0.9871046 -0.1578480 0.0266184
v -0.0830777 -0.0058870 0.0993476
vn -0.8499851 -0.1441728 0.5066947
v -0.0822849 -0.0097729 0.1069569
vn -0.9881222 -0.1484477 -0.0397206
v -0.0800920 -0.0308112 0.0828926
vn -0.9848495 -0.1617726 0.0624589
v -0.0807735 -0.0245894 0.0784032
vn -0.9816743 -0.1628621 0.0989529
v -0.0805996 -0.0216533 0.1007534
vn -0.7224744 -0.1825557 0.6668614
v -0.0788569 -0.0249288 0.1069569
vn -0.9368674 -0.3436061 0.0649174
v -0.0751266 -0.0490595 0.0840311
vn -0.5647174 -0.1849127 0.8043020
v -0.0772848 -0.0296681 0.1069569
vn -0.7463211 -0.2680585 0.6092204
v -0.0739635 -0.0399453 0.1069568
vn -0.9013892 0.4325317 0.0203465
v -0.0777118 0.0495648 0.1057282
vn -0.2983320 -0.0511981 0.9530880
v -0.0772179 0.0520710 0.1070650
vn -0.3424066 -0.0855341 0.9356504
v -0.0766618 0.0534709 0.1073165
vn -0.3291947 -0.2030865 0.9221642
v -0.0762174 0.0545524 0.1076724
vn -0.4140103 -0.2649436 0.8708619
v -0.0756925 0.0557965 0.1082126
vn -0.2412314 -0.4711443 0.8484282
v -0.0752175 0.0569455 0.1089162
vn -0.6399412 -0.3673391 0.6749350
v -0.0748141 0.0579863 0.1097303
vn -0.2198513 -0.7107432 0.6682137
v -0.0744558 0.0590890 0.1109154
vn -0.3976055 -0.7433820 0.5378597
v -0.0742883 0.0597460 0.1118382
vn -0.8764227 0.4416382 -0.1919350
v -0.0741626 0.0604960 0.1132042
vn -0.3923043 -0.8438896 0.3659888
v -0.0741975 0.0603341 0.1129489
vn 0.3249756 -0.9260252 0.1920113
v -0.0742946 0.0610091 0.1151421
vn -0.3928448 -0.8569100 0.3337337
v -0.0741908 0.0606077 0.1136332
vn 0.1059428 -0.9492053 0.2962859
v -0.0742164 0.0608167 0.1142940
vn -0.1005686 -0.9948725 0.0107122
v -0.0745327 0.0611236 0.1165018
vn -0.4401989 0.2291367 0.8681713
v -0.0651557 0.0623200 0.1672052
vn -0.6762176 0.5468079 0.4936911
v -0.0645051 0.0629218 0.1673725
vn -0.6788356 0.6561036 0.3297127
v -0.0642447 0.0671816 0.1603633
vn -0.8728918 -0.0423392 0.4860735
v -0.0673929 0.0620427 0.1634163
vn -0.9329271 -0.0591973 0.3551660
v -0.0718042 0.0614854 0.1542497
vn -0.8446196 -0.5102355 0.1621033
v -0.0743900 0.0611587 0.1424348
vn -0.9778191 -0.1777310 -0.1108224
v -0.0753437 0.0610383 0.1208642
vn -0.1455448 -0.9650798 -0.2178020
v -0.0646755 0.0623349 0.1679588
vn -0.0001053 -0.9987343 -0.0502975
v -0.0642607 0.0622948 0.1686258
vn 0.4462186 -0.8042835 -0.3924500
v -0.0637893 0.0621775 0.1694433
vn 0.4996603 -0.3667769 -0.7847384
v -0.0627497 0.0615408 0.1715006
vn 0.4597723 -0.7740809 -0.4352106
v -0.0633519 0.0619852 0.1702621
vn 0.4090641 -0.7745868 -0.4823712
v -0.0629872 0.0617220 0.1710270
vn -0.5293514 -0.7768722 -0.3409644
v -0.0623898 0.0609156 0.1725894
vn -0.1453732 -0.8871387 -0.4380088
v -0.0622027 0.0604171 0.1732923
vn -0.5453069 0.0884842 -0.8335532
v -0.0621030 0.0597293 0.1740458
vn -0.3714211 -0.5754256 -0.7286506
v -0.0621009 0.0590182 0.1746893
vn -0.5891073 -0.3802714 -0.7129841
v -0.0621885 0.0582797 0.1752307
vn -0.1007223 -0.5202504 -0.8480534
v -0.0622686 0.0578665 0.1754859
vn 0.2960555 -0.4712530 -0.8308259
v -0.0625007 0.0569599 0.1759629
vn 0.4173535 -0.4474795 -0.7909350
v -0.0627333 0.0562725 0.1762472
vn 0.3424740 -0.4043621 -0.8480583
v -0.0630810 0.0554019 0.1765340
vn 0.2863696 -0.3429483 -0.8946390
v -0.0632476 0.0550318 0.1766314
vn 0.2108349 -0.2417656 -0.9471526
v -0.0638340 0.0538687 0.1768456
vn -0.2011153 -0.1051219 -0.9739107
v -0.0518754 -0.0404122 0.1769569
vn -0.6482471 -0.3956134 0.6505888
v -0.0488912 -0.0394560 0.1809732
vn -0.2869049 -0.3024388 0.9089645
v -0.0307183 -0.0339841 0.1947372
vn -0.8128331 -0.3835005 -0.4384402
v -0.0562770 -0.0319158 0.1769569
vn -0.9334204 -0.3135791 0.1743400
v -0.0622207 -0.0172992 0.1769570
vn -0.8822884 -0.1975518 -0.4272476
v -0.0659619 -0.0030169 0.1769569
vn -0.9651706 -0.1451520 0.2176620
v -0.0690838 0.0139488 0.1769569
vn -0.6892614 -0.0526726 0.7225956
v -0.0672968 0.0205903 0.1797959
vn -0.6635042 -0.0644007 -0.7453957
v -0.0698227 0.0206436 0.1769569
vn -0.9143487 -0.0612868 -0.4002630
v -0.0704120 0.0276790 0.1769569
vn -0.9363010 0.0528819 0.3471946
v -0.0705785 0.0310371 0.1769569
vn -0.6423613 0.1557179 -0.7504158
v -0.0685960 0.0426998 0.1769569
vn -0.9260896 0.3580503 0.1189876
v -0.0666295 0.0488491 0.1769569
vn -0.4469007 -0.1705252 -0.8781804
v -0.0507941 -0.0424150 0.1769276
vn -0.4064596 -0.1388103 -0.9030628
v -0.0504631 -0.0431062 0.1768508
vn 0.2965908 0.2922630 -0.9091844
v -0.0503046 -0.0434439 0.1767936
vn 0.4570683 0.3881129 -0.8002856
v -0.0501451 -0.0438048 0.1767158
vn 0.2706057 0.3594814 -0.8930542
v -0.0499543 -0.0442484 0.1766022
vn 0.3098781 0.4310817 -0.8474339
v -0.0496866 -0.0449008 0.1763858
vn 0.2967533 0.4747301 -0.8285945
v -0.0494169 -0.0456385 0.1760815
vn 0.3759101 0.5168623 -0.7691197
v -0.0492481 -0.0461804 0.1758109
vn -0.0137286 0.4958065 -0.8683245
v -0.0491535 -0.0465270 0.1756171
vn -0.7019770 0.3090306 -0.6416607
v -0.0490571 -0.0469832 0.1753280
vn -0.5425679 0.4847349 -0.6860409
v -0.0489558 -0.0477317 0.1747827
vn -0.9543308 0.2000439 -0.2218902
v -0.0489368 -0.0482459 0.1743496
vn -0.7116975 0.5011388 -0.4922871
v -0.0489520 -0.0485798 0.1740375
vn 0.0427378 0.7233281 -0.6891807
v -0.0489836 -0.0488272 0.1737826
vn 0.1789202 0.7097199 -0.6813848
v -0.0490452 -0.0491906 0.1733904
vn 0.3101284 0.7006941 -0.6425326
v -0.0491194 -0.0494622 0.1730648
vn 0.1703935 0.7617978 -0.6250042
v -0.0492148 -0.0497419 0.1727069
vn -0.3815377 0.8233087 -0.4202282
v -0.0493365 -0.0500144 0.1723211
vn -0.7105957 0.6904329 -0.1354850
v -0.0495172 -0.0503441 0.1718100
vn -0.7022520 0.7094411 -0.0594600
v -0.0497740 -0.0507057 0.1711698
vn -0.8724712 0.4452887 0.2012763
v -0.0500107 -0.0509662 0.1706311
vn -0.8707833 0.4239482 0.2490068
v -0.0504092 -0.0513069 0.1697925
vn -0.5419187 0.8399571 0.0282200
v -0.0507510 -0.0515297 0.1691230
vn -0.8314279 0.4298352 0.3520929
v -0.0508715 -0.0515921 0.1688982
vn -0.3334509 0.9298204 -0.1557064
v -0.0513339 -0.0517743 0.1680854
vn -0.1320582 0.9843532 0.1166599
v -0.0155018 -0.0472895 0.1676760
vn -0.4266137 0.6414325 0.6376246
v -0.0517944 -0.0518898 0.1673362
vn -0.9364990 0.2980422 0.1847715
v -0.0643532 -0.0534873 0.1208567
vn -0.1215908 0.9624927 -0.2425356
v -0.0639342 -0.0537439 0.1225839
vn -0.8751105 0.4705772 0.1128660
v -0.0632399 -0.0533467 0.1294093
vn -0.9371051 0.0985615 0.3348427
v -0.0584917 -0.0527469 0.1542752
vn -0.8713851 -0.0921603 0.4818657
v -0.0541255 -0.0521953 0.1634254
vn -0.6789635 -0.4812980 0.5544013
v -0.0513585 -0.0523922 0.1673459
vn -0.2661021 -0.9524379 0.1484979
v 0.0292417 -0.0368477 0.1949182
vn -0.3367632 -0.8356229 -0.4339642
v 0.0286314 -0.0366889 0.1953280
vn 0.4696891 0.2032098 0.8591263
v 0.0285536 -0.0329922 0.1951610
vn 0.6594477 -0.1087637 0.7438409
v 0.0527446 0.0012657 0.1842769
vn 0.2699797 -0.1871825 0.9444966
v 0.0152425 -0.0184951 0.1996929
vn -0.2241511 -0.1499826 0.9629442
v -0.0030460 -0.0110076 0.2046284
vn 0.3686844 0.0196788 0.9293463
v 0.0272956 -0.0354710 0.1962024
vn 0.1845325 -0.9204813 -0.3444736
v 0.0261994 -0.0368702 0.1963316
vn 0.1908462 -0.3414998 0.9203020
v 0.0054604 -0.0195317 0.2021825
vn 0.4462759 -0.8930949 -0.0567402
v 0.0251439 -0.0372907 0.1964812
vn 0.1329862 -0.1730410 0.9758952
v 0.0150896 -0.0296864 0.1976306
vn 0.6391001 -0.7242352 -0.2589102
v 0.0240581 -0.0380214 0.1965193
vn 0.1458937 0.0110843 0.9892382
v 0.0248570 -0.0369529 0.1966213
vn 0.6242779 -0.3914675 -0.6760402
v 0.0234530 -0.0386904 0.1964839
vn -0.2210860 -0.1227987 0.9674924
v -0.0204777 -0.0075486 0.2015924
vn 0.8604909 -0.3246318 -0.3926443
v 0.0229743 -0.0395329 0.1963840
vn 0.9654348 -0.2360888 0.1104431
v 0.0225930 -0.0407469 0.1961507
vn 0.9333389 -0.0910297 0.3472636
v 0.0225034 -0.0420297 0.1957947
vn -0.2206073 -0.6765916 0.7025356
v 0.0217459 -0.0441790 0.1944889
vn 0.9043459 0.1149812 0.4110205
v 0.0228590 -0.0436449 0.1951142
vn 0.8397083 0.3517794 0.4136923
v 0.0234670 -0.0447476 0.1943551
vn 0.4938003 -0.1482345 0.8568476
v 0.0245974 -0.0456575 0.1933858
vn 0.4764813 0.4647709 0.7462933
v 0.0257615 -0.0460749 0.1926717
vn 0.0378436 -0.9332643 0.3571914
v 0.0257841 -0.0466460 0.1914029
vn 0.3296543 0.1564128 0.9310548
v 0.0272141 -0.0460675 0.1920234
vn 0.4588982 -0.8329622 0.3091705
v 0.0288842 -0.0461171 0.1899569
vn 0.0859270 0.0629063 0.9943135
v 0.0299017 -0.0446587 0.1912809
vn 0.2991522 -0.0794542 0.9508917
v 0.0287060 -0.0455704 0.1915150
vn 0.8452927 -0.4430591 0.2986285
v 0.0312732 -0.0435212 0.1902085
vn -0.1740939 -0.0409584 0.9838769
v 0.0311566 -0.0428567 0.1913857
vn 0.8025678 -0.1954515 0.5636343
v 0.0329286 -0.0400196 0.1901466
vn -0.8445197 -0.4560167 -0.2807760
v 0.0312277 -0.0385868 0.1931080
vn -0.9314692 0.2823263 0.2294713
v 0.0316198 -0.0414139 0.1917744
vn -0.9755272 -0.1502852 0.1605029
v 0.0316155 -0.0399331 0.1924004
vn -0.8461837 -0.4709582 -0.2493423
v 0.0307236 -0.0378632 0.1936810
vn -0.7654360 -0.4624074 -0.4475346
v 0.0302578 -0.0374173 0.1941114
vn 0.6849336 -0.0037920 0.7285957
v 0.0309199 -0.0357718 0.1938672
vn 0.8979633 0.3275182 0.2939280
v 0.0732339 -0.0150958 0.1158517
vn 0.9863067 -0.1636455 -0.0204763
v 0.0741069 -0.0062208 0.0982211
vn 0.9512972 -0.3008059 0.0674506
v 0.0703491 -0.0158459 0.1290207
vn 0.1109461 -0.9877528 -0.1097060
v 0.0740263 -0.0174255 0.1146704
vn -0.6529686 -0.6086072 -0.4508095
v 0.0737545 -0.0178094 0.1158252
vn 0.8993847 0.0839350 0.4290245
v 0.0731412 -0.0180840 0.1175181
vn -0.0629737 -0.7027090 -0.7086850
v 0.0734894 -0.0182452 0.1165659
vn 0.3850767 -0.7587494 -0.5253716
v 0.0732281 -0.0188078 0.1172028
vn -0.2988743 -0.4922661 -0.8175257
v 0.0730671 -0.0192762 0.1175747
vn 0.7543755 0.0049528 0.6564244
v 0.0727519 -0.0201581 0.1182356
vn 0.2321461 -0.4890513 -0.8407955
v 0.0729068 -0.0197406 0.1178587
vn 0.6907013 -0.3795138 -0.6155494
v 0.0728257 -0.0200757 0.1180093
vn 0.9526416 -0.0263263 0.3029537
v 0.0712025 -0.0157595 0.1207107
vn 0.4765680 -0.2915833 -0.8293746
v 0.0727374 -0.0205991 0.1181799
vn 0.3783097 -0.2109508 -0.9013221
v 0.0726639 -0.0210663 0.1182791
vn -0.6541920 0.1978150 -0.7300014
v 0.0724532 -0.0218814 0.1183501
vn 0.7917323 -0.1678025 0.5873691
v 0.0713613 -0.0219174 0.1198000
vn -0.2191443 0.2561891 -0.9414579
v 0.0721978 -0.0227515 0.1182669
vn 0.9605083 -0.1990488 0.1944308
v 0.0719669 -0.0238520 0.1179605
vn 0.0828937 0.4758885 -0.8755906
v 0.0719397 -0.0241525 0.1177945
vn 0.6578311 -0.5619468 0.5014719
v 0.0699227 -0.0266964 0.1183305
vn 0.7341952 -0.5738279 0.3628759
v 0.0715197 -0.0258905 0.1168076
vn 0.5772275 -0.7976443 0.1748488
v 0.0701641 -0.0281715 0.1145939
vn 0.6215883 -0.7675827 -0.1563485
v 0.0705071 -0.0279570 0.1105331
vn 0.9683740 -0.2463575 0.0394942
v 0.0699016 -0.0268187 0.1038877
vn 0.6158678 0.4489848 -0.6473944
v 0.0717768 -0.0250132 0.1172174
vn 0.7592982 0.4305427 -0.4879543
v 0.0716826 -0.0255801 0.1167076
vn 0.9070473 0.2955639 -0.2998455
v 0.0716497 -0.0258218 0.1164247
vn 0.7083567 0.6035594 -0.3659875
v 0.0716104 -0.0263392 0.1156604
vn 0.3195912 0.9024674 -0.2888149
v 0.0716045 -0.0266670 0.1150091
vn -0.5775760 0.7700673 -0.2709287
v 0.0716167 -0.0268790 0.1143451
vn 0.1183914 0.9880714 -0.0984802
v 0.0716411 -0.0270055 0.1137216
vn -0.9567817 0.2531724 -0.1430821
v 0.0716652 -0.0270249 0.1130473
vn 0.1465131 0.9751679 0.1660772
v 0.0717725 -0.0269773 0.1121920
vn -0.1196834 0.9428183 0.3110780
v 0.0718718 -0.0267770 0.1113867
vn -0.1255164 0.8416864 0.5251758
v 0.0719529 -0.0265536 0.1108620
vn 0.0742085 0.8789707 0.4710664
v 0.0720820 -0.0262142 0.1102580
vn 0.5690438 -0.6851161 -0.4547584
v 0.0721390 -0.0257011 0.1094036
vn 0.6698515 0.2547805 0.6974138
v 0.0721779 -0.0258160 0.1097636
vn 0.7837663 -0.4333118 -0.4449172
v 0.0718756 -0.0237940 0.1070428
vn 0.9879540 -0.1542728 -0.0121162
v 0.0726577 -0.0101625 0.0891701
vn 0.7320266 0.4890077 0.4743508
v 0.0723035 -0.0253903 0.1093474
vn 0.2724590 0.4101643 0.8703628
v 0.0725430 -0.0247580 0.1088653
vn 0.0000000 0.0000000 0.0000000
v 0.0727674 -0.0241258 0.1085364
vn 0.9483674 0.0672467 0.3099633
v 0.0725317 -0.0245887 0.1087272
vn -0.6314539 0.1095236 0.7676396
v 0.0258296 -0.0049939 0.1141836
vn -0.1056575 0.2920097 0.9505613
v 0.0729264 -0.0234268 0.1083190
vn -0.2049285 0.1837183 0.9613802
v 0.0730326 -0.0229891 0.1082390
vn 0.3521230 -0.4977948 0.7925968
v 0.0733008 -0.0219733 0.1082169
vn 0.4888910 -0.3445411 0.8014219
v 0.0735511 -0.0209982 0.1083940
vn 0.7693131 -0.2094117 -0.6035761
v 0.0732584 -0.0214337 0.1078665
vn 0.9492192 0.0815767 -0.3038555
v 0.0739368 -0.0189618 0.1090832
vn 0.3274496 -0.4950430 0.8048038
v 0.0737453 -0.0202116 0.1086992
vn 0.2849292 -0.4577162 0.8422062
v 0.0738585 -0.0197485 0.1089650
vn 0.9582130 -0.1110649 -0.2636144
v 0.0725756 -0.0171852 0.1057641
vn 0.2521769 -0.9404842 0.2278076
v 0.0740703 -0.0190546 0.1095087
vn 0.1980609 -0.7306386 0.6534058
v 0.0741248 -0.0187299 0.1098258
vn -0.7184461 -0.5167171 0.4656595
v 0.0741754 -0.0182215 0.1104779
vn 0.7995377 0.6006015 0.0041719
v 0.0740390 -0.0168329 0.1133675
vn 0.7349837 -0.6576660 0.1651497
v 0.0742038 -0.0174385 0.1122171
vn 0.3484021 -0.9292969 0.1225695
v 0.0741702 -0.0172862 0.1131143
vn 0.3308996 -0.9436273 -0.0085474
v 0.0741242 -0.0172850 0.1137545
vn 0.6665092 0.6704823 0.3259126
v 0.0357485 0.0894278 0.1413792
vn -0.9006476 0.2148160 -0.3777405
v 0.0173171 0.0623897 0.1357616
vn -0.0078684 0.7638230 -0.6453779
v 0.0348328 0.0905710 0.1412391
vn 0.4107251 0.6845796 0.6022090
v 0.0329152 0.0907520 0.1428491
vn 0.0545466 0.8358966 -0.5461700
v 0.0338651 0.0908888 0.1418222
vn 0.1846678 0.7630767 -0.6193640
v 0.0328552 0.0913529 0.1421788
vn 0.2976530 0.7025836 -0.6463583
v 0.0318460 0.0918146 0.1422844
vn 0.3412434 0.8776267 0.3366370
v 0.0272383 0.0880510 0.1544836
vn 0.5239294 0.6428892 -0.5587410
v 0.0308638 0.0922836 0.1421258
vn 0.6363075 0.4792659 -0.6044974
v 0.0299614 0.0927599 0.1417758
vn 0.6871292 0.6487601 -0.3270533
v 0.0292367 0.0931892 0.1412522
vn 0.8622658 0.1313207 -0.4891346
v 0.0284873 0.0936944 0.1403690
vn 0.8254806 0.5467288 -0.1402480
v 0.0279080 0.0941535 0.1391779
vn 0.8368419 0.5466285 -0.0298831
v 0.0277475 0.0943032 0.1385537
vn -0.1701417 0.9633774 0.2072582
v 0.0263958 0.0940093 0.1392596
vn -0.1398873 0.9900158 0.0173290
v 0.0266319 0.0944888 0.1356618
vn 0.0630984 0.8797044 0.4713160
v 0.0056235 0.0866024 0.1692839
vn 0.9595301 0.2809232 -0.0195987
v 0.0276697 0.0944676 0.1375687
vn 0.9657642 -0.1948089 0.1713156
v 0.0277642 0.0945826 0.1365664
vn 0.9255150 0.1400746 0.3518539
v 0.0279359 0.0946128 0.1359807
vn 0.8744652 -0.0631014 0.4809667
v 0.0282681 0.0946191 0.1352117
vn 0.7427238 0.2926476 0.6022613
v 0.0287552 0.0945523 0.1344628
vn 0.6457818 0.0425493 0.7623356
v 0.0295506 0.0943599 0.1336048
vn 0.2679696 0.9119151 -0.3108105
v 0.0312235 0.0935801 0.1315780
vn 0.4921190 0.5920985 0.6381522
v 0.0308057 0.0940132 0.1328391
vn 0.3036287 0.1104304 0.9463692
v 0.0313663 0.0937750 0.1326148
vn 0.2250718 0.4476245 0.8654334
v 0.0320426 0.0935650 0.1324860
vn 0.1786764 0.5878590 0.7889845
v 0.0330110 0.0932556 0.1324599
vn -0.0152953 0.0582847 0.9981829
v 0.0336146 0.0930438 0.1325430
vn 0.4821059 0.8371401 -0.2583995
v 0.0341942 0.0925380 0.1320725
vn -0.4049656 0.3590967 0.8408641
v 0.0345582 0.0925752 0.1328565
vn -0.0628971 0.6953880 0.7158768
v 0.0351354 0.0922638 0.1331780
vn -0.0653931 0.7858022 0.6150111
v 0.0354784 0.0920408 0.1334460
vn 0.8406085 0.5213020 0.1470430
v 0.0375560 0.0896254 0.1370610
vn 0.5948004 0.7811090 0.1899507
v 0.0402793 0.0864539 0.1377487
vn -0.2800546 0.6556600 0.7011986
v 0.0359730 0.0916699 0.1339703
vn 0.8001074 0.5979667 -0.0475822
v 0.0369378 0.0908177 0.1348681
vn -0.3081769 0.9465628 0.0951098
v 0.0364092 0.0913130 0.1346428
vn -0.3031344 0.8537004 0.4234445
v 0.0367690 0.0909540 0.1355028
vn -0.2989700 0.8950810 0.3308278
v 0.0368728 0.0908123 0.1359504
vn -0.2193602 0.9543866 0.2025521
v 0.0369555 0.0905239 0.1370479
vn -0.4548566 0.8905643 0.0009228
v 0.0367587 0.0903148 0.1382801
vn 0.1018977 0.9931853 0.0565667
v 0.0364668 0.0902596 0.1391084
vn -0.3793060 0.8869716 -0.2634547
v 0.0361443 0.0902968 0.1397659
vn -0.6026734 0.7544424 -0.2600028
v 0.0358393 0.0903370 0.1402094
vn -0.8764495 -0.4802823 0.0341370
v -0.0072701 -0.0878658 0.0685973
vn -0.5951281 -0.5154024 0.6165898
v -0.0079263 -0.0896601 0.0655294
vn -0.5891649 0.1103271 -0.8004453
v -0.0081883 -0.0917464 0.0711268
vn -0.2864127 0.1474673 -0.9466896
v -0.0096944 -0.0972870 0.0703766
vn 0.4133862 -0.1220299 -0.9023417
v -0.0194849 -0.1028778 0.0619062
vn -0.7560979 -0.5581133 0.3417976
v -0.0172830 -0.0940920 0.0840520
vn 0.0438970 -0.6651731 -0.7453978
v -0.0083016 -0.0877552 0.0711409
vn 0.3161963 -0.9406338 0.1234011
v -0.0092890 -0.0874936 0.0683778
vn -0.6303936 0.4981396 -0.5953662
v 0.0017526 -0.1044169 0.0679547
vn -0.7686146 -0.5691976 0.2919688
v 0.0104646 -0.0964530 0.0588660
vn 0.4893697 -0.4307036 -0.7582953
v -0.0020008 -0.0878242 0.0725685
vn -0.5953849 -0.4428145 -0.6703970
v 0.0001072 -0.0878314 0.0721059
vn 0.2885542 0.5031006 -0.8146327
v -0.0004637 -0.1039510 0.0696918
vn 0.5936553 0.7680532 -0.2401411
v -0.0011597 -0.1061510 0.0670610
vn -0.1254800 -0.6111887 -0.7814750
v -0.0798055 0.0149027 0.0801507
vn -0.3528097 -0.8891073 -0.2915708
v -0.0882543 0.0177159 0.0757562
vn -0.5588351 -0.7324645 -0.3888433
v -0.0782835 0.0174963 0.0771931
vn -0.8910601 -0.2997859 -0.3407937
v -0.0763772 0.0139240 0.0792347
vn 0.2436929 0.7523118 -0.6120790
v 0.0369687 -0.0020330 0.0762445
vn -0.1226914 -0.9924413 0.0026694
v 0.0391512 0.0033554 0.0738933
vn 0.9824563 -0.1762989 -0.0608145
v 0.0664579 -0.0294536 0.1268499
vn 0.9608252 -0.1269556 -0.2463682
v 0.0674443 -0.0310659 0.1313315
vn 0.0236515 -0.9966477 -0.0783205
v 0.0733324 0.0196607 0.0733120
vn -0.5047626 -0.8525409 -0.1356054
v -0.0322067 -0.0891624 0.0213513
vn 0.3675721 -0.8543251 0.3674498
v -0.0160939 -0.0921978 0.0604483
vn -0.3423136 -0.9068002 0.2460384
v -0.0142008 -0.1023380 0.0479118
vn -0.4530345 -0.7460589 0.4880123
v -0.0136982 -0.0999599 0.0552079
vn -0.7116382 -0.6936781 0.1112738
v -0.0093200 -0.1020002 0.0588955
vn -0.8116679 -0.3008931 0.5006583
v -0.0116053 -0.0988647 0.0598402
vn -0.3285491 -0.8557352 -0.3997160
v -0.0343066 -0.0890751 0.0235673
vn -0.6875380 -0.7260928 0.0089878
v -0.0359432 -0.0903181 0.0329022
vn -0.7119903 -0.6986405 -0.0705080
v -0.0434886 -0.0821091 0.0247593
vn 0.6779513 -0.1736363 -0.7143056
v -0.0103469 -0.0905255 0.0702189
vn 0.0785605 -0.8795171 0.4693379
v -0.0119088 -0.0906439 0.0635453
vn 0.7226932 -0.6096965 -0.3255530
v -0.0144027 -0.0914841 0.0649326
vn 0.0833837 0.9674736 -0.2388346
v 0.0287551 0.0942056 0.1322461
vn 0.1424464 0.8303697 0.5386977
v 0.0292465 0.0925686 0.1423567
vn 0.8404197 -0.5358065 -0.0812788
v -0.0003827 -0.1029824 0.0566050
vn -0.7619232 -0.1695853 -0.6250711
v -0.0070107 -0.1053888 0.0572866
vn 0.2170073 0.8285435 -0.5161623
v -0.0101136 -0.1060088 0.0673269
vn -0.7376962 -0.2310889 0.6343518
v -0.0213182 -0.1007691 0.0684552
vn -0.8281801 -0.0145244 0.5602739
v -0.0097541 -0.0951057 0.0621912
vn -0.5469220 -0.8083323 0.2178884
v -0.0259103 -0.0978103 0.0405015
vn -0.2852617 -0.8136781 -0.5065113
v -0.0172657 -0.1021705 0.0321027
vn -0.7392833 -0.6688811 -0.0778346
v -0.0500036 -0.0750449 0.0256458
vn -0.4829536 -0.8061572 -0.3418573
v -0.0477713 -0.0833524 0.0501477
vn -0.7083592 -0.6971471 -0.1105138
v -0.0485251 -0.0773125 0.0354516
vn -0.5175352 -0.8414176 -0.1554796
v -0.0276455 -0.0973417 0.0324570
vn -0.6598684 -0.7513072 0.0105530
v -0.0265022 -0.0940725 0.0157360
vn -0.5192273 -0.8526925 0.0576072
v -0.0248923 -0.0990894 0.0363434
vn 0.2453415 -0.6792268 0.6917070
v -0.0171120 -0.0954521 0.0573288
vn 0.8478194 -0.4846581 -0.2151949
v -0.0185932 -0.0952701 0.0617839
vn -0.4074360 -0.8957371 0.1779073
v -0.0172724 -0.1024906 0.0413368
vn -0.4544810 -0.5046282 0.7340283
v -0.0128156 -0.0937859 0.0596331
vn 0.6864294 0.1124628 -0.7184475
v -0.0130677 -0.1004705 0.0671790
vn -0.6632076 -0.7463052 -0.0564289
v -0.0413804 -0.0844041 0.0366865
vn -0.4217976 -0.7919750 -0.4414322
v -0.0305458 -0.0935341 0.0274597
vn -0.9931964 0.1147280 0.0199617
v -0.0074111 -0.0935119 0.0671124
vn 0.3133169 -0.9254399 0.2130579
v 0.0039157 -0.1041607 0.0452251
vn 0.2350438 -0.9653619 0.1132733
v 0.0034301 -0.1050263 0.0403882
vn -0.2600726 -0.8383059 -0.4791717
v -0.0225550 -0.0981578 0.0287661
vn -0.4556680 -0.8329544 -0.3139327
v -0.0325389 -0.0932786 0.0295240
vn -0.6615392 -0.6841335 -0.3071274
v -0.0237594 -0.0966963 0.0537885
vn 0.1617974 0.4151576 -0.8952462
v -0.0144216 -0.1057709 0.0630177
vn -0.6473970 -0.7008018 -0.2995896
v -0.0545996 -0.0801687 0.0544726
vn -0.0355502 -0.9818104 0.1865063
v -0.0308705 -0.0883845 0.0851986
vn -0.2515251 -0.9664206 0.0525966
v -0.0419772 -0.0878821 0.0823954
vn -0.5511700 -0.8021403 -0.2297447
v -0.0515469 -0.0840462 0.0582101
vn -0.6166071 -0.7284462 -0.2985998
v -0.0496336 -0.0787046 0.0437979
vn -0.0466974 -0.9942377 -0.0964928
v -0.0308525 -0.0901127 0.0665327
vn -0.4189456 -0.8899135 -0.1803845
v -0.0412911 -0.0862311 0.0492133
vn -0.8723543 0.3315295 -0.3592857
v -0.0072124 -0.1051244 0.0668060
vn -0.9863822 -0.1613808 0.0317260
v -0.0083324 -0.0999770 0.0662733
vn -0.2636452 0.3178224 -0.9107580
v -0.0093777 -0.1033737 0.0702881
vn -0.8088068 -0.5708688 0.1412109
v -0.0640857 -0.0722534 0.0808005
vn -0.7684805 -0.6387081 0.0385978
v -0.0621390 -0.0753137 0.0763641
vn -0.6412673 -0.7636661 0.0747696
v -0.0538040 -0.0806955 0.0934756
vn -0.4875328 -0.8707548 0.0640144
v -0.0487837 -0.0834161 0.0952314
vn -0.6752540 -0.7367232 0.0356518
v -0.0581879 -0.0794557 0.0752785
vn -0.2480871 -0.9682616 0.0303696
v -0.0445950 -0.0883317 0.0712278
vn -0.5924376 -0.7981191 0.1096526
v -0.0360669 -0.0885264 0.0433383
vn -0.9928226 -0.0073393 0.1193713
v -0.0073947 -0.1037971 0.0625975
vn -0.2380240 -0.9549358 0.1773197
v -0.0092279 -0.1032200 0.0497470
vn 0.0193580 -0.9992967 0.0321141
v -0.0030942 -0.1068351 0.0354947
vn -0.2270689 -0.9276969 -0.2963413
v -0.0085228 -0.1058082 0.0333882
vn -0.6323444 0.7727089 -0.0553312
v -0.0078661 -0.1067516 0.0647545
vn -0.7737548 -0.6311637 -0.0541853
v -0.0612872 -0.0760019 0.0686010
vn -0.3789303 -0.9239571 -0.0521074
v -0.0150100 -0.1039200 0.0358206
vn -0.2572559 -0.5391971 0.8019264
v -0.0134283 -0.1050139 0.0129571
vn -0.4381897 -0.8893335 0.1306739
v -0.0312331 -0.0901361 0.0505665
vn -0.1857483 -0.7587436 -0.6243442
v -0.0238829 -0.1005836 0.0591683
vn 0.6916394 -0.4159687 -0.5904279
v -0.0204928 -0.0994243 0.0602491
vn -0.3413828 -0.9370148 0.0738996
v -0.0436897 -0.0865309 0.0917636
vn -0.5718334 -0.7753547 0.2680143
v -0.0280360 -0.0944195 0.0452715
vn -0.9251101 -0.3369063 -0.1751159
v -0.0257480 -0.0974841 0.0588542
vn 0.2516998 -0.9601595 0.1214124
v -0.0196617 -0.0978728 0.0561888
vn -0.6097076 -0.7702919 0.1868344
v -0.0128438 -0.1128438 0.0696289
vn -0.6576976 -0.7517887 -0.0474095
v -0.0138726 -0.1120746 0.0666227
vn -0.5513467 -0.4834451 -0.6799248
v -0.0150514 -0.1098470 0.0628976
vn -0.5307264 0.1162493 -0.8395330
v -0.0107435 -0.1090378 0.0599024
vn -0.4052455 -0.6534845 -0.6393232
v -0.0198512 -0.1050505 0.0625116
vn -0.5687860 -0.8145818 0.1137500
v -0.0525007 -0.0826939 0.0881070
vn -0.7249501 -0.6716447 0.1527766
v -0.0587021 -0.0773722 0.0858183
vn -0.8148233 -0.5626180 0.1397284
v -0.0596831 -0.0732852 0.0931057
vn -0.4156806 0.8841734 -0.2131834
v -0.0094428 -0.1070594 0.0618765
vn -0.0448031 -0.9845558 0.1692408
v -0.0045219 -0.1047753 0.0439460
vn -0.7146155 -0.6398189 -0.2827658
v -0.0593059 -0.0739007 0.0521322
vn -0.7094967 -0.6964844 -0.1073501
v -0.0580577 -0.0791332 0.0633209
vn -0.2092528 -0.9695798 0.1269973
v -0.0093407 -0.1055720 0.0386743
vn -0.6329051 -0.7608739 0.1431851
v -0.0315398 -0.0936311 0.0393209
vn -0.1088531 -0.8727028 -0.4759631
v -0.0156548 -0.0977657 0.0280191
vn -0.7186893 -0.6902308 0.0840664
v -0.0269388 -0.0922858 0.0532961
vn -0.5015821 -0.8541222 0.1374441
v -0.0197000 -0.0989887 0.0498069
vn -0.4373497 -0.5716277 -0.6942385
v -0.0104007 -0.1124316 0.0611677
vn -0.5841665 -0.8108321 -0.0360673
v -0.0523805 -0.0847034 0.0658800
vn -0.2973476 -0.9535497 0.0482425
v -0.0295950 -0.0894624 0.0589319
vn 0.0493071 -0.9702225 -0.2371438
v -0.0041187 -0.1155362 0.0641704
vn -0.2977737 -0.9545943 -0.0089831
v -0.0077992 -0.1156652 0.0669368
vn -0.3942042 -0.8630813 -0.3157430
v -0.0092312 -0.1144819 0.0637004
vn -0.1656466 -0.7386879 -0.6533770
v -0.0068484 -0.1136848 0.0606701
vn 0.5085840 0.0214585 -0.8607450
v 0.0054112 -0.1084171 0.0614614
vn -0.2675188 -0.3553949 -0.8956161
v -0.0069927 -0.1088554 0.0579832
vn 0.9850591 0.1718316 -0.0115150
v -0.0018225 -0.0999064 0.0673720
vn -0.5784960 -0.8059975 -0.1253413
v 0.0003084 -0.0857918 0.0692919
vn 0.5662004 0.0276598 -0.8238034
v -0.0024072 -0.0911964 0.0730357
vn 0.3966559 -0.9142781 -0.0822166
v -0.0015907 -0.0853727 0.0696971
vn 0.9355559 -0.3414587 0.0902282
v -0.0030732 -0.0875243 0.0698403
vn 0.3155938 -0.8109792 0.4926595
v 0.0012378 -0.0889845 0.1003745
vn 0.5038163 -0.7326547 0.4575875
v 0.0072716 -0.0905988 0.0924964
vn 0.6651285 -0.6493287 0.3687497
v 0.0068363 -0.0949258 0.0862146
vn 0.5799996 -0.5277097 0.6205828
v 0.0028857 -0.1043956 0.0819449
vn 0.1673716 -0.6484032 0.7426710
v -0.0042666 -0.1088643 0.0829196
vn -0.5794665 -0.8129014 0.0583945
v -0.0522632 -0.0839875 0.0755678
vn -0.7443434 -0.6509201 -0.1491844
v -0.0556263 -0.0790432 0.0998571
vn -0.1407331 -0.9489475 0.2822993
v -0.0074463 -0.1147842 0.0716539
vn 0.2048636 -0.9688233 0.1393281
v -0.0023674 -0.1157142 0.0683312
vn 0.4434494 -0.8956339 -0.0345346
v 0.0010923 -0.1145855 0.0665201
vn 0.5230173 0.2969486 -0.7989208
v -0.0014527 -0.0967655 0.0720733
vn -0.6163314 0.0413097 -0.7864027
v 0.0055491 -0.0956390 0.0663063
vn 0.9744753 0.0515517 -0.2184953
v -0.0034950 -0.0920812 0.0708121
vn 0.9369587 -0.0335230 0.3478285
v -0.0029773 -0.0914405 0.0672817
vn -0.1111419 -0.8324907 0.5427769
v -0.0000833 -0.0865588 0.0661535
vn 0.3274972 -0.9035735 0.2762257
v 0.0026603 -0.1021229 0.0522227
vn -0.8527579 -0.4876019 0.1872127
v -0.0637255 -0.0652363 0.0973094
vn -0.5916023 -0.4974348 0.6344805
v -0.0536103 -0.0674798 0.0129569
vn -0.7653538 -0.6276801 -0.1423072
v -0.0513042 -0.0727956 0.0202405
vn -0.6965327 -0.6821954 -0.2223773
v -0.0583898 -0.0683512 0.0384158
vn -0.1067460 -0.6111346 -0.7842957
v -0.0089004 -0.1030493 0.0304392
vn -0.2125723 -0.9466727 0.2421239
v -0.0107545 -0.1056266 0.0189116
vn -0.8142610 -0.5145143 0.2688012
v -0.0186266 -0.0956828 0.0749624
vn 0.4187424 -0.7133618 0.5619340
v -0.0001194 -0.1099526 0.0799273
vn -0.2932958 -0.9374023 -0.1877620
v -0.0430512 -0.0879722 0.0574010
vn 0.9319982 -0.1163321 0.3432875
v -0.0003583 -0.0999100 0.0627744
vn -0.3342815 -0.0226935 -0.9422001
v -0.0004848 -0.0907580 0.0732446
vn -0.0826980 -0.9482664 0.3065157
v -0.0077147 -0.0987308 0.0261544
vn -0.7743627 -0.3291795 0.5403733
v -0.0212892 -0.0956636 0.0696068
vn -0.8603473 -0.4673351 0.2034712
v -0.0242913 -0.1016502 0.0642666
vn -0.9624894 -0.1581858 0.2204347
v -0.0256103 -0.0970589 0.0633672
vn -0.8288790 -0.1833365 0.5285332
v -0.0245647 -0.0948328 0.0659147
vn -0.4371947 -0.8985335 0.0387082
v -0.0479824 -0.0871679 0.0698040
vn 0.1100451 -0.6386993 -0.7615467
v -0.0034841 -0.1121825 0.0592889
vn 0.7931697 0.6088971 0.0112366
v -0.0007550 -0.1056533 0.0621012
vn -0.5210992 0.2267838 -0.8228151
v 0.0008787 -0.0984556 0.0713563
vn -0.7710422 -0.5745646 -0.2745351
v 0.0031175 -0.0896610 0.0672205
vn 0.6982971 -0.3271499 0.6366743
v -0.0008190 -0.0899724 0.0645384
vn -0.0291589 -0.9838245 -0.1767459
v -0.0043792 -0.1034643 0.0533158
vn -0.7953978 -0.5837919 -0.1628785
v -0.0630684 -0.0722699 0.0601171
vn -0.3178912 -0.7423493 0.5897989
v -0.0084773 -0.1102520 0.0808151
vn -0.5846887 -0.7815365 0.2175776
v -0.0206502 -0.0927870 0.0790660
vn -0.1515962 -0.9851416 -0.0807128
v -0.0354663 -0.0889503 0.0557659
vn 0.0790206 -0.8773125 0.4733694
v -0.0039940 -0.1123718 0.0776564
vn -0.0917203 -0.7155099 0.6925555
v 0.0076346 -0.0949353 0.0579088
vn -0.3154359 -0.9326510 0.1751067
v 0.0057923 -0.0909292 0.0627114
vn 0.0946816 -0.9779171 0.1863156
v -0.0002073 -0.1047268 0.0455159
vn 0.2951622 -0.9209475 -0.2544307
v 0.0022560 -0.1056250 0.0350778
vn -0.8521827 -0.5220966 -0.0346383
v -0.0679359 -0.0667857 0.0714132
vn -0.9116287 -0.4101348 -0.0268797
v -0.0603101 -0.0716803 0.1001519
vn -0.9636682 -0.2397970 0.1176476
v -0.0609716 -0.0703772 0.1085361
vn -0.7822884 -0.5808418 -0.2250507
v -0.0645440 -0.0645795 0.0459204
vn 0.0328958 -0.9866767 0.1593329
v -0.0029854 -0.1067573 0.0163620
vn -0.4048719 -0.9069449 0.1163179
v -0.0473470 -0.0858051 0.0874226
vn 0.0672470 -0.9964173 0.0512884
v -0.0329365 -0.0873991 0.0924748
vn -0.2654185 -0.9303516 0.2529803
v -0.0252021 -0.0894885 0.0821412
vn -0.3867667 -0.9195269 0.0698697
v -0.0475480 -0.0861736 0.0808193
vn -0.3940771 -0.9118636 -0.1149265
v -0.0470532 -0.0872030 0.0606864
vn 0.5329530 -0.7892620 0.3050027
v 0.0034185 -0.1117703 0.0732595
vn 0.2501866 -0.8971570 0.3640275
v -0.0004391 -0.1136551 0.0733270
vn -0.8067678 0.0470714 -0.5889907
v 0.0026049 -0.0963818 0.0690635
vn 0.3033937 -0.8626257 -0.4047581
v 0.0002033 -0.1143622 0.0631234
vn 0.2822417 -0.4402640 -0.8523539
v -0.0026026 -0.1051924 0.0560857
vn -0.8713517 -0.4785651 0.1082667
v -0.0693766 -0.0640351 0.0795902
vn 0.0834136 -0.6280465 -0.7736923
v -0.0001090 -0.1019748 0.0297857
vn 0.0805198 -0.8308029 -0.5507115
v -0.0033355 -0.1063497 0.0328146
vn -0.0680300 -0.5962907 0.7998809
v -0.0111421 -0.1014315 0.0241043
vn -0.9658965 -0.2547555 -0.0462986
v -0.0263921 -0.0931415 0.0581664
vn -0.7539079 -0.5943117 0.2800295
v -0.0209726 -0.1044737 0.0668373
vn -0.3367327 0.6447865 -0.6861935
v 0.0037246 -0.1053275 0.0642370
vn 0.6625128 0.4416035 -0.6050315
v 0.0006252 -0.1068863 0.0600668
vn 0.4633588 -0.2256588 -0.8569579
v 0.0000148 -0.1099160 0.0586598
vn -0.7809600 -0.3671398 -0.5052820
v 0.0087652 -0.0943854 0.0636441
vn -0.7109078 -0.7005657 0.0617882
v 0.0088696 -0.0926011 0.0619109
vn -0.8194293 -0.5240536 0.2321712
v -0.0653085 -0.0676659 0.0873970
vn -0.6601948 -0.7184908 -0.2188923
v -0.0549617 -0.0822997 0.1056641
vn -0.9068727 -0.3819988 0.1779290
v -0.0634062 -0.0616158 0.1088443
vn -0.7235942 -0.6771842 -0.1335400
v -0.0579521 -0.0662260 0.0260028
vn 0.4035867 -0.9115915 -0.0782218
v 0.0070911 -0.1038113 0.0364769
vn 0.0522015 -0.8080522 0.5867935
v -0.0028376 -0.1044584 0.0214384
vn -0.0929165 -0.7868022 0.6101712
v -0.0096934 -0.1043799 0.0215966
vn -0.8385611 -0.5070416 0.1993093
v -0.0264608 -0.0907723 0.0628462
vn -0.5057737 -0.7767728 0.3752559
v -0.0113374 -0.1117020 0.0755321
vn -0.8101635 -0.4396037 0.3877934
v -0.0169789 -0.1072702 0.0702377
vn -0.8309661 -0.2880950 0.4759166
v -0.0180200 -0.0991002 0.0723088
vn 0.5445351 -0.5735083 0.6120211
v 0.0038593 -0.0986724 0.0574270
vn -0.8823082 -0.4508225 -0.1352451
v -0.0593903 -0.0761291 0.1049282
vn -0.6127816 -0.7247117 0.3151058
v -0.0534636 -0.0828703 0.1147078
vn -0.7801099 -0.6208354 0.0774085
v -0.0570331 -0.0807755 0.1101769
vn 0.1422206 -0.4810061 0.8651049
v 0.0017015 -0.1061556 0.0129570
vn -0.0308615 -0.3523315 0.9353663
v -0.0048389 -0.1065097 0.0129569
vn -0.2726312 -0.9616000 0.0315863
v -0.0255090 -0.0909124 0.0715203
vn -0.2607978 -0.6703122 0.6947418
v -0.0066731 -0.1008172 0.0884095
vn -0.7389342 -0.5442988 0.3971337
v -0.0138074 -0.1089282 0.0761239
vn -0.7260956 -0.6246923 0.2873060
v -0.0225111 -0.0924031 0.0706682
vn -0.5301945 -0.8245369 -0.1975669
v -0.0497673 -0.0832392 0.0992988
vn 0.5518209 -0.6864665 -0.4735585
v 0.0035958 -0.1117838 0.0619285
vn 0.6987149 -0.7053277 0.1196259
v 0.0054378 -0.1113989 0.0685259
vn 0.1194085 -0.7006050 0.7034873
v 0.0032190 -0.0920667 0.0614158
vn -0.9093679 -0.3836773 0.1607538
v -0.0742109 -0.0496256 0.0895526
vn -0.9224389 -0.3486252 0.1660333
v -0.0593663 -0.0764711 0.1099797
vn -0.9126768 -0.2557695 0.3187524
v -0.0588872 -0.0733586 0.1141189
vn -0.6968641 -0.5738452 0.4302117
v -0.0512745 -0.0795519 0.1234278
vn 0.4695776 -0.8552387 0.2192345
v 0.0099871 -0.1011558 0.0456347
vn 0.2442170 -0.9552430 -0.1669398
v 0.0062140 -0.0968940 0.0268795
vn 0.0650622 -0.9940808 -0.0870078
v -0.0005957 -0.0986132 0.0265800
vn 0.3010456 -0.6503927 0.6973959
v 0.0063943 -0.1014916 0.0229344
vn -0.5542392 -0.7089776 0.4360847
v -0.0458729 -0.0811764 0.1287502
vn -0.5578085 -0.8296915 0.0214869
v -0.0531145 -0.0843051 0.1104801
vn 0.7625551 -0.4818126 0.4317017
v 0.0051058 -0.1079629 0.0763783
vn -0.8681315 -0.4607793 -0.1844724
v -0.0674891 -0.0626715 0.0520753
vn -0.4937304 -0.8347183 -0.2438764
v -0.0499633 -0.0853185 0.1041675
vn -0.1201726 -0.9925637 -0.0193895
v -0.0359355 -0.0898957 0.0666429
vn -0.8586294 -0.4964340 -0.1277064
v -0.0681633 -0.0649936 0.0612962
vn -0.9199461 -0.3914127 -0.0222538
v -0.0714485 -0.0600272 0.0718561
vn -0.9210073 -0.3792054 0.0891566
v -0.0725432 -0.0568900 0.0813980
vn 0.1950691 -0.7281451 -0.6570789
v 0.0073059 -0.1004781 0.0304434
vn -0.6125960 -0.4901736 0.6200452
v -0.0118496 -0.1060523 0.0822774
vn -0.1708853 -0.5692528 0.8042074
v -0.0071861 -0.1057644 0.0843488
vn -0.1553593 -0.9878102 0.0097220
v -0.0391971 -0.0876096 0.0913652
vn -0.1635821 -0.9578298 0.2362267
v -0.0263961 -0.0881800 0.1315581
vn 0.1691265 -0.9562750 -0.2386094
v -0.0334007 -0.0890891 0.1016291
vn -0.1320781 -0.9877079 0.0835975
v -0.0379460 -0.0888073 0.0786839
vn 0.7339182 -0.6569191 -0.1726889
v 0.0088029 -0.1080411 0.0658778
vn -0.8037297 -0.4797449 0.3519425
v -0.0561286 -0.0799397 0.1147621
vn -0.7598016 -0.6218029 -0.1899017
v -0.0628621 -0.0601328 0.0202623
vn 0.2454751 -0.9416918 0.2301275
v 0.0030857 -0.1057122 0.0174350
vn -0.8687990 -0.3407819 0.3592438
v -0.0152920 -0.1023075 0.0783629
vn 0.1537526 -0.7098048 0.6874135
v -0.0023445 -0.0984481 0.0912413
vn -0.6329170 0.0384616 -0.7732637
v 0.0101061 -0.0991543 0.0629343
vn 0.1454958 -0.3632002 -0.9202807
v 0.0101456 -0.1046376 0.0624135
vn 0.8047122 0.5652801 -0.1813750
v -0.0669191 -0.0525056 0.1122375
vn -0.8575073 -0.4655582 0.2189449
v -0.0693574 -0.0591087 0.0916587
vn -0.7727010 -0.6199616 -0.1363116
v -0.0646030 -0.0600699 0.0314300
vn 0.3334954 -0.6063595 0.7218788
v 0.0001263 -0.1042309 0.0842142
vn 0.1869387 -0.9752185 -0.1183332
v -0.0281513 -0.0865741 0.0977699
vn 0.0589436 -0.9852056 0.1609210
v -0.0238998 -0.0863357 0.0936616
vn -0.3679900 -0.9211655 -0.1266395
v -0.0440496 -0.0884231 0.1049834
vn -0.4178866 -0.8936368 -0.1636585
v -0.0441683 -0.0863886 0.0988943
vn 0.8615178 -0.2894201 0.4171608
v 0.0084102 -0.1013397 0.0729545
vn 0.6587763 -0.7226676 -0.2092018
v 0.0156726 -0.1009514 0.0605084
vn -0.0901121 -0.9733672 -0.2107991
v -0.0389973 -0.0885305 0.0991258
vn -0.2478468 -0.9405170 0.2323785
v -0.0405670 -0.0865410 0.1215101
vn -0.2445250 -0.9661455 0.0822826
v -0.0444508 -0.0883069 0.1091032
vn -0.1064004 -0.9875014 0.1162754
v -0.0303595 -0.0900303 0.0749702
vn 0.7985185 -0.4090403 0.4416495
v 0.0149240 -0.1007001 0.0652154
vn 0.7456936 -0.6468782 0.1596549
v 0.0129563 -0.1032807 0.0651847
vn 0.8091711 -0.4688558 0.3541417
v 0.0085141 -0.1067979 0.0701739
vn 0.1457220 -0.9376529 0.3155506
v 0.0084295 -0.0995851 0.0532346
vn -0.7630020 -0.5795543 0.2862601
v -0.0528867 -0.0670740 0.1396505
vn -0.9143894 -0.3143350 0.2551188
v -0.0600396 -0.0658198 0.1158120
vn -0.9476212 -0.2920188 -0.1293800
v -0.0696970 -0.0554360 0.0485728
vn -0.9503545 -0.2408216 -0.1970566
v -0.0723515 -0.0526986 0.0589382
vn -0.8380861 -0.4187884 0.3496112
v -0.0550773 -0.0728426 0.1236781
vn -0.9211049 -0.3666978 -0.1307611
v -0.0713730 -0.0587434 0.0623817
vn 0.4787929 -0.8738361 -0.0846631
v 0.0166655 -0.0990426 0.0352279
vn 0.5512905 -0.7739533 0.3115689
v 0.0107718 -0.1006506 0.0200487
vn 0.6068283 -0.7730632 0.1847505
v 0.0174824 -0.0945424 0.0506795
vn 0.5479211 -0.6204264 0.5611182
v 0.0013840 -0.0982142 0.0891486
vn -0.0447999 -0.9974508 -0.0555423
v -0.0373643 -0.0900449 0.1044785
vn -0.4258284 -0.8910064 0.1574101
v -0.0493832 -0.0860884 0.1130354
vn -0.3453592 -0.8406907 -0.4170924
v 0.0131376 -0.1002787 0.0583443
vn 0.8129274 -0.4082511 0.4153072
v 0.0061118 -0.1010061 0.0802341
vn -0.2104442 -0.8880798 0.4086899
v -0.0253555 -0.0829475 0.1421729
vn -0.2058788 -0.9569033 0.2048168
v -0.0434130 -0.0879404 0.1137917
vn 0.0095143 -0.9892176 0.1461437
v -0.0346578 -0.0893437 0.1104289
vn -0.3918622 -0.8445853 0.3648558
v -0.0404759 -0.0836871 0.1305543
vn -0.4198321 -0.8476101 0.3244968
v -0.0479040 -0.0847863 0.1188567
vn 0.8106766 -0.5063712 0.2939246
v 0.0087709 -0.0968381 0.0767418
vn 0.5659957 -0.8029087 0.1870468
v 0.0108480 -0.0940152 0.0790324
vn 0.6977541 -0.6740268 0.2425429
v 0.0142971 -0.0923655 0.0714755
vn 0.6092764 -0.6923538 -0.3865599
v 0.0152037 -0.0984110 0.0563149
vn 0.5906563 -0.8060851 -0.0367699
v 0.0136333 -0.0976106 0.0518034
vn -0.8644346 -0.4484718 0.2272133
v -0.0672772 -0.0556278 0.1056614
vn -0.9490353 -0.2839091 -0.1368488
v -0.0739274 -0.0388971 0.0474957
vn 0.4357826 -0.8282649 -0.3522369
v 0.0197390 -0.0963961 0.0298662
vn 0.4294248 -0.8890956 -0.1584406
v 0.0134942 -0.1002862 0.0334742
vn 0.3433443 -0.8514410 -0.3964379
v 0.0130262 -0.0999809 0.0318520
vn 0.7469673 -0.4110735 0.5225500
v 0.0116230 -0.0969871 0.0701889
vn -0.9631366 -0.2610039 -0.0651524
v -0.0711751 -0.0496713 0.0384811
vn 0.3711169 -0.8672995 0.3317588
v 0.0146716 -0.0963068 0.0227149
vn 0.5785906 -0.7839136 0.2251943
v 0.0226159 -0.0928650 0.0450282
vn -0.5901089 -0.5477562 0.5930722
v -0.0117876 -0.0986987 0.0871953
vn -0.9513679 -0.2961935 -0.0846674
v -0.0749027 -0.0498833 0.0683282
vn -0.8285325 -0.1544196 0.5382273
v -0.0660179 -0.0473314 0.0129569
vn 0.5670272 -0.8061835 0.1689630
v 0.0195392 -0.0967618 0.0398156
vn -0.0835785 -0.9915903 0.0988098
v -0.0199162 -0.0896947 0.1272516
vn 0.1119963 -0.9846328 -0.1339962
v -0.0193662 -0.0853999 0.1047885
vn -0.3775072 -0.8546973 0.3563436
v -0.0139125 -0.0862908 0.0991947
vn -0.1930873 -0.9272614 0.3207860
v -0.0201139 -0.0866657 0.0927714
vn -0.0562324 -0.7536782 0.6548336
v -0.0047401 -0.0941828 0.0961136
vn -0.2103081 -0.9673488 0.1414460
v -0.0330812 -0.0874284 0.1272075
vn -0.0459070 -0.9874618 0.1510356
v -0.0353403 -0.0879160 0.1170934
vn -0.8747507 -0.4434841 0.1952773
v -0.0578162 -0.0645264 0.1276225
vn 0.0202545 -0.9985574 0.0497274
v -0.0292817 -0.0876744 0.1161985
vn -0.4320311 -0.7958431 0.4242440
v -0.0364643 -0.0801691 0.1401239
vn -0.9395088 -0.3169778 -0.1298013
v -0.0702165 -0.0503163 0.0298970
vn 0.4506282 -0.8883635 0.0880036
v 0.0134503 -0.1005064 0.0394952
vn 0.9504535 -0.3006771 0.0789393
v 0.0174276 -0.0973221 0.0614493
vn 0.2168867 0.4853967 -0.8469653
v -0.0502013 0.0000915 0.0746473
vn -0.9693270 -0.2436395 -0.0323268
v -0.0780565 -0.0396235 0.0780429
vn 0.1261068 -0.9737089 -0.1897050
v 0.0122752 -0.0958097 0.0265025
vn 0.2515231 -0.7916585 0.5567880
v 0.0104346 -0.0965600 0.0245686
vn 0.1863841 -0.9824651 -0.0048265
v -0.0285747 -0.0886730 0.1071868
vn -0.6499849 -0.6420033 0.4066344
v -0.0479192 -0.0758887 0.1334962
vn 0.8396065 -0.2805126 0.4651598
v 0.0151687 -0.0946940 0.0673425
vn 0.8270755 -0.5614215 -0.0274245
v 0.0180211 -0.0932210 0.0561506
vn -0.8971765 -0.3793809 0.2261517
v -0.0748829 -0.0445380 0.0977129
vn -0.9479226 -0.3185006 -0.0003110
v -0.0753362 -0.0493286 0.0759888
vn 0.2927961 -0.9417234 -0.1656125
v -0.0259038 -0.0875190 0.1041014
vn -0.9649602 -0.2600664 -0.0348906
v -0.0767853 -0.0440518 0.0725273
vn -0.9499032 -0.3100570 0.0393522
v -0.0768202 -0.0443672 0.0841354
vn 0.4614746 -0.5861635 0.6659232
v 0.0202775 -0.0923955 0.0129569
vn 0.3149811 -0.8741974 -0.3695483
v 0.0165538 -0.0957031 0.0272741
vn 0.5946385 -0.8000601 -0.0794291
v 0.0216498 -0.0959053 0.0334471
vn 0.0375033 -0.9876418 0.1521753
v 0.0113616 -0.0900304 0.1274586
vn -0.5582104 -0.7028985 0.4408343
v -0.0176392 -0.0889860 0.0908219
vn -0.0797103 -0.9819804 -0.1713500
v 0.0194520 -0.0865671 0.0966480
vn -0.2343478 -0.9508636 -0.2023351
v 0.0182926 -0.0867074 0.1004635
vn -0.6004007 -0.7214091 0.3450911
v -0.0451886 -0.0712261 0.1473744
vn -0.2691908 -0.8731381 0.4064064
v -0.0311440 -0.0860532 0.1338869
vn 0.0963088 -0.9924812 -0.0755356
v 0.0233579 -0.0898847 0.0656239
vn 0.7564297 -0.6295431 0.1774533
v 0.0180434 -0.0912788 0.0620916
vn -0.8805857 0.4389306 0.1786304
v -0.0609938 -0.0530629 0.1447303
vn 0.1122251 0.9145301 0.3886391
v -0.0521964 -0.0001887 0.0716324
vn -0.9675333 -0.2402372 -0.0785191
v -0.0720427 -0.0461954 0.0489957
vn -0.9805943 -0.1785376 -0.0809890
v -0.0727258 -0.0409714 0.0380056
vn 0.0414209 0.1161811 -0.9923640
v -0.0594107 0.0020094 0.0743713
vn -0.4429097 0.0703741 0.8938001
v -0.0688346 -0.0000892 0.0663828
vn -0.9469096 -0.2599249 -0.1892123
v -0.0730845 -0.0468309 0.0565725
vn -0.1348830 -0.9891478 -0.0582516
v -0.0264626 -0.0887158 0.1231197
vn 0.0744048 -0.9880854 -0.1347265
v -0.0226253 -0.0874607 0.1138808
vn -0.0352925 -0.9926301 0.1159310
v -0.0193269 -0.0852316 0.0986325
vn 0.4099172 -0.8433514 0.3474571
v 0.0127414 -0.0899381 0.0876368
vn 0.2825209 -0.9424953 0.1785622
v 0.0167988 -0.0900044 0.0818053
vn 0.2024732 -0.9754492 -0.0866228
v 0.0228084 -0.0892151 0.0615486
vn -0.1105497 -0.9638389 -0.2424735
v -0.0158218 -0.0866397 0.1104270
vn -0.1734843 -0.9269538 0.3326559
v -0.0056917 -0.0885775 0.1031802
vn -0.2146632 -0.9758855 -0.0395893
v -0.0132245 -0.0857320 0.1037980
vn 0.2610679 -0.9516098 0.1621186
v 0.0063463 -0.0855077 0.1026642
vn 0.2614160 -0.8988453 0.3517654
v 0.0101222 -0.0865770 0.0962592
vn -0.5700109 -0.7087123 0.4157097
v -0.0420816 -0.0669273 0.1609714
vn -0.6906980 -0.6284884 0.3576849
v -0.0511470 -0.0621997 0.1539121
vn -0.0444897 -0.8995514 -0.4345435
v -0.0596594 0.0043441 0.0726642
vn -0.9743744 -0.1386724 -0.1771006
v -0.0709915 -0.0439310 0.0268999
vn -0.4472673 -0.6795195 0.5815542
v -0.0094702 -0.0917459 0.0966973
vn -0.9544732 -0.2639274 -0.1390081
v -0.0774466 -0.0398608 0.0664904
vn 0.3042747 -0.9509825 -0.0552214
v 0.0309154 -0.0874442 0.0544489
vn 0.5547332 -0.8227744 -0.1237477
v 0.0268427 -0.0885888 0.0194309
vn 0.1224231 -0.8076311 0.5768402
v 0.0066294 -0.0714553 0.1719222
vn 0.1938262 -0.9773014 0.0855191
v 0.0245280 -0.0895858 0.0726208
vn 0.3153940 -0.9485641 0.0274377
v 0.0169547 -0.0910928 0.0724733
vn -0.9346861 -0.2685460 0.2329056
v -0.0783157 -0.0336851 0.0997023
vn -0.9403195 -0.3116864 0.1365679
v -0.0786205 -0.0367798 0.0943915
vn -0.9442272 -0.1347845 -0.3004469
v -0.0690994 -0.0444039 0.0193766
vn -0.2245589 -0.9675243 -0.1160605
v 0.0156951 -0.0873082 0.1058269
vn 0.6636215 -0.7314779 -0.1566738
v 0.0455527 -0.0813082 0.1054258
vn 0.4924327 -0.8580632 0.1457308
v 0.0216674 -0.0896702 0.0557907
vn -0.3031639 0.7915115 0.5306612
v -0.0626439 0.0000039 0.0700081
vn -0.9176826 -0.3568902 -0.1746081
v -0.0763464 -0.0364439 0.0554887
vn -0.9667572 -0.0277195 -0.2541891
v -0.0696544 -0.0343812 0.0202580
vn 0.6569951 -0.7507129 0.0691928
v 0.0279004 -0.0900887 0.0368727
vn -0.4838836 -0.7542142 0.4438667
v -0.0382284 -0.0689343 0.1627661
vn -0.4681438 -0.8067772 0.3604887
v -0.0390621 -0.0746979 0.1492650
vn -0.0829679 -0.9964702 -0.0127874
v 0.0117218 -0.0854804 0.1004906
vn 0.4868021 -0.7943438 -0.3633756
v 0.0235129 -0.0926588 0.0275001
vn 0.4852066 -0.8542330 -0.1867097
v 0.0246852 -0.0901232 0.0230780
vn 0.0036960 -0.9999254 -0.0116476
v 0.0017334 -0.0901545 0.1224806
vn 0.0429271 -0.9771558 -0.2081437
v -0.0001906 -0.0893697 0.1162724
vn 0.0280533 -0.9780292 -0.2065718
v 0.0099005 -0.0875164 0.1133344
vn 0.0085780 -0.9953681 0.0957532
v -0.0078764 -0.0899729 0.1234341
vn -0.0840567 -0.9240088 0.3730176
v -0.0218260 -0.0870937 0.1352648
vn -0.1132844 -0.9746134 -0.1931200
v -0.0166631 -0.0892304 0.1188729
vn 0.0747777 -0.9755207 0.2068034
v 0.0197540 -0.0870629 0.0919020
vn 0.1866679 -0.9795231 -0.0754295
v 0.0283324 -0.0894019 0.0651044
vn 0.2360070 -0.9659448 -0.1060729
v 0.0308757 -0.0880815 0.0614312
vn -0.0379659 -0.9991935 -0.0130732
v -0.0147570 -0.0901093 0.1233950
vn 0.0385026 -0.9412358 0.3355483
v 0.0017376 -0.0825074 0.1506973
vn 0.2114154 -0.8919085 0.3997535
v 0.0198459 -0.0877855 0.1318877
vn 0.1794951 -0.9795843 0.0905327
v 0.0258476 -0.0884581 0.0784476
vn 0.3944591 -0.9166014 0.0651456
v 0.0382504 -0.0852887 0.0838736
vn -0.9676225 -0.2523536 -0.0049310
v -0.0792632 -0.0363417 0.0870068
vn -0.6486745 -0.5991682 0.4692749
v -0.0472572 -0.0592788 0.1650849
vn -0.0535393 -0.8905011 0.4518202
v -0.0615132 0.0050209 0.0696741
vn 0.4935841 -0.8629543 0.1080952
v 0.0272542 -0.0888991 0.0478507
vn 0.1518231 -0.9879748 -0.0292522
v 0.0011401 -0.0871663 0.1081163
vn -0.1035519 -0.9792628 -0.1741301
v -0.0093387 -0.0882318 0.1106733
vn 0.0174947 -0.9741120 0.2253883
v -0.0133577 -0.0893620 0.1291864
vn 0.0112907 -0.9676063 0.2522115
v -0.0070042 -0.0881295 0.1324246
vn -0.0207405 -0.9918956 -0.1253512
v -0.0075603 -0.0897960 0.1182290
vn 0.1802371 -0.9067143 -0.3812924
v 0.0292742 -0.0877271 0.0992695
vn 0.3596714 -0.9267867 -0.1081805
v 0.0366734 -0.0867119 0.0641554
vn -0.9860162 -0.1583587 0.0519101
v -0.0808403 -0.0298725 0.0908140
vn -0.1026239 -0.7276800 0.6781963
v -0.0671310 0.0030203 0.0681986
vn -0.1364454 0.9596148 -0.2460124
v -0.0712947 -0.0034467 0.0697682
vn -0.2340203 0.0025047 0.9722285
v -0.0629536 0.0023974 0.0685470
vn -0.0944269 0.4210359 -0.9021155
v -0.0682126 -0.0007017 0.0733044
vn 0.0528042 -0.3020802 -0.9518189
v -0.0652616 0.0028487 0.0737921
vn -0.9657122 -0.1536570 -0.2092594
v -0.0730902 -0.0355905 0.0344741
vn -0.8831331 -0.4444532 -0.1501248
v -0.0805842 -0.0264291 0.0515917
vn -0.1464216 -0.9839950 -0.1015607
v 0.0239736 -0.0898094 0.1048945
vn -0.3362349 -0.7842705 0.5214077
v -0.0314625 -0.0701282 0.1664013
vn -0.3731273 -0.8414905 0.3907299
v -0.0326070 -0.0735970 0.1593784
vn -0.3040815 -0.8816894 0.3607745
v -0.0300081 -0.0773737 0.1525765
vn 0.2483590 -0.9681544 0.0315438
v 0.0323163 -0.0880387 0.0700264
vn -0.9564925 -0.2739782 0.1002899
v -0.0823528 -0.0242040 0.0672580
vn -0.9514174 -0.3055998 -0.0375991
v -0.0798591 -0.0314624 0.0661483
vn 0.4661431 -0.8689948 -0.1660081
v 0.0367178 -0.0849089 0.0529990
vn 0.4764967 -0.8746784 0.0888185
v 0.0395824 -0.0853957 0.0745271
vn 0.5641270 -0.8243135 -0.0476232
v 0.0321862 -0.0858753 0.0441923
vn 0.2069550 0.7446995 -0.6345016
v -0.0732211 -0.0022546 0.0720510
vn -0.0410940 -0.4952981 0.8677506
v -0.0111680 -0.0510709 0.1906137
vn -0.4031687 -0.6455402 0.6486392
v -0.0334846 -0.0597629 0.1775579
vn 0.0441795 -0.9877731 0.1495074
v 0.0261391 -0.0894370 0.1113353
vn 0.1028159 -0.9939051 0.0397692
v 0.0236485 -0.0877094 0.1209970
vn -0.0469083 -0.9967429 -0.0655987
v 0.0174265 -0.0878034 0.1161953
vn -0.1947918 -0.9783815 0.0694690
v 0.0196904 -0.0886667 0.1105720
vn 0.3966418 -0.9032286 -0.1638703
v 0.0354704 -0.0876676 0.1050318
vn 0.5230551 -0.8369470 -0.1610375
v 0.0401883 -0.0854713 0.1071054
vn -0.0276655 -0.9568632 -0.2892187
v 0.0267797 -0.0892699 0.1016984
vn 0.2633778 -0.9625623 0.0640777
v 0.0344812 -0.0869452 0.0787727
vn 0.1345316 -0.9896052 0.0508228
v 0.0299779 -0.0878113 0.0825045
vn -0.2136623 0.8724138 -0.4395938
v -0.0650981 -0.0009951 0.0718205
vn -0.8889197 -0.4043162 -0.2152912
v -0.0828678 -0.0202307 0.0465436
vn -0.4619980 -0.6837174 0.5648791
v -0.0361068 -0.0646283 0.1702966
vn -0.9437824 -0.1714488 -0.2826306
v -0.0698371 -0.0254899 0.0202973
vn 0.2130582 -0.9742050 -0.0743707
v 0.0312196 -0.0895117 0.1062294
vn -0.1682092 -0.9260174 0.3379312
v -0.0199802 -0.0812310 0.1495418
vn -0.2286765 -0.8857325 0.4039617
v -0.0234759 -0.0775818 0.1569825
vn 0.4217028 -0.9066601 0.0115860
v 0.0385681 -0.0865352 0.0696286
vn -0.9913876 -0.1245286 0.0405390
v -0.0814797 -0.0150356 0.0843238
vn -0.4059518 0.7482388 0.5247304
v -0.0706300 -0.0027990 0.0662594
vn 0.6214454 -0.7665721 -0.1617803
v 0.0367636 -0.0824053 0.0440636
vn 0.7200179 -0.6866838 -0.1001981
v 0.0367328 -0.0809547 0.0345033
vn 0.0564591 -0.9935269 -0.0985741
v 0.0092363 -0.0900539 0.1215619
vn 0.2198738 -0.9714846 0.0887309
v 0.0309674 -0.0873049 0.0877744
vn 0.5847861 -0.8036649 -0.1102173
v 0.0434585 -0.0828162 0.0620346
vn -0.3801911 -0.9210591 0.0842906
v -0.0721175 0.0032764 0.0689486
vn -0.9231780 -0.3714500 0.0988292
v -0.0751060 0.0059165 0.0646237
vn -0.8502029 -0.2960885 0.4353007
v -0.0910709 0.0074718 0.0513829
vn -0.9852538 -0.0971945 -0.1408127
v -0.0948539 0.0108260 0.0438801
vn 0.1782780 0.2722141 -0.9455773
v -0.0754918 0.0013491 0.0733713
vn -0.8864844 -0.3144058 -0.3395503
v -0.0740218 -0.0268545 0.0317609
vn 0.2366404 0.9706837 -0.0421246
v -0.0755048 -0.0035656 0.0677181
vn -0.9710588 -0.2379433 0.0206853
v -0.0852838 -0.0165164 0.0571516
vn -0.9662036 -0.2125891 0.1457960
v -0.0850072 -0.0146977 0.0654923
vn 0.5348262 -0.7988406 0.2753446
v 0.0421636 -0.0838064 0.1155352
vn -0.1531802 -0.8584033 0.4895710
v -0.0162392 -0.0748812 0.1649763
vn 0.3695636 -0.9171206 0.1493743
v 0.0364020 -0.0848851 0.0930415
vn -0.9974521 -0.0708728 -0.0081469
v -0.0809512 -0.0234578 0.0885846
vn -0.4683313 -0.5702353 0.6749055
v -0.0354242 -0.0539738 0.1814508
vn -0.5538285 -0.5991020 0.5782307
v -0.0427072 -0.0571916 0.1726838
vn -0.2597737 -0.6625806 0.7024988
v -0.0233844 -0.0602142 0.1821178
vn -0.2771827 -0.7487711 0.6020894
v -0.0260581 -0.0664081 0.1742342
vn -0.0225451 -0.9840843 0.1762661
v 0.0023987 -0.0894344 0.1285224
vn -0.2216416 -0.8357341 0.5024177
v -0.0245711 -0.0727258 0.1656326
vn 0.4765773 -0.8767613 0.0645280
v 0.0410319 -0.0852611 0.1119819
vn 0.6025549 -0.7974565 -0.0314774
v 0.0462812 -0.0809122 0.0709246
vn 0.5442812 -0.8360567 0.0690453
v 0.0456920 -0.0817887 0.0812756
vn 0.5353351 0.7198482 -0.4418540
v -0.0782260 -0.0009162 0.0699765
vn -0.9880891 -0.1526802 -0.0192008
v -0.0814865 -0.0173438 0.0925109
vn -0.9559022 -0.2872274 -0.0612491
v -0.0837991 -0.0031613 0.0844897
vn -0.1316768 -0.5803584 -0.8036451
v -0.0719545 0.0019761 0.0728294
vn -0.6900523 -0.1604993 0.7057392
v -0.0726116 0.0009805 0.0641446
vn -0.9304998 -0.3612487 -0.0605776
v -0.0834571 -0.0219527 0.0570860
vn -0.9629694 -0.2341431 -0.1336677
v -0.0854907 -0.0139933 0.0504852
vn 0.1317829 -0.9814566 -0.1391987
v 0.0143281 -0.0895404 0.1229323
vn -0.9885636 0.0197105 0.1495109
v -0.0849373 -0.0029917 0.0726634
vn -0.9854634 -0.1388104 0.0979466
v -0.0832625 -0.0067563 0.0790707
vn -0.9702671 -0.1624354 0.1794342
v -0.0826363 -0.0177297 0.0734177
vn -0.3596212 -0.1010228 -0.9276136
v -0.0785037 0.0056117 0.0736340
vn -0.6367674 -0.5390596 0.5513093
v -0.0485930 -0.0519932 0.1713476
vn -0.8277154 -0.4541616 -0.3295824
v -0.0775552 -0.0174661 0.0287767
vn 0.4645444 0.8841292 -0.0501417
v -0.0795420 -0.0012313 0.0640393
vn 0.7469761 -0.6596982 -0.0826133
v 0.0376212 -0.0791992 0.0247036
vn 0.2806980 -0.9360036 0.2123813
v 0.0337669 -0.0863761 0.1194775
vn 0.2876245 -0.9476960 0.1383636
v 0.0329019 -0.0883479 0.1109327
vn 0.0697126 -0.9137371 0.4002807
v 0.0127420 -0.0878003 0.1337542
vn -0.1433424 -0.9115979 0.3852822
v -0.0177857 -0.0795542 0.1553429
vn 0.3058571 -0.9120586 0.2731310
v 0.0232613 -0.0876461 0.1298035
vn 0.1091680 -0.9518371 0.2865109
v 0.0155321 -0.0891427 0.1303521
vn 0.3190171 -0.9310232 0.1772680
v 0.0270491 -0.0867567 0.1269918
vn 0.3813235 -0.8187357 0.4292603
v 0.0268826 -0.0849972 0.1322072
vn 0.2035826 -0.9759067 0.0784877
v 0.0199213 -0.0889155 0.1271788
vn 0.0011247 -0.9455646 0.3254327
v 0.0059040 -0.0878452 0.1339604
vn 0.4651993 -0.8728774 0.1472235
v 0.0405514 -0.0838277 0.0889755
vn -0.8404418 0.4045434 0.3605582
v -0.0768253 0.0121528 0.0772798
vn -0.8821527 0.3990162 0.2501855
v -0.0792400 0.0144112 0.0725778
vn -0.8027102 0.3835107 -0.4567011
v -0.0778204 0.0101101 0.0811636
vn 0.1654393 -0.9364333 -0.3093906
v -0.0838896 0.0202371 0.0717959
vn -0.3602796 -0.9095289 0.2072582
v -0.0924095 0.0195868 0.0588767
vn -0.0718500 -0.4184610 0.9053884
v -0.0838118 0.0168180 0.0570555
vn -0.9618485 -0.1587599 0.2228068
v -0.0759314 0.0095783 0.0607615
vn -0.8542669 -0.4099939 -0.3195828
v -0.0713969 -0.0189492 0.0182869
vn 0.6845711 -0.6961237 -0.2162734
v 0.0413500 -0.0785934 0.0442120
vn 0.5298784 -0.5454513 0.6493934
v 0.0331186 -0.0821845 0.0129569
vn 0.2345043 -0.9692972 -0.0739648
v 0.0316753 -0.0862162 0.0965560
vn 0.6490116 -0.7198359 0.2462118
v 0.0455236 -0.0802705 0.0900225
vn 0.0169870 0.9523531 -0.3045242
v -0.0825278 0.0014120 0.0656633
vn -0.8568726 -0.4568285 0.2389080
v -0.0773444 0.0152573 0.0607152
vn -0.9851692 -0.1403918 -0.0986500
v -0.0792036 0.0160091 0.0667594
vn -0.1688486 0.8264642 0.5370727
v -0.0768155 -0.0013882 0.0614361
vn -0.0494389 -0.9301781 0.3637643
v -0.0054128 -0.0804341 0.1558918
vn -0.0766899 -0.9347718 0.3468724
v -0.0094326 -0.0837109 0.1461654
vn 0.5268622 -0.8008510 -0.2846998
v 0.0407836 -0.0832820 0.1016116
vn 0.5934131 -0.7743838 -0.2195237
v 0.0429547 -0.0820446 0.0565096
vn 0.1015048 0.8095345 -0.5782307
v -0.0809308 0.0029974 0.0720286
vn -0.9878207 -0.0870048 0.1289973
v -0.0861071 -0.0094944 0.0647238
vn -0.6757282 0.7068651 0.2091251
v -0.0823253 0.0090444 0.0773203
vn -0.5606012 0.2681999 0.7834508
v -0.0770962 0.0018884 0.0586108
vn -0.8862498 -0.3883120 -0.2525373
v -0.0767388 0.0129907 0.0649485
vn -0.7005674 -0.5787385 -0.4174531
v -0.0770433 0.0076067 0.0711066
vn -0.9931186 -0.0716680 -0.0926241
v -0.0859752 -0.0087411 0.0481570
vn -0.9422775 -0.2005680 -0.2681150
v -0.0833690 -0.0117260 0.0380353
vn 0.4840262 -0.7938693 0.3680900
v 0.0359581 -0.0838323 0.1245253
vn -0.0807094 -0.8915101 0.4457531
v -0.0108143 -0.0780159 0.1608213
vn -0.8954830 -0.0789939 -0.4380299
v -0.0809722 0.0112243 0.0720201
vn -0.5727365 -0.5017586 0.6482370
v -0.0449044 -0.0461593 0.1802414
vn -0.5874103 -0.1626008 0.7927863
v -0.0888186 0.0110216 0.0570138
vn -0.3799222 0.5347401 0.7547928
v -0.0819827 0.0009518 0.0572982
vn -0.9236859 0.3831399 0.0028685
v -0.0856063 -0.0029338 0.0645056
vn -0.4313829 -0.2609374 0.8636090
v -0.0867271 0.0048019 0.0559505
vn 0.6930059 -0.7103214 0.1232335
v 0.0448329 -0.0823931 0.1125960
vn 0.6507148 -0.7589435 -0.0239806
v 0.0507473 -0.0782015 0.0780010
vn -0.1522875 0.0210971 0.9881111
v -0.0809959 0.0063351 0.0563125
vn -0.7155660 -0.0748783 0.6945204
v -0.0776189 0.0094663 0.0573839
vn -0.9242351 -0.3438528 0.1659962
v -0.0785861 0.0178480 0.0739246
vn -0.8925922 -0.3863353 -0.2324313
v -0.0767665 -0.0301050 0.0441255
vn -0.8978806 -0.3412483 -0.2781370
v -0.0821373 -0.0155054 0.0376678
vn -0.9247751 -0.2914225 -0.2446710
v -0.0805562 -0.0109654 0.0284360
vn -0.9987609 -0.0496281 0.0037112
v -0.0866277 -0.0086687 0.0576088
vn -0.2227880 0.9718797 0.0762584
v -0.0829240 -0.0001558 0.0602801
vn -0.7563307 0.6042343 0.2507285
v -0.0848336 -0.0012298 0.0584226
vn 0.0107584 -0.9519546 0.3060501
v -0.0061694 -0.0860115 0.1394605
vn 0.2435787 -0.8517987 0.4637980
v 0.0188007 -0.0859327 0.1353929
vn -0.3670990 0.4157499 -0.8321000
v -0.0860947 0.0091964 0.0912527
vn -0.2985110 -0.5543211 0.7769294
v -0.0275274 -0.0538763 0.1859471
vn -0.9945827 -0.1022925 -0.0184797
v -0.0830979 -0.0104103 0.0964890
vn -0.9974362 0.0058219 0.0713244
v -0.0841153 -0.0000919 0.0767302
vn -0.7807713 -0.4801162 0.3998559
v -0.0918265 0.0179718 0.0542574
vn -0.0347460 -0.9967895 -0.0721352
v -0.0901749 0.0200287 0.0673771
vn -0.7025773 -0.3986236 -0.5894780
v -0.0821489 0.0101782 0.0837062
vn -0.8822253 -0.0904952 0.4620489
v -0.0760420 0.0043233 0.0596593
vn -0.4365411 -0.7864966 0.4368696
v -0.0810831 0.0185873 0.0599454
vn -0.1264213 -0.5899957 0.7974476
v -0.0179704 -0.0572127 0.1859882
vn 0.3721099 -0.8640096 0.3391485
v 0.0249101 -0.0761454 0.1547798
vn 0.7244110 -0.6353682 -0.2674621
v 0.0483378 -0.0748961 0.0523704
vn -0.9850103 -0.1603473 0.0635877
v -0.0824570 -0.0127126 0.0999052
vn -0.8350569 -0.4976107 -0.2346562
v -0.0841348 0.0123485 0.0875392
vn -0.6767402 -0.7335480 0.0626910
v -0.0811052 0.0195416 0.0654742
vn -0.7740195 -0.5278819 -0.3496207
v -0.0760307 -0.0109642 0.0155352
vn -0.7073266 -0.7012972 -0.0887207
v -0.0883664 0.0170659 0.0857276
vn -0.7355199 -0.6712006 -0.0921966
v -0.0853227 0.0142590 0.0844883
vn 0.7199254 -0.6023881 0.3447261
v 0.0448431 -0.0797729 0.1185338
vn 0.2919257 -0.8906822 0.3485178
v 0.0208639 -0.0813251 0.1433084
vn 0.5597901 -0.8268347 0.0545847
v 0.0403406 -0.0821061 0.0965693
vn -0.6117569 0.7778084 -0.1441097
v -0.0809981 0.0073986 0.0818407
vn -0.8454880 0.5298809 -0.0661543
v -0.0965883 0.0305688 0.0667417
vn -0.7169863 -0.4170566 -0.5585647
v -0.0860824 0.0132592 0.0913912
vn -0.8444531 -0.0055081 -0.5356012
v -0.0842134 0.0099367 0.0900112
vn -0.7185980 -0.4563605 -0.5247399
v -0.0902536 0.0174480 0.0925244
vn 0.1644323 -0.7464925 -0.6447566
v -0.0831449 0.0163043 0.0776641
vn -0.2324339 -0.9163467 -0.3260112
v -0.0805838 0.0198384 0.0743346
vn 0.0115744 -0.0871898 0.9961245
v -0.0854291 0.0100959 0.0570400
vn -0.4830046 -0.3633239 0.7966821
v -0.0790748 0.0145680 0.0573571
vn 0.7550710 -0.6379899 -0.1511184
v 0.0378937 -0.0775955 0.0172959
vn 0.7166209 -0.6735674 -0.1810012
v 0.0500811 -0.0759098 0.0595390
vn -0.8927633 0.2632890 -0.3655852
v -0.0840285 0.0046751 0.0775384
vn 0.9833404 0.1704927 0.0630399
v -0.0488472 -0.0478297 0.1748165
vn -0.4327555 -0.5020040 0.7488089
v -0.0338596 -0.0487259 0.1866400
vn 0.2132239 0.9488835 -0.2327135
v -0.0821378 0.0256028 0.0631224
vn -0.0452537 0.9964562 0.0709028
v -0.0831241 0.0262117 0.0677118
vn -0.3201182 0.8942131 0.3129012
v -0.0819927 0.0236902 0.0773290
vn -0.0143923 0.9708083 0.2394244
v -0.0840285 0.0210307 0.0825879
vn 0.5494435 0.8275402 0.1152783
v -0.0901724 0.0315500 0.0845498
vn -0.1105884 -0.9934102 0.0301058
v -0.0832493 0.0211865 0.0675340
vn -0.7479846 -0.6358073 -0.1904419
v -0.0908860 -0.0001214 0.0422093
vn -0.3957932 -0.4204622 0.8164309
v -0.0889142 0.0164101 0.0570629
vn -0.9489095 -0.2578729 -0.1818581
v -0.0853663 -0.0072339 0.0420890
vn -0.8546433 -0.4745568 0.2106675
v -0.0886965 -0.0009962 0.0472563
vn -0.8449379 -0.1446605 0.5149305
v -0.0871862 0.0012631 0.0527991
vn 0.6260878 0.4870368 0.6089411
v -0.0900014 0.0255871 0.0948793
vn -0.0037515 0.6188706 0.7854840
v -0.0937012 0.0255035 0.0965861
vn 0.0597212 -0.7172372 0.6942652
v -0.0005833 -0.0661200 0.1795383
vn -0.4317431 0.8887655 -0.1539282
v -0.0851451 0.0062252 0.0839265
vn -0.8395060 0.2980504 -0.4543079
v -0.0877420 0.0052627 0.0858480
vn -0.6927511 -0.7182807 0.0645658
v -0.0926079 0.0205426 0.0732737
vn -0.9300988 -0.3635736 0.0522537
v -0.0915533 0.0211871 0.0848457
vn -0.6830043 -0.3490658 -0.6416060
v -0.0953041 0.0168364 0.0954994
vn 0.4958645 -0.7819458 0.3777290
v 0.0309278 -0.0720194 0.1565073
vn 0.1281559 -0.9287922 0.3477373
v 0.0095999 -0.0831175 0.1455110
vn 0.3986470 -0.8219798 0.4067307
v 0.0275478 -0.0813972 0.1375441
vn 0.1114070 -0.9934699 0.0246189
v -0.0882770 0.0201019 0.0638032
vn -0.9735944 -0.0831269 -0.2126122
v -0.0822097 0.0023816 0.0192023
vn -0.9742996 -0.1859495 -0.1271345
v -0.0825278 -0.0046926 0.0305617
vn -0.3710590 -0.5944057 -0.7134404
v -0.0945346 0.0238651 0.0919794
vn 0.7183717 -0.6603374 -0.2188531
v 0.0470712 -0.0767613 0.0985364
vn 0.5003210 -0.7581179 0.4182537
v 0.0348626 -0.0791603 0.1335606
vn -0.0298217 -0.7869782 0.6162598
v -0.0040354 -0.0689520 0.1764746
vn 0.0280245 -0.8910894 0.4529617
v 0.0002291 -0.0770374 0.1633999
vn 0.7419418 -0.6548356 -0.1439195
v 0.0552053 -0.0720546 0.0667386
vn 0.7348269 -0.6549616 0.1762236
v 0.0535534 -0.0752062 0.0813317
vn -0.9902971 -0.1351920 -0.0321689
v -0.0823420 -0.0097444 0.0896607
vn -0.8160889 0.2511508 -0.5205019
v -0.0940663 0.0144063 0.0429965
vn -0.9481460 -0.1347745 0.2878456
v -0.0943094 0.0146077 0.0478565
vn -0.9581583 -0.2854364 -0.0214192
v -0.0947754 0.0196911 0.0498411
vn -0.8441611 -0.1710521 0.5080681
v -0.0912829 0.0139869 0.0531046
vn -0.1199202 -0.9016672 0.4154700
v -0.0852895 0.0198476 0.0606133
vn 0.6404453 -0.6703273 0.3748215
v 0.0405308 -0.0771478 0.1295577
vn -0.1614414 -0.7143598 0.6809014
v -0.0171212 -0.0641421 0.1801211
vn -0.8910279 -0.3612211 -0.2749339
v -0.0863921 0.0021219 0.0851191
vn -0.5793710 0.6660725 -0.4697624
v -0.0839524 0.0068498 0.0877759
vn -0.1185610 0.8574643 -0.5006978
v -0.0875127 0.0073801 0.0892187
vn -0.9959225 0.0021420 0.0901879
v -0.0961411 0.0310654 0.0737927
vn -0.9456750 -0.3082713 0.1032839
v -0.0925572 0.0262607 0.0819473
vn -0.7318896 -0.6686170 -0.1314876
v -0.0939035 0.0288661 0.0831040
vn -0.8668316 -0.4048406 -0.2910447
v -0.0795790 -0.0083261 0.0205173
vn -0.7315989 -0.2558729 -0.6318957
v -0.0924267 0.0038162 0.0407714
vn -0.9361971 -0.1180947 -0.3310418
v -0.0836630 -0.0051174 0.0367517
vn -0.8231429 -0.4911705 -0.2849341
v -0.0921821 0.0242364 0.0895869
vn 0.7550640 -0.6439932 -0.1230902
v 0.0466301 -0.0690711 0.0293123
vn -0.1378437 -0.7999796 0.5839792
v -0.0143519 -0.0689831 0.1747664
vn -0.0609588 -0.8523208 0.5194548
v -0.0064511 -0.0740044 0.1685285
vn -0.9433761 -0.2974537 0.1468428
v -0.0962141 0.0248325 0.0658413
vn -0.9147108 -0.3787830 0.1408110
v -0.0931283 0.0043783 0.0436668
vn -0.4821047 -0.6992151 -0.5278953
v -0.0945716 0.0273299 0.0877728
vn -0.9325283 0.2799077 0.2281286
v -0.0975023 0.0253888 0.0934235
vn -0.5863383 -0.4831530 -0.6502082
v -0.0971985 0.0236753 0.0923835
vn -0.3928015 -0.0196575 -0.9194132
v -0.0917275 0.0144625 0.0941554
vn 0.7727646 -0.6172570 -0.1477458
v 0.0459734 -0.0685774 0.0215422
vn 0.9090943 -0.4017342 0.1102600
v 0.0504418 -0.0739795 0.1096485
vn 0.8480886 -0.5179965 -0.1114696
v 0.0490629 -0.0768387 0.1040734
vn -0.9366046 -0.2823154 0.2075328
v -0.0946936 0.0255373 0.0729212
vn 0.1715983 0.1730250 -0.9698538
v -0.0887677 0.0036660 0.0394387
vn -0.9636534 -0.2324484 0.1316810
v -0.0798116 -0.0011951 0.0129569
vn -0.3337163 -0.3667220 -0.8684172
v -0.0941017 0.0199871 0.0941084
vn 0.8315536 -0.5435969 0.1141100
v 0.0481172 -0.0785613 0.1110580
vn 0.1206632 -0.9162325 0.3820449
v 0.0080837 -0.0790053 0.1580950
vn 0.2262319 -0.9076140 0.3536326
v 0.0165141 -0.0786681 0.1551112
vn 0.9121528 -0.4095795 -0.0149001
v 0.0516412 -0.0713889 0.1050204
vn -0.7823293 0.0209049 -0.6225141
v -0.0917548 0.0103712 0.0930494
vn 0.7803182 -0.6247873 -0.0272855
v 0.0558072 -0.0733072 0.0763169
vn -0.4404064 -0.2877779 0.8504270
v -0.0397678 -0.0323304 0.1912032
vn -0.0599398 -0.1830672 0.9812714
v -0.0169723 -0.0260803 0.1991761
vn -0.8056082 -0.5853497 0.0914399
v -0.0949025 0.0294270 0.0774056
vn -0.6807170 -0.5768666 -0.4514969
v -0.0874168 -0.0025319 0.0420876
vn 0.8300399 -0.4458913 0.3349848
v 0.0467413 -0.0731845 0.1234260
vn -0.0579734 -0.6840824 0.7270972
v -0.0089133 -0.0632793 0.1821061
vn 0.9016845 -0.3511663 0.2522841
v 0.0524167 -0.0663436 0.1143390
vn -0.9195607 -0.3649405 0.1456935
v -0.0845979 -0.0017250 0.0913115
vn 0.7867972 -0.5697392 0.2373763
v 0.0451071 -0.0691682 0.1337733
vn 0.0142603 -0.2837885 0.9587809
v -0.0006604 -0.0299235 0.1987921
vn -0.8527898 -0.5112023 0.1068731
v -0.0881342 0.0037752 0.0907893
vn 0.8378379 0.4135073 0.3564261
v -0.0878511 0.0223950 0.0935423
vn -0.2974560 0.2570420 0.9194832
v -0.0938024 0.0210869 0.0988444
vn -0.2229672 -0.0526521 0.9734030
v -0.0933566 0.0176154 0.0993998
vn -0.5120224 -0.4015027 0.7593607
v -0.0398386 -0.0418766 0.1870658
vn 0.7515212 -0.6302361 -0.1949831
v 0.0505982 -0.0664696 0.0380478
vn -0.9243398 -0.1287557 0.3591906
v -0.0971642 0.0206502 0.0957761
vn -0.6913230 -0.4909636 0.5301200
v -0.0942052 0.0147129 0.0979642
vn 0.5149055 -0.7844219 0.3457668
v 0.0350821 -0.0755178 0.1408221
vn 0.0550060 -0.8357089 0.5464110
v 0.0014162 -0.0724516 0.1711969
vn 0.1676738 -0.8685678 0.4663428
v 0.0133782 -0.0757642 0.1631574
vn 0.0947352 -0.6283293 0.7721578
v 0.0058565 -0.0608530 0.1835623
vn 0.4576174 -0.8301674 0.3184468
v 0.0295571 -0.0759673 0.1487439
vn 0.8845730 -0.4028881 0.2349721
v 0.0503830 -0.0654738 0.1215424
vn 0.7533319 -0.6360540 0.1671119
v 0.0485756 -0.0745909 0.0944196
vn -0.4433993 -0.5322309 0.7211986
v -0.0913150 0.0106135 0.0965368
vn -0.9530898 -0.2389846 -0.1857587
v -0.0820674 -0.0030475 0.0229006
vn -0.9933664 -0.0312485 -0.1106654
v -0.0963806 0.0297146 0.0870094
vn -0.8439493 -0.5338641 0.0523325
v -0.0956553 0.0221000 0.0580487
vn -0.9886850 -0.1497920 -0.0080255
v -0.0970432 0.0252797 0.0598557
vn 0.4193248 0.8714629 -0.2543997
v -0.0926621 0.0310220 0.0675945
vn 0.9284423 0.3463295 -0.1343533
v -0.0894067 0.0299818 0.0761914
vn 0.9400492 0.3410309 -0.0023498
v -0.0876739 0.0267964 0.0864901
vn -0.2301140 0.9601287 0.1587466
v -0.0941429 0.0322452 0.0849303
vn 0.1446095 0.9890546 -0.0293101
v -0.0923256 0.0327990 0.0774231
vn -0.3879864 0.9198797 -0.0573413
v -0.0947219 0.0325004 0.0765247
vn -0.2947624 0.2014307 -0.9340990
v -0.0919200 0.0088327 0.0400237
vn -0.5390821 0.2327683 -0.8094501
v -0.0848499 0.0011962 0.0396435
vn -0.8789466 0.4727097 -0.0632327
v -0.0812939 0.0136523 0.0284588
vn -0.9636316 0.2666219 -0.0180809
v -0.0829356 0.0097893 0.0303426
vn -0.3888759 0.7886864 0.4761820
v -0.0948643 0.0294273 0.0915956
vn 0.6649986 -0.6700494 0.3298647
v 0.0424082 -0.0656352 0.1510964
vn 0.8964329 -0.4293206 0.1099634
v 0.0540232 -0.0658776 0.1078822
vn 0.7426019 -0.5937200 0.3099017
v 0.0524116 -0.0734509 0.0875479
vn 0.8691635 -0.4932454 0.0355506
v 0.0607270 -0.0656466 0.0779186
vn 0.8923280 -0.4248521 -0.1524846
v 0.0618824 -0.0608196 0.0665515
vn 0.8603883 -0.4966506 -0.1143252
v 0.0596993 -0.0662327 0.0704797
vn 0.2129788 -0.1599101 0.9638821
v -0.0908324 0.0158994 0.0987597
vn 0.6580777 0.2246578 0.7186534
v -0.0885780 0.0181408 0.0971187
vn -0.1464465 -0.4772474 0.8664805
v -0.0200280 -0.0470634 0.1920748
vn -0.9927529 0.0719438 -0.0962599
v -0.0833786 0.0055400 0.0260530
vn -0.9549210 0.2618996 -0.1397659
v -0.0824111 0.0093262 0.0234848
vn -0.9883558 -0.1141458 -0.1006160
v -0.0834004 0.0010508 0.0278776
vn -0.6034270 0.4137444 0.6816829
v -0.0960576 0.0240087 0.0964983
vn 0.8630068 -0.4238045 0.2749711
v 0.0477578 -0.0757111 0.1176454
vn 0.6360234 -0.7108912 0.3001799
v 0.0407578 -0.0712636 0.1415693
vn 0.3510071 -0.8304453 0.4326137
v 0.0239513 -0.0740985 0.1601075
vn 0.8400189 -0.5425321 -0.0052272
v 0.0532346 -0.0673510 0.0997537
vn 0.8024058 -0.5674085 0.1849125
v 0.0577269 -0.0620809 0.0991119
vn 0.0010348 -0.5864648 0.8099741
v -0.0032014 -0.0564804 0.1873675
vn -0.0882165 -0.0455830 0.9950578
v -0.0869960 0.0110286 0.0967994
vn -0.9924606 0.0007119 -0.1225618
v -0.0838612 0.0017898 0.0354257
vn 0.8518614 -0.4839802 -0.2002383
v 0.0581472 -0.0615726 0.0505860
vn 0.7142685 -0.6552596 0.2458770
v 0.0433608 -0.0680408 0.1434354
vn 0.7045379 0.7027075 -0.0991393
v -0.0905690 0.0321246 0.0774838
vn 0.5701075 0.6132267 -0.5467454
v -0.0870190 0.0219876 0.0515596
vn 0.3909103 0.8614129 -0.3242791
v -0.0907189 0.0251055 0.0524874
vn -0.9328157 0.1375859 -0.3330540
v -0.0957615 0.0235503 0.0517288
vn 0.2547104 0.9105356 0.3256494
v -0.0918714 0.0317718 0.0870790
vn 0.1575315 -0.7732582 0.6142113
v 0.0225134 -0.0478557 0.1896103
vn 0.8180276 -0.5359513 -0.2087751
v 0.0582967 -0.0653541 0.0590863
vn -0.5569656 -0.2979205 0.7752631
v -0.0465916 -0.0288461 0.1882366
vn -0.1760590 -0.2897910 0.9407574
v -0.0221515 -0.0343201 0.1967102
vn -0.7489250 0.5949441 -0.2918098
v -0.0967139 0.0277461 0.0586094
vn -0.2372724 -0.4010991 0.8847719
v -0.0265281 -0.0428238 0.1927543
vn 0.3162208 0.7739884 0.5485858
v -0.0914186 0.0290265 0.0923764
vn 0.3774558 0.2970436 0.8770931
v -0.0912124 0.0215554 0.0982421
vn 0.7055103 0.7049789 0.0725259
v -0.0859970 0.0214300 0.0852853
vn 0.1839572 0.6766639 0.7129416
v -0.0856687 0.0162153 0.0949440
vn 0.5699698 -0.7455336 0.3454187
v 0.0381384 -0.0682721 0.1531928
vn 0.2809584 -0.8246001 0.4910164
v 0.0193294 -0.0735012 0.1644597
vn 0.1612270 -0.5982444 0.7849265
v 0.0109361 -0.0570849 0.1856699
vn 0.7460300 -0.6203853 0.2419946
v 0.0543000 -0.0673673 0.0936385
vn 0.4503895 -0.6304352 0.6322190
v 0.0283252 -0.0596223 0.1769946
vn 0.3420027 -0.7364502 0.5836740
v 0.0237023 -0.0656797 0.1734441
vn 0.8699995 -0.4729463 0.1393657
v 0.0546160 -0.0517735 0.1392916
vn 0.7630734 -0.5895492 0.2648600
v 0.0591091 -0.0635278 0.0905721
vn -0.5707124 -0.2212572 0.7907798
v -0.0488123 -0.0199078 0.1894893
vn 0.4252221 0.6078361 -0.6706127
v -0.0902248 0.0213512 0.0467981
vn 0.5343689 0.5807934 -0.6141083
v -0.0858118 0.0058566 0.0441416
vn 0.7615069 0.3032549 -0.5728383
v -0.0869815 0.0171950 0.0476795
vn 0.6152056 0.3476096 -0.7075943
v -0.0893558 0.0129080 0.0425664
vn -0.7908696 0.6042506 -0.0969874
v -0.0799437 0.0150886 0.0241674
vn 0.7968614 -0.5738081 -0.1890935
v 0.0537722 -0.0589804 0.0228582
vn 0.8289700 0.5122170 -0.2245941
v -0.0910028 0.0297608 0.0692746
vn 0.2265411 0.6774237 -0.6998402
v -0.0783590 0.0192946 0.0555664
vn -0.0622020 0.5748630 -0.8158820
v -0.0773173 0.0153880 0.0529488
vn -0.0007022 0.7001838 -0.7139623
v -0.0831006 0.0094486 0.0494973
vn 0.5367789 0.3003589 -0.7884497
v -0.0835789 0.0134752 0.0505544
vn 0.3511880 -0.1258509 0.9278085
v 0.0530434 -0.0532641 0.0129569
vn 0.9089296 -0.2150544 -0.3572094
v 0.0586774 -0.0485081 0.0221139
vn -0.3619724 -0.4000018 0.8420063
v -0.0316590 -0.0418044 0.1914008
vn -0.2367279 0.8556871 -0.4601733
v -0.0943942 0.0271854 0.0545811
vn 0.0034568 0.4866852 -0.8735706
v -0.0919077 0.0168881 0.0436792
vn -0.7025227 0.6721153 0.2339294
v -0.0829194 0.0166866 0.0953188
vn -0.9585146 0.1864329 0.2156214
v -0.0847539 0.0117761 0.0997468
vn -0.6719803 -0.2865379 0.6828898
v -0.0533716 -0.0246974 0.1840587
vn -0.1065785 -0.3674911 0.9239001
v -0.0171143 -0.0416967 0.1948475
vn -0.9130597 0.3706911 -0.1700301
v -0.0806496 0.0124048 0.0195280
vn -0.4004477 0.6214656 -0.6733663
v -0.0934536 0.0231206 0.0482727
vn -0.8111576 0.5632952 0.1572322
v -0.0799270 0.0140946 0.0408397
vn -0.7372794 0.6746330 0.0359103
v -0.0792254 0.0163609 0.0329631
vn -0.8731873 0.4873733 -0.0033463
v -0.0733041 0.0224649 0.0214260
vn -0.9403557 0.3246185 0.1017544
v -0.0827637 0.0091552 0.0377576
vn 0.7641603 0.5606524 0.3189482
v -0.0888541 0.0279453 0.0902351
vn 0.7646076 -0.5853206 0.2697685
v 0.0464442 -0.0626650 0.1478951
vn 0.7930885 -0.5784378 0.1908414
v 0.0465790 -0.0649934 0.1409337
vn 0.8493293 -0.5049093 0.1539688
v 0.0491110 -0.0628730 0.1352324
vn 0.6349316 -0.6557389 0.4084952
v 0.0409459 -0.0620327 0.1602663
vn 0.2173147 -0.7982159 0.5618057
v 0.0167611 -0.0700454 0.1708952
vn 0.1841871 -0.7148685 0.6745652
v 0.0133281 -0.0661332 0.1771116
vn 0.8805178 -0.4016702 0.2516932
v 0.0567087 -0.0585001 0.1095618
vn 0.1428216 0.9514117 -0.2727964
v -0.0943161 0.0301215 0.0632032
vn 0.6527396 0.7357312 -0.1806394
v -0.0912695 0.0268383 0.0621888
vn 0.6929029 -0.6114725 0.3820823
v 0.0606152 -0.0403555 0.1442062
vn -0.0374421 -0.2777395 0.9599265
v -0.0118184 -0.0351635 0.1973317
vn 0.3821057 0.7801111 -0.4954007
v -0.0833346 0.0230873 0.0562166
vn 0.7456554 0.6651334 -0.0399443
v -0.0896776 0.0260804 0.0687603
vn -0.8190142 0.5737259 0.0073767
v -0.0810648 0.0101046 0.0472446
vn 0.3982775 0.8632782 0.3100416
v -0.0842343 0.0197326 0.0891047
vn 0.9189537 -0.3870798 -0.0754543
v 0.0644737 -0.0575321 0.0743722
vn 0.0225634 -0.4095329 0.9120163
v 0.0003289 -0.0446565 0.1941758
vn -0.9490524 0.0924615 -0.3012482
v -0.0845328 0.0220316 0.1028706
vn -0.6385866 -0.1760781 0.7491353
v -0.0531541 -0.0159793 0.1872131
vn -0.3244556 -0.2234492 0.9191295
v -0.0323118 -0.0275541 0.1958471
vn 0.8334485 -0.5190373 0.1896414
v 0.0609090 -0.0643182 0.0830628
vn 0.0579030 -0.5298366 0.8461208
v 0.0025394 -0.0523628 0.1899441
vn -0.4687257 -0.1725322 0.8663307
v -0.0446136 -0.0169251 0.1927765
vn 0.2507395 0.9232972 -0.2909504
v -0.0858200 0.0249880 0.0588013
vn 0.9598331 0.2651263 -0.0918073
v -0.0883651 0.0255375 0.0791298
vn 0.8441858 0.5337151 -0.0499857
v -0.0874404 0.0231248 0.0826074
vn -0.9344182 0.1986862 -0.2956122
v -0.0782961 0.0258946 0.0895019
vn 0.8851240 -0.3952564 -0.2456176
v 0.0583564 -0.0523491 0.0254314
vn 0.9177688 -0.3685897 -0.1477908
v 0.0610172 -0.0512397 0.0372477
vn 0.8411181 -0.5052832 0.1928971
v 0.0501616 -0.0580640 0.1455972
vn 0.1566878 0.9869099 -0.0381813
v -0.0882347 0.0257220 0.0633822
vn 0.4196292 0.5137123 -0.7483389
v -0.0819814 0.0194356 0.0534881
vn 0.0370005 0.9656342 0.2572579
v -0.0867428 0.0245958 0.0717073
vn -0.7673614 0.6366910 0.0760338
v -0.0759159 0.0182270 0.0428549
vn 0.8324385 -0.5273073 -0.1702741
v 0.0580868 -0.0559522 0.0340981
vn 0.4752966 -0.7328841 0.4867999
v 0.0300100 -0.0672271 0.1661048
vn 0.5548412 -0.7205756 0.4158390
v 0.0338000 -0.0672795 0.1615266
vn 0.8790891 -0.4149075 0.2346364
v 0.0577824 -0.0533874 0.1139654
vn -0.9445719 0.1997959 -0.2605104
v -0.0830620 0.0173850 0.0980781
vn 0.5323755 -0.8176170 0.2192689
v 0.0618066 -0.0422262 0.1388101
vn 0.9289286 -0.3283730 -0.1710644
v 0.0642638 -0.0546771 0.0639188
vn 0.1537915 -0.5408641 0.8269306
v 0.0129494 -0.0500555 0.1900223
vn -0.1530330 -0.2198285 0.9634606
v -0.0230542 -0.0281824 0.1983303
vn -0.7755664 0.6172165 -0.1324408
v -0.0763951 0.0183079 0.0180017
vn -0.6920093 0.6890721 -0.2151809
v -0.0770824 0.0138670 0.0507341
vn 0.6172704 0.7781830 0.1157956
v -0.0876906 0.0236205 0.0756340
vn 0.9403157 -0.3038739 -0.1531896
v 0.0621554 -0.0529125 0.0524283
vn -0.5523732 -0.0890128 0.8288309
v -0.0491621 -0.0087312 0.1912571
vn 0.2083425 0.9481438 0.2400351
v -0.0854944 0.0222754 0.0775592
vn -0.8641146 0.5031748 -0.0110044
v -0.0795409 0.0222811 0.0877772
vn 0.7326270 -0.5658002 0.3783223
v 0.0453062 -0.0585553 0.1579697
vn 0.8111816 -0.5057858 0.2935390
v 0.0504724 -0.0533142 0.1542387
vn 0.8855916 -0.4420222 0.1426320
v 0.0534553 -0.0576126 0.1247448
vn 0.8398180 -0.4819230 0.2499120
v 0.0616412 -0.0570262 0.0964917
vn 0.2662764 -0.6242262 0.7344648
v 0.0195978 -0.0593629 0.1814882
vn 0.9362516 -0.3484855 0.0446174
v 0.0661085 -0.0534805 0.0821361
vn 0.9580165 -0.2713384 -0.0926279
v 0.0674244 -0.0479786 0.0728885
vn 0.9375541 -0.2785068 -0.2083900
v 0.0673066 -0.0391809 0.0614777
vn -0.7113633 -0.1722348 0.6813938
v -0.0596687 -0.0120926 0.1817578
vn -0.9313750 0.3522241 -0.0920802
v -0.0740472 0.0199627 0.0503740
vn -0.6762747 0.5853307 -0.4472589
v -0.0752589 0.0175260 0.0534896
vn -0.4195524 0.8594331 0.2921483
v -0.0812633 0.0204958 0.0875902
vn -0.9747407 0.2100210 -0.0759730
v -0.0764527 0.0281626 0.0836088
vn -0.9914746 0.0961253 -0.0879661
v -0.0677514 0.0389677 0.0390305
vn -0.9693445 0.1668129 -0.1804016
v -0.0688088 0.0329182 0.0406027
vn -0.9487897 0.1578786 -0.2736284
v -0.0727033 0.0270267 0.0507315
vn -0.8379341 0.5243382 0.1514457
v -0.0764490 0.0155273 0.0488938
vn 0.9228077 -0.1182708 -0.3666579
v 0.0603209 -0.0368885 0.0224448
vn 0.9180730 -0.1543992 -0.3651067
v 0.0350008 0.0000828 0.0749809
vn 0.6540406 -0.3550234 0.6679740
v 0.0409595 -0.0348452 0.1841217
vn 0.6133559 -0.4490775 0.6497108
v 0.0378481 -0.0460222 0.1803113
vn -0.6432575 -0.1012364 0.7589276
v -0.0571678 -0.0021071 0.1856269
vn -0.3422623 -0.1622674 0.9254868
v -0.0364907 -0.0187743 0.1961719
vn -0.3627003 -0.0964783 0.9268983
v -0.0376370 -0.0106831 0.1968199
vn -0.4795985 0.8692512 0.1199485
v -0.0792410 0.0259488 0.0740022
vn 0.5674725 -0.6530706 0.5014716
v 0.0355498 -0.0618564 0.1678895
vn 0.3370535 -0.5870073 0.7360825
v 0.0241085 -0.0533642 0.1845117
vn 0.8358698 -0.5333581 0.1298108
v 0.0649238 -0.0394376 0.1399704
vn 0.6864257 -0.7256098 0.0480643
v 0.0591606 -0.0441079 0.1365762
vn 0.9713601 -0.1863661 0.1474020
v 0.0698539 -0.0326044 0.0986200
vn 0.9958385 -0.0898022 0.0155350
v 0.0723349 -0.0162296 0.0882758
vn 0.9884218 -0.1436973 0.0487182
v 0.0710332 -0.0322004 0.0842341
vn -0.0051171 -0.4643497 0.8856372
v 0.0137668 -0.0432462 0.1938782
vn -0.7115829 -0.1348385 0.6895422
v -0.0645102 -0.0001214 0.1793396
vn -0.7646404 0.4305986 0.4794894
v -0.0729551 0.0213013 0.0129569
vn -0.0732494 0.9725188 -0.2210017
v -0.0788314 0.0249309 0.0655028
vn -0.9728451 0.2313019 -0.0084835
v -0.0691282 0.0286833 0.0367867
vn -0.8679260 0.3441899 -0.3581032
v -0.0755980 0.0228214 0.0584786
vn -0.0078904 0.8636338 -0.5040580
v -0.0778954 0.0231184 0.0608847
vn 0.9511681 -0.2088791 -0.2272639
v 0.0621455 -0.0430820 0.0296728
vn 0.5487686 -0.7096122 0.4419316
v 0.0364032 0.0026234 0.0712132
vn 0.6739042 -0.5640458 0.4771848
v 0.0410468 -0.0563804 0.1676776
vn 0.8932233 -0.4003769 0.2045740
v 0.0645547 -0.0546985 0.0905987
vn -0.0028379 -0.2252458 0.9742979
v 0.0124594 -0.0367858 0.1961710
vn 0.0404825 -0.2879525 0.9567887
v 0.0018239 -0.0375773 0.1965479
vn -0.7792489 0.6266970 -0.0047055
v -0.0728301 0.0216023 0.0382738
vn -0.9121190 0.1168989 -0.3929042
v -0.0815350 0.0270595 0.0966770
vn -0.9631484 0.0735461 -0.2587202
v -0.0771219 0.0331538 0.0882099
vn 0.9508141 -0.2353161 -0.2014423
v 0.0656784 -0.0478554 0.0628924
vn 0.9633196 -0.2377568 -0.1244470
v 0.0648060 -0.0421523 0.0517856
vn 0.9634301 -0.1348549 -0.2315526
v 0.0643406 -0.0325942 0.0330512
vn 0.4459963 0.4999911 0.7423586
v 0.0674442 0.0002175 0.0609771
vn 0.7551891 0.0051102 0.6554871
v 0.0675518 0.0034341 0.0602469
vn 0.9474869 -0.2804790 0.1536235
v 0.0657202 0.0052375 0.0646569
vn 0.2072475 -0.5276560 0.8237886
v 0.0571209 0.0017685 0.0692366
vn 0.1553616 0.9869945 -0.0412873
v 0.0545281 -0.0015478 0.0724435
vn -0.1686008 0.0317336 -0.9851735
v 0.0421580 0.0002359 0.0764346
vn 0.1323242 0.1215438 0.9837263
v 0.0363136 0.0004205 0.0706534
vn -0.0302548 0.8068117 0.5900335
v 0.0432537 -0.0011001 0.0726595
vn -0.1512038 -0.9877225 0.0392643
v 0.0566875 0.0038607 0.0726203
vn -0.0742378 -0.8031669 -0.5911106
v 0.0536860 0.0037584 0.0745808
vn -0.2852036 -0.6789333 -0.6765416
v 0.0400907 0.0015833 0.0767951
vn -0.9127893 0.1324121 -0.3863712
v -0.0796776 0.0323371 0.0944716
vn -0.9356583 0.2062908 -0.2863350
v -0.0791973 0.0369463 0.0950425
vn -0.8409717 0.5313377 0.1022102
v -0.0772743 0.0267888 0.0785851
vn -0.9107300 0.4125606 0.0190938
v -0.0702476 0.0252751 0.0370854
vn -0.1222877 -0.5412040 0.8319519
v 0.0400664 0.0022713 0.0716917
vn 0.5040493 -0.5404245 0.6737030
v 0.0318459 -0.0523805 0.1806648
vn 0.8712742 -0.4055990 0.2763526
v 0.0616721 -0.0515518 0.1045999
vn 0.9412266 -0.3046671 0.1458442
v 0.0675199 -0.0464972 0.0909303
vn -0.1816340 -0.1513558 0.9716484
v -0.0253973 -0.0213186 0.1990157
vn -0.9963189 0.0847021 -0.0132045
v -0.0768554 0.0343371 0.0705412
vn -0.9812136 0.0980638 0.1661426
v -0.0701010 0.0335500 0.0227244
vn -0.9591633 0.2625410 0.1052522
v -0.0706627 0.0286457 0.0258302
vn -0.9695907 0.1192534 -0.2137116
v -0.0761324 0.0308570 0.0632203
vn -0.8783700 0.4296818 -0.2093793
v -0.0722473 0.0495065 0.0799321
vn 0.9486526 -0.2807938 -0.1456476
v 0.0699962 -0.0368582 0.0687632
vn 0.7322482 -0.4954795 0.4672395
v 0.0465038 -0.0492521 0.1671578
vn 0.6218877 -0.5310209 0.5755628
v 0.0382093 -0.0541549 0.1735386
vn 0.8607911 -0.5087169 0.0156766
v 0.0609796 -0.0423980 0.1275623
vn 0.9027260 -0.3547528 0.2433850
v 0.0644275 -0.0435977 0.1071183
vn -0.1008024 -0.2191738 0.9704647
v -0.0139681 -0.0217328 0.2001201
vn 0.1396576 -0.9140677 0.3807570
v 0.0512653 0.0039411 0.0714942
vn 0.1536571 -0.8756216 -0.4579044
v 0.0498392 0.0033942 0.0746544
vn 0.8428998 -0.4337799 0.3183629
v 0.0567703 -0.0407791 0.1576102
vn 0.7738831 -0.4675008 0.4272564
v 0.0519886 -0.0452213 0.1625316
vn 0.8518561 -0.4849038 0.1980139
v 0.0567000 -0.0441730 0.1515034
vn 0.6916274 -0.6517733 -0.3111961
v 0.0633005 -0.0396127 0.1301635
vn 0.9714894 -0.2370605 0.0032820
v 0.0693506 -0.0416950 0.0804208
vn -0.1001335 -0.2101046 0.9725376
v 0.0203865 -0.0387141 0.1964589
vn -0.8548039 0.5121977 0.0834493
v -0.0715338 0.0238935 0.0296845
vn -0.9930852 0.1011890 0.0595201
v -0.0762112 0.0316587 0.0775405
vn 0.9471104 -0.2663208 -0.1790399
v 0.0669093 -0.0315346 0.0465535
vn -0.9126086 0.3872253 -0.1311569
v -0.0711152 0.0247681 0.0430534
vn 0.9728020 -0.1914846 -0.1303455
v 0.0648326 -0.0385760 0.0400312
vn 0.0032487 -0.9999725 -0.0066646
v 0.0450301 0.0023928 0.0731316
vn 0.8119074 -0.2395519 0.5323734
v 0.0649077 -0.0313046 0.1449161
vn 0.8606662 -0.3510096 0.3688441
v 0.0599417 -0.0310882 0.1601888
vn 0.5289618 -0.6127355 0.5871581
v 0.0302668 -0.0478496 0.1851906
vn 0.9716193 -0.2139003 0.1010083
v 0.0700271 -0.0378580 0.0907923
vn -0.9987853 0.0417278 -0.0262069
v -0.0761262 0.0354318 0.0811241
vn -0.0309224 -0.1678166 -0.9853331
v 0.0488977 0.0011354 0.0762968
vn 0.2359982 0.0459917 0.9706646
v 0.0492505 0.0011654 0.0706600
vn 0.8957137 -0.3869213 -0.2190639
v 0.0689003 -0.0300732 0.0534210
vn 0.7203298 -0.4171248 0.5541949
v 0.0478573 -0.0410975 0.1724045
vn 0.0977269 0.0509007 0.9939108
v 0.0223337 -0.0334057 0.1965589
vn -0.0372281 -0.3380320 0.9403980
v -0.0008877 -0.0231834 0.2016001
vn -0.9159759 0.3204618 -0.2414383
v -0.0797352 0.0413167 0.1027911
vn -0.5651626 -0.0619739 0.8226485
v -0.0538976 0.0058475 0.1889802
vn -0.2336476 -0.0936269 0.9678031
v -0.0302230 -0.0113294 0.1992548
vn 0.6365784 -0.7516632 -0.1725413
v 0.0627408 -0.0414434 0.1335038
vn 0.9855956 -0.1396533 0.0953854
v 0.0711483 -0.0281790 0.0946133
vn 0.8786689 -0.3831433 -0.2848547
v 0.0700332 -0.0215337 0.0428568
vn 0.9185789 -0.3148536 -0.2389142
v 0.0739304 -0.0169038 0.0481302
vn 0.9289021 -0.3508314 -0.1185675
v 0.0718307 -0.0293906 0.0643017
vn -0.1886727 -0.1785426 0.9656734
v -0.0166732 -0.0165150 0.2007732
vn -0.0201637 -0.2809550 0.9595092
v -0.0004535 -0.0182778 0.2035560
vn -0.5796990 -0.0455861 0.8135546
v -0.0578632 0.0161397 0.1870373
vn -0.9877280 0.1387155 0.0717739
v -0.0682682 0.0358304 0.0324187
vn -0.9672377 0.2087463 -0.1444860
v -0.0761409 0.0422046 0.0859818
vn 0.4663670 -0.5913774 -0.6578560
v 0.0658768 0.0047110 0.0730991
vn -0.1340181 -0.6999202 -0.7015347
v 0.0598091 0.0022524 0.0740171
vn -0.1473175 -0.0452236 -0.9880549
v 0.0545059 0.0010753 0.0757895
vn -0.0453386 0.8074005 -0.5882593
v 0.0514862 -0.0009156 0.0750248
vn 0.6133144 -0.5523471 0.5645868
v 0.0631921 -0.0395559 0.1426667
vn 0.9131159 -0.3944794 0.1029824
v 0.0624194 -0.0408377 0.1202645
vn 0.9377142 -0.2713831 0.2168947
v 0.0675157 -0.0383144 0.1025865
vn 0.2249781 -0.4300911 0.8743035
v 0.0059759 -0.0139367 0.2039895
vn 0.3546792 0.0024371 0.9349849
v 0.0262976 -0.0280940 0.1952305
vn -0.9392105 0.2890376 -0.1853133
v -0.0756527 0.0474842 0.0899693
vn -0.2527524 -0.0968741 0.9626691
v -0.0263235 -0.0017329 0.2005023
vn -0.9880582 0.0849093 -0.1285745
v -0.0685076 0.0466197 0.0474347
vn -0.9663695 0.2274050 -0.1200707
v -0.0760282 0.0389386 0.0704232
vn -0.9408399 0.2005430 -0.2731351
v -0.0727045 0.0363581 0.0547983
vn 0.6437864 -0.1653419 0.7471287
v 0.0485436 -0.0107593 0.1860785
vn 0.9327089 -0.3583898 0.0401371
v 0.0658855 -0.0358892 0.1372401
vn -0.6616282 -0.0972638 0.7434971
v -0.0647655 0.0110274 0.1810293
vn -0.4358047 -0.0558730 0.8983054
v -0.0415220 -0.0038029 0.1958076
vn -0.0658599 0.3185802 -0.9456052
v 0.0595767 -0.0006586 0.0747061
vn 0.6728389 -0.0564426 0.7376327
v 0.0330688 -0.0337692 0.1912092
vn 0.8465269 -0.4216680 -0.3249438
v 0.0661062 -0.0365945 0.1308480
vn 0.9276226 -0.3318848 0.1713738
v 0.0649667 -0.0364067 0.1142594
vn 0.8851829 -0.4616819 0.0574559
v 0.0683222 -0.0301586 0.1087305
vn 0.1530222 -0.3042524 0.9402206
v 0.0087653 -0.0247435 0.1994807
vn 0.9235542 -0.2464525 -0.2937838
v 0.0658225 -0.0245189 0.0337445
vn 0.9908776 -0.0992574 0.0911567
v 0.0723171 -0.0225382 0.0812749
vn 0.4085864 0.7770280 0.4788369
v 0.0582944 -0.0025944 0.0697786
vn -0.0897544 0.1755572 -0.9803693
v 0.0667447 0.0016928 0.0743839
vn 0.6867328 -0.3721151 0.6244425
v 0.0363496 -0.0395982 0.1855355
vn 0.5880871 -0.2698177 0.7624645
v 0.0371583 -0.0307242 0.1889725
vn 0.9702359 -0.2398988 -0.0330265
v 0.0676134 -0.0329846 0.1344857
vn 0.8962073 -0.4427679 -0.0277348
v 0.0660706 -0.0377629 0.1332693
vn -0.1854736 -0.1523590 0.9707658
v -0.0114271 -0.0144142 0.2023004
vn -0.9269719 0.3516307 -0.1306871
v -0.0731054 0.0432887 0.0631452
vn 0.9677293 -0.2514668 0.0162645
v 0.0736671 -0.0239271 0.0661351
vn 0.8876353 -0.3623741 0.2842335
v 0.0614790 -0.0338167 0.1524728
vn 0.8141299 -0.3781365 0.4406873
v 0.0555568 -0.0367136 0.1643069
vn 0.8800151 -0.3732188 -0.2937367
v 0.0652178 -0.0351148 0.1286197
vn 0.9882661 -0.1474241 0.0399529
v 0.0713554 -0.0220996 0.0990487
vn 0.9771662 -0.2107915 0.0267041
v 0.0718534 -0.0305430 0.0742908
vn -0.1995536 -0.0619271 0.9779282
v -0.0231099 0.0062694 0.2020328
vn -0.8836476 0.4517407 -0.1228714
v -0.0743852 0.0435518 0.0727189
vn 0.2020611 0.9176561 0.3421676
v 0.0633165 -0.0036146 0.0672303
vn 0.6924958 0.0677799 0.7182308
v 0.0621384 -0.0013531 0.0657944
vn 0.0336867 0.8580420 -0.5124735
v 0.0617810 -0.0031682 0.0724713
vn 0.8760120 -0.4251900 -0.2276325
v 0.0718995 -0.0241959 0.0529055
vn 0.9447975 -0.2352767 -0.2280410
v 0.0696255 -0.0064602 0.0262880
vn 0.8514497 -0.2534970 0.4590999
v 0.0661357 -0.0343484 0.1426721
vn -0.3865897 -0.0140653 0.9221446
v -0.0396175 0.0162967 0.1971833
vn 0.2077544 -0.9597297 0.1890952
v 0.0615354 0.0028750 0.0711784
vn -0.2011578 0.7491878 -0.6310731
v 0.0697822 0.0016994 0.0731282
vn -0.4351970 0.8999137 -0.0275500
v 0.0683082 -0.0024750 0.0663044
vn -0.2863298 0.9351295 -0.2086820
v 0.0648720 -0.0034123 0.0711231
vn 0.9717788 -0.2282403 0.0596012
v 0.0679096 -0.0320339 0.1380639
vn 0.9931109 0.1159096 -0.0171993
v 0.0679065 -0.0283627 0.1354579
vn 0.4510712 -0.1080900 0.8859184
v 0.0385234 -0.0107494 0.1926928
vn 0.4551381 0.2248231 0.8615706
v 0.0152011 0.0010841 0.2014528
vn 0.6827952 -0.1107645 0.7221648
v 0.0136074 -0.0056003 0.2038902
vn 0.4908029 -0.4688733 0.7343504
v 0.0102311 -0.0111246 0.2043162
vn -0.9745988 0.1235082 0.1868233
v -0.0695976 0.0458018 0.0212083
vn -0.9266635 0.3609316 -0.1049913
v -0.0651627 0.0518769 0.0368639
vn -0.9643233 0.1534975 0.2156831
v -0.0679111 0.0451626 0.0270248
vn -0.9893652 0.1449549 -0.0120227
v -0.0675830 0.0426057 0.0343777
vn 0.9096343 -0.3126098 0.2735701
v 0.0639939 -0.0260386 0.1541002
vn 0.9627985 -0.1559819 0.2206552
v 0.0661570 -0.0260400 0.1440599
vn 0.9538909 0.0018266 0.3001480
v 0.0675540 -0.0298549 0.1401458
vn 0.7303839 -0.6455778 0.2230891
v 0.0675438 -0.0288226 0.1178655
vn 0.2681050 -0.0938009 0.9588124
v 0.0236090 -0.0123497 0.1983825
vn 0.3133210 -0.1344060 0.9400878
v 0.0256521 -0.0180272 0.1970113
vn 0.9089764 -0.4103974 -0.0730484
v 0.0839983 0.0294424 0.0810731
vn 0.1652736 -0.6991397 0.6956209
v 0.0725221 0.0165575 0.0613131
vn 0.5410829 -0.0998020 0.8350263
v 0.0694686 0.0085449 0.0581904
vn 0.8911896 -0.2225381 -0.3952948
v 0.0627619 -0.0204992 0.0229261
vn 0.8147156 -0.5744863 0.0787655
v 0.0654972 0.0046361 0.0687942
vn 0.5937101 -0.6889538 0.4157537
v 0.0632214 0.0012913 0.0669613
vn -0.8979614 0.3612647 0.2513031
v -0.0634021 0.0628806 0.0278438
vn -0.9365896 0.3188340 0.1454126
v -0.0660913 0.0608412 0.0152746
vn 0.0036332 -0.3032187 0.9529141
v 0.0718333 0.0085760 0.0577450
vn 0.9928386 -0.1162946 0.0273337
v 0.0761950 -0.0140148 0.0607329
vn 0.9466481 -0.3040857 -0.1067208
v 0.0747231 -0.0197124 0.0569285
vn 0.8141171 -0.2052246 0.5432277
v 0.0580586 -0.0206089 0.0129569
vn 0.8876333 -0.1495323 0.4356000
v 0.0669288 0.0081292 0.0613804
vn -0.5910351 0.7438437 -0.3120483
v 0.0687842 -0.0013309 0.0697311
vn -0.3528903 0.6311102 -0.6907738
v 0.0659114 -0.0015257 0.0731486
vn 0.8882969 -0.3490525 -0.2984813
v 0.0674684 0.0122568 0.0670411
vn 0.9958477 -0.0818824 0.0397831
v 0.0669222 -0.0245299 0.1390797
vn -0.1986926 0.0212605 0.9798312
v -0.0070712 -0.0044778 0.2032275
vn -0.2911142 -0.0454393 0.9556086
v -0.0324991 0.0014948 0.1994149
vn -0.2369809 0.9681145 -0.0812059
v 0.0719210 -0.0002516 0.0629365
vn 0.8741261 -0.4687153 -0.1273167
v 0.0807276 0.0014981 0.0430302
vn 0.9136328 -0.2360008 -0.3310268
v 0.0724730 -0.0142056 0.0408679
vn -0.1061089 -0.0552077 0.9928207
v -0.0165783 0.0013610 0.2024155
vn -0.9564584 0.2273495 -0.1830290
v -0.0679575 0.0465726 0.0410953
vn 0.9982876 -0.0138875 -0.0568239
v 0.0763946 -0.0082597 0.0556863
vn -0.1191126 0.9432905 0.3098634
v 0.0671889 -0.0025285 0.0644051
vn 0.9254124 -0.3785667 0.0173008
v 0.0670023 0.0130458 0.0643855
vn -0.1934966 0.3538401 0.9150717
v 0.0025145 0.0010505 0.2060911
vn 0.1860583 0.4581643 0.8691765
v 0.0074731 0.0032461 0.2048567
vn 0.0377531 0.1371368 0.9898325
v 0.0062721 -0.0005001 0.2065429
vn 0.3511420 -0.0508932 0.9349381
v 0.0190238 -0.0055533 0.1999715
vn 0.2880933 -0.2289012 0.9298422
v 0.0086573 -0.0094113 0.2060378
vn -0.8854802 0.4214126 -0.1957963
v -0.0753184 0.0554507 0.1054907
vn 0.9022939 -0.3320781 0.2749363
v 0.0690308 -0.0218968 0.1235634
vn 0.9953139 -0.0820211 0.0512136
v 0.0717871 -0.0228531 0.0917533
vn 0.0629500 -0.3466742 0.9358709
v 0.0060236 -0.0107773 0.2061488
vn 0.0548827 -0.0353015 0.9978686
v 0.0057491 -0.0052876 0.2065741
vn 0.4043012 0.1662094 0.8993971
v 0.0709880 0.0034084 0.0575949
vn -0.0994572 -0.9227910 -0.3722433
v 0.0766061 0.0181418 0.0757109
vn 0.9157083 -0.3769577 -0.1392169
v 0.0698462 0.0153841 0.0688067
vn 0.4309642 -0.8768958 -0.2128933
v 0.0710043 0.0189174 0.0766714
vn -0.1970998 0.9625762 -0.1860074
v 0.0723172 0.0020685 0.0702450
vn 0.7423036 -0.6560438 0.1363526
v 0.0706809 0.0183134 0.0726507
vn 0.9593069 0.1673444 0.2274339
v 0.0698295 0.0143986 0.0739702
vn -0.1904402 -0.8261099 -0.5303537
v 0.0722383 0.0177156 0.0792101
vn 0.8683381 -0.2510350 0.4277503
v 0.0628891 -0.0152145 0.1656489
vn 0.8766339 -0.2946595 0.3803799
v 0.0618502 -0.0231979 0.1625165
vn 0.7450337 -0.3338352 0.5774764
v 0.0512596 -0.0294073 0.1755076
vn -0.1965219 -0.0069805 0.9804746
v 0.0004848 -0.0059681 0.2063009
vn -0.8967953 0.3895173 -0.2098439
v -0.0737322 0.0541833 0.0929186
vn -0.8423160 0.4570787 -0.2856272
v -0.0693733 0.0553396 0.0816833
vn -0.4900822 -0.0364853 0.8709123
v -0.0475023 0.0113903 0.1932018
vn -0.9582894 0.1837414 -0.2189074
v -0.0696587 0.0432258 0.0507387
vn 0.8290298 -0.3996014 -0.3911884
v 0.0655930 -0.0093875 0.0187666
vn 0.5241973 -0.8363852 0.1602405
v 0.0717764 0.0180879 0.0664821
vn 0.5364971 -0.4138220 0.7354742
v 0.0688553 0.0129623 0.0598801
vn 0.7412751 -0.6230884 0.2495438
v 0.0687742 0.0152490 0.0627196
vn 0.2979560 -0.6957643 -0.6535552
v 0.0701024 0.0162960 0.0810775
vn 0.8186136 -0.3044712 0.4870001
v 0.0589470 -0.0212985 0.1693545
vn -0.3271351 0.1459775 0.9336344
v -0.0011627 -0.0020071 0.2051348
vn 0.9829940 -0.1281721 0.1315093
v 0.0749689 -0.0161188 0.0693777
vn 0.9863387 0.1634448 0.0205355
v 0.0760553 -0.0043204 0.0637351
vn 0.9803859 -0.1487776 -0.1292622
v 0.0759846 -0.0135208 0.0548144
vn 0.8625160 0.0043405 -0.5060112
v 0.0714545 0.0098761 0.0735624
vn 0.4486372 -0.1621140 0.8788878
v 0.0349805 -0.0187021 0.1931660
vn -0.0506018 -0.0389526 0.9979590
v -0.0097734 0.0018882 0.2031147
vn 0.5793993 -0.3041053 0.7561855
v 0.0139420 -0.0100212 0.2015265
vn 0.7398731 0.6725299 0.0170722
v 0.0750328 -0.0014212 0.0617399
vn 0.8785820 -0.3337881 -0.3415835
v 0.0675244 -0.0143377 0.0285050
vn 0.6859320 0.7126200 -0.1472079
v 0.0745034 0.0009992 0.0667434
vn 0.8068268 -0.5703057 -0.1542144
v 0.0751549 0.0113169 0.0900087
vn 0.8254600 0.3420776 0.4489976
v 0.0685919 0.0121664 0.0772582
vn 0.7643919 0.2358687 -0.6000592
v 0.0694760 0.0079928 0.0840300
vn -0.7865703 0.5491223 -0.2824392
v -0.0616899 0.0616567 0.0440078
vn 0.2778123 -0.5170751 0.8096010
v 0.0779788 0.0052906 0.0572865
vn 0.8730700 -0.3819172 0.3031305
v 0.0810856 0.0155715 0.0574603
vn 0.3106217 -0.3991887 0.8626485
v 0.0781637 0.0140336 0.0597656
vn 0.3163926 0.7105663 0.6284834
v 0.0719902 0.0006602 0.0585407
vn 0.6774817 -0.3253848 0.6596540
v 0.0795688 0.0080965 0.0576672
vn 0.8633783 -0.1920783 0.4665661
v 0.0807586 0.0101477 0.0565830
vn 0.8284242 -0.5377137 0.1567716
v 0.0786687 -0.0014248 0.0460184
vn 0.9937046 0.0352519 0.1063420
v 0.0758792 -0.0052593 0.0689508
vn 0.5181639 0.8295361 0.2082694
v 0.0701572 0.0066548 0.0822328
vn 0.5406718 -0.3975991 -0.7413427
v 0.0691167 0.0124688 0.0830473
vn -0.0972806 -0.6739244 -0.7323676
v 0.0737168 0.0142580 0.0816092
vn 0.6628475 0.0410684 0.7476273
v 0.0147878 -0.0016062 0.2024471
vn -0.0520711 -0.2881631 0.9561646
v 0.0749861 0.0117643 0.0592398
vn 0.4087650 -0.1029133 0.9068187
v 0.0749892 0.0022463 0.0566338
vn 0.8421220 -0.4170440 0.3419138
v 0.0773809 0.0001530 0.0516637
vn 0.8338413 0.0335635 0.5509830
v 0.0752506 0.0000838 0.0563746
vn 0.9887353 -0.0682761 0.1331955
v 0.0734425 -0.0111518 0.0788455
vn 0.6963459 0.7173455 -0.0227562
v 0.0742798 0.0015105 0.0730583
vn 0.9621631 0.2709575 0.0287088
v 0.0674309 0.0108308 0.0811282
vn 0.9477629 -0.3049266 0.0936233
v 0.0683588 -0.0193185 0.1421025
vn -0.9524112 0.2521566 0.1712599
v -0.0656591 0.0511358 0.0311118
vn 0.9810233 -0.1731172 0.0873143
v 0.0760461 -0.0038285 0.0523607
vn 0.0464586 -0.1761161 -0.9832725
v 0.0768684 0.0001120 0.0397467
vn 0.5941542 -0.6957695 -0.4035908
v 0.0771197 -0.0026719 0.0425492
vn 0.9275436 -0.2205137 -0.3017228
v 0.0748967 -0.0059811 0.0446712
vn 0.3290483 -0.1265989 -0.9357884
v 0.0706955 0.0066663 0.0743836
vn 0.9973748 0.0336808 0.0641017
v 0.0748051 -0.0018712 0.0776947
vn 0.3886166 -0.8316125 -0.3967339
v 0.0787200 0.0155658 0.0807933
vn 0.7883016 -0.2459732 0.5639839
v 0.0573414 -0.0150369 0.1749158
vn -0.4892961 0.0013189 0.8721167
v -0.0506783 0.0253922 0.1919622
vn -0.9122557 0.3917148 0.1197876
v -0.0656066 0.0612729 0.0200207
vn -0.0244607 -0.3331701 0.9425494
v 0.0756440 0.0076101 0.0585202
vn 0.8524655 -0.5226175 -0.0131777
v 0.0791465 0.0161253 0.0891423
vn 0.5822914 0.7415504 -0.3332262
v 0.0737551 0.0053391 0.0868085
vn 0.9084163 -0.2679095 0.3209429
v 0.0658828 -0.0171720 0.1566265
vn 0.9698267 -0.2411089 0.0360931
v 0.0748517 -0.0021338 0.1285453
vn 0.5609396 -0.1904427 0.8056540
v 0.0429723 -0.0184608 0.1886558
vn -0.4209840 0.2531703 0.8710209
v -0.0099004 0.0526587 0.2015285
vn 0.1543619 -0.0621156 0.9860599
v 0.0107530 0.0117266 0.2029349
vn 0.0956544 0.1112823 0.9891747
v 0.0061214 0.0072082 0.2032052
vn -0.1866631 0.4088453 0.8933098
v 0.0025194 0.0039753 0.2040915
vn -0.0959975 0.1120255 0.9890575
v -0.0034887 0.0047099 0.2032128
vn 0.3876878 -0.0593013 0.9198813
v 0.0109424 -0.0049174 0.2058242
vn -0.8616798 0.4774228 -0.1719752
v -0.0729589 0.0606088 0.1079853
vn -0.5959776 0.0307076 0.8024137
v -0.0610711 0.0269639 0.1849086
vn -0.4880814 0.0844654 0.8687015
v -0.0490817 0.0353404 0.1924837
vn -0.9281439 0.2559939 0.2702147
v -0.0660948 0.0560067 0.0264271
vn -0.9569704 0.2281787 -0.1792825
v -0.0676158 0.0528817 0.0472921
vn -0.7944806 0.6072623 -0.0057588
v -0.0561073 0.0689534 0.0415466
vn 0.9544041 -0.1645260 -0.2490866
v 0.0744872 -0.0117641 0.0454588
vn 0.9468772 -0.1520911 -0.2833582
v 0.0712536 -0.0091185 0.0354468
vn 0.1375968 -0.9643173 0.2261844
v 0.0751339 0.0189711 0.0674610
vn 0.3417577 -0.9351227 -0.0935269
v 0.0815538 0.0193040 0.0731880
vn 0.9887015 0.1447117 0.0390894
v 0.0732203 -0.0130729 0.1119131
vn -0.0783952 -0.0902896 0.9928253
v -0.0129447 0.0183632 0.2042759
vn 0.9445013 -0.3005663 0.1325796
v 0.0826254 0.0203857 0.0828156
vn 0.0403960 -0.9961249 0.0781244
v 0.0797734 0.0188599 0.0675327
vn 0.9827977 -0.1698964 0.0724146
v 0.0733464 -0.0074528 0.0814320
vn 0.6823582 -0.2717783 0.6786191
v 0.0478900 -0.0227318 0.1828346
vn -0.0075659 0.0750858 0.9971484
v -0.0052223 0.0316911 0.2050544
vn 0.4817563 0.2336268 0.8445883
v 0.0110519 -0.0003323 0.2052354
vn 0.7667036 -0.4660715 0.4415236
v 0.0792235 0.0036469 0.0535705
vn 0.7713220 -0.6362813 -0.0144428
v 0.0814657 0.0181651 0.0803646
vn 0.1180582 -0.1144145 0.9863932
v 0.0831236 0.0170825 0.1012151
vn 0.9892515 -0.1036762 0.1031153
v 0.0833436 0.0263137 0.0791995
vn 0.9962929 0.0575580 -0.0639332
v 0.0772832 0.0242521 0.1270020
vn 0.9976357 -0.0509071 -0.0461681
v 0.0758892 0.0051185 0.1079052
vn 0.9901894 -0.1392272 0.0118602
v 0.0750451 -0.0000482 0.1015822
vn 0.9071560 -0.3809814 0.1786652
v 0.0756539 -0.0002504 0.0940375
vn 0.9364091 -0.3437176 0.0706839
v 0.0850471 0.0148584 0.0989655
vn 0.8757333 0.0936478 -0.4736256
v 0.0739928 0.0028184 0.0774654
vn 0.0346619 -0.1002074 0.9943627
v -0.0005856 0.0163061 0.2043331
vn 0.1123207 0.1213248 0.9862375
v 0.0017055 0.0331654 0.2044722
vn -0.8766071 0.4791858 0.0440586
v -0.0614227 0.0608679 0.0389836
vn -0.8899726 0.3784829 0.2543611
v -0.0618607 0.0624224 0.0326105
vn 0.9748040 -0.1348295 -0.1777023
v 0.0713256 -0.0046677 0.0328177
vn 0.5230368 -0.6076664 -0.5976405
v 0.0841812 0.0258458 0.0923755
vn 0.9585313 -0.2544053 -0.1284356
v 0.0745269 -0.0027954 0.0831223
vn 0.9107763 -0.2205094 -0.3490876
v 0.0757831 0.0022943 0.0813670
vn 0.7235613 -0.6890181 -0.0413890
v 0.0763695 0.0121364 0.0853850
vn 0.9812379 -0.1912980 0.0240265
v 0.0744372 -0.0049533 0.1119651
vn -0.0221869 -0.0759857 0.9968621
v -0.0098776 0.0082200 0.2034169
vn 0.9032246 -0.2881577 -0.3180416
v 0.0687594 -0.0054503 0.0217780
vn 0.9702174 -0.2408334 0.0260284
v 0.0818645 0.0224567 0.0893310
vn 0.8614496 -0.4697308 -0.1930223
v 0.0825769 0.0262480 0.0896901
vn 0.8081602 0.5581757 -0.1879282
v 0.0720962 0.0053404 0.0430219
vn -0.2119462 0.5096127 -0.8338907
v 0.0797361 0.0170404 0.0451880
vn 0.0574616 -0.8428857 0.5350159
v 0.0782151 0.0172099 0.0618311
vn 0.9232131 -0.3840579 -0.0133096
v 0.0790946 0.0035835 0.0923568
vn 0.5716692 0.7263052 0.3816742
v 0.0717950 0.0090457 0.0781904
vn 0.8312435 0.5165014 -0.2055739
v 0.0778784 0.0046857 0.0866983
vn 0.9252523 -0.1433313 0.3512326
v 0.0725165 0.0137400 0.1592284
vn 0.9874588 -0.1564088 -0.0214807
v 0.0731179 -0.0122580 0.1019982
vn -0.8860728 0.4446099 -0.1311381
v -0.0715976 0.0608612 0.1005872
vn -0.4303227 0.4845240 0.7616159
v -0.0550833 0.0783672 0.0164454
vn 0.9195423 -0.3928721 -0.0096726
v 0.0741147 -0.0045532 0.0873923
vn 0.8478662 0.5006928 -0.1744406
v 0.0760097 0.0055600 0.0810866
vn 0.9658384 -0.2148712 0.1448673
v 0.0742420 0.0002418 0.1423542
vn 0.2933794 -0.0283911 0.9555745
v 0.0242231 0.0120836 0.1996785
vn -0.1427803 0.0157912 0.9896284
v -0.0124861 0.0279207 0.2046479
vn -0.8665338 0.4911631 -0.0887581
v -0.0683475 0.0525820 0.0715687
vn -0.8327781 0.4645849 -0.3010675
v -0.0647121 0.0674918 0.0839603
vn -0.4204530 0.5651808 -0.7097816
v 0.0752090 0.0040113 0.0415733
vn 0.4754524 -0.1222343 0.8712083
v 0.0668240 0.0004630 0.0129569
vn 0.8932495 -0.3598006 -0.2695346
v 0.0860891 0.0295410 0.0877854
vn 0.4835645 0.8674896 -0.1167356
v 0.0835748 0.0333408 0.0771773
vn 0.4166366 0.3350010 -0.8450966
v 0.0804255 0.0097502 0.0945390
vn 0.9553780 -0.2923278 0.0423945
v 0.0732704 -0.0074344 0.1240311
vn 0.5624998 -0.0943204 0.8213999
v 0.0469208 -0.0027768 0.1884435
vn 0.2125599 -0.0011075 0.9771474
v 0.0133023 0.0191279 0.2027557
vn 0.2457381 -0.0222251 0.9690815
v 0.0178296 0.0163775 0.2017135
vn -0.8714227 0.4746078 -0.1239758
v -0.0686079 0.0662920 0.0971708
vn -0.9886977 -0.1436121 0.0430397
v -0.0757432 0.0609878 0.1310273
vn -0.3358881 0.6532361 0.6785734
v -0.0475832 0.0846660 0.0157247
vn -0.6207940 0.7740444 0.1243791
v -0.0505946 0.0811808 0.0182736
vn -0.9150219 0.3824427 0.1283456
v -0.0673184 0.0570823 0.0643005
vn 0.9154741 -0.3476548 0.2025919
v 0.0815206 0.0056522 0.0492020
vn 0.7800093 -0.3605107 -0.5114856
v 0.0820804 0.0205859 0.0941528
vn 0.6478739 -0.3796425 -0.6604022
v 0.0855338 0.0205658 0.0965151
vn 0.5677177 -0.7985492 0.2000394
v 0.0826328 0.0188020 0.0631267
vn 0.4946015 0.6644555 -0.5602396
v 0.0777863 0.0061249 0.0905520
vn 0.5935963 -0.1065044 -0.7976844
v 0.0824138 0.0143971 0.0963270
vn 0.7539918 -0.4107007 -0.5126611
v 0.0800143 0.0155590 0.0943828
vn -0.2715791 -0.0234340 0.9621308
v -0.0285246 0.0160887 0.2010519
vn -0.9135097 0.3563640 -0.1962262
v -0.0657420 0.0607612 0.0501123
vn -0.8073907 0.4514483 -0.3798878
v -0.0651982 0.0575994 0.0448975
vn -0.8260199 0.4681538 0.3138838
v -0.0580336 0.0707219 0.0318230
vn -0.8690956 0.4475131 -0.2107249
v -0.0688637 0.0637145 0.0903167
vn 0.6583303 0.5505029 -0.5133690
v 0.0830044 0.0245512 0.0525540
vn 0.9384607 -0.3414102 -0.0522555
v 0.0836739 0.0205896 0.0590970
vn 0.9596205 -0.1677562 0.2258017
v 0.0827438 0.0116992 0.0505986
vn 0.4625903 0.5811961 -0.6694933
v 0.0750308 0.0067427 0.0913113
vn 0.7823780 -0.0776087 -0.6179495
v 0.0754114 0.0098487 0.0922413
vn 0.9470794 -0.2757563 0.1643145
v 0.0715897 -0.0087644 0.1447356
vn 0.3366956 -0.0650859 0.9393614
v 0.0304274 -0.0017878 0.1970529
vn -0.1453608 -0.0494418 0.9881426
v -0.0183350 0.0148530 0.2033747
vn 0.9209741 -0.1980982 -0.3355052
v 0.0823123 0.0065998 0.0426662
vn 0.8623029 0.4480596 0.2359585
v 0.0866658 0.0293118 0.0929736
vn 0.9228877 -0.2627664 -0.2814820
v 0.0871953 0.0262390 0.0939354
vn 0.9151682 -0.3486449 -0.2022722
v 0.0770927 0.0009672 0.0871027
vn 0.6094540 -0.5830116 0.5372739
v 0.0781584 0.0038594 0.0953725
vn 0.9323897 -0.2795585 0.2291211
v 0.0680926 -0.0160547 0.1504968
vn 0.9353618 -0.2175608 0.2788649
v 0.0715800 -0.0006197 0.1533553
vn 0.9526202 -0.2970757 0.0652753
v 0.0723814 -0.0092323 0.1361991
vn -0.8442760 0.5166063 -0.1425347
v -0.0712531 0.0668266 0.1169794
vn -0.6286959 0.1370973 0.7654710
v -0.0644984 0.0397700 0.1811158
vn -0.5633624 0.1642799 0.8097128
v -0.0573960 0.0405934 0.1864704
vn -0.8543522 0.5002756 0.1407366
v -0.0612654 0.0688885 0.0195091
vn -0.9009957 0.4307728 0.0513978
v -0.0644588 0.0598102 0.0715631
vn -0.8262135 0.5480741 -0.1303308
v -0.0655398 0.0714816 0.0980997
vn 0.9801713 -0.0958415 -0.1734323
v 0.0835354 0.0097185 0.0444905
vn 0.9869923 0.1545826 -0.0441630
v 0.0726446 0.0081463 0.0329107
vn 0.8083114 -0.5875794 0.0371916
v 0.0842963 0.0209632 0.0694908
vn -0.8608592 0.4937970 -0.1228255
v -0.0688373 0.0677734 0.1059809
vn -0.2495805 0.0293399 0.9679095
v -0.0257254 0.0268868 0.2017653
vn -0.7139120 0.4705334 0.5185826
v -0.0596014 0.0720050 0.0170376
vn 0.4501973 0.2860766 -0.8458621
v 0.0814619 0.0101838 0.0418708
vn 0.9682432 0.2066362 0.1407360
v 0.0717436 0.0083326 0.0414301
vn 0.9693689 -0.0933958 -0.2271589
v 0.0712835 0.0029347 0.0248499
vn -0.0876825 0.8049424 0.5868387
v 0.0828214 0.0301209 0.0947829
vn 0.5804529 0.0778063 0.8105681
v 0.0852686 0.0201476 0.1006106
vn 0.4278235 0.8716199 0.2392609
v 0.0846799 0.0326491 0.0886645
vn 0.6469567 0.7623864 0.0146322
v 0.0850609 0.0327892 0.0854537
vn 0.9964584 0.0412760 -0.0732597
v 0.0853124 0.0260375 0.0637472
vn 0.9862919 -0.1315762 0.0995789
v 0.0847828 0.0240403 0.0710744
vn 0.9422729 -0.3316450 -0.0461898
v 0.0846462 0.0215838 0.0628645
vn 0.8588122 -0.1294881 -0.4956557
v 0.0825428 0.0096642 0.0961105
vn 0.2286744 -0.0626174 0.9714870
v 0.0171839 0.0053684 0.2012157
vn 0.9654292 0.1150562 -0.2338986
v 0.0836180 0.0141653 0.0463860
vn 0.5859929 -0.2422041 -0.7732720
v 0.0796632 0.0023240 0.0398270
vn 0.9990853 0.0050225 -0.0424663
v 0.0725775 0.0040197 0.0347815
vn 0.7458599 0.6618363 0.0752715
v 0.0658253 0.0199361 0.0356362
vn 0.9484292 0.2126676 -0.2350632
v 0.0710660 0.0090091 0.0251725
vn 0.8505853 0.2299675 0.4728844
v 0.0867156 0.0230927 0.0982604
vn 0.3437569 0.5471895 0.7631611
v 0.0848290 0.0262420 0.0982544
vn 0.9801370 -0.1912585 0.0524574
v 0.0867851 0.0210417 0.0982784
vn -0.0891250 0.9773997 -0.1916939
v 0.0718849 0.0247694 0.0664077
vn 0.3473309 0.7984955 0.4916973
v 0.0850838 0.0300814 0.0942156
vn -0.6071927 0.7936478 -0.0379496
v 0.0797550 0.0330879 0.0804278
vn -0.0477907 0.9982403 0.0351052
v 0.0819283 0.0339386 0.0812642
vn 0.9685618 0.2178731 -0.1200812
v 0.0849584 0.0323254 0.0793981
vn 0.5209703 -0.5271561 0.6713393
v 0.0822935 0.0104212 0.0990570
vn 0.7216364 -0.1837831 0.6674315
v 0.0532844 -0.0106350 0.1814902
vn -0.7964144 0.6044452 -0.0192399
v -0.0701009 0.0695606 0.1229308
vn -0.7919406 0.6039549 0.0898258
v -0.0711454 0.0673130 0.1342824
vn -0.5833022 0.2707582 0.7657993
v -0.0620566 0.0474847 0.1812268
vn -0.3539544 0.0398724 0.9344124
v -0.0372985 0.0298684 0.1981058
vn -0.7782388 0.6276258 0.0207438
v -0.0563070 0.0759079 0.0230543
vn -0.8641763 0.4328937 -0.2565199
v -0.0649623 0.0604325 0.0776049
vn -0.8596196 0.3748627 -0.3471774
v -0.0666735 0.0624316 0.0829775
vn -0.8401157 0.5377835 0.0706724
v -0.0569229 0.0753522 0.0732127
vn -0.8954829 0.3988498 0.1975582
v -0.0622339 0.0662238 0.0690885
vn -0.2313413 0.2345902 -0.9441656
v 0.0776597 0.0041783 0.0397448
vn -0.2258780 0.7723978 -0.5936167
v 0.0734613 0.0062385 0.0473054
vn 0.2983705 0.0119122 0.9543758
v 0.0673777 0.0068106 0.0129569
vn -0.6061988 0.7753508 0.1770710
v 0.0798749 0.0325404 0.0867091
vn -0.0281010 0.9632350 0.2671867
v 0.0825038 0.0329849 0.0883421
vn -0.6340045 0.7460473 -0.2035972
v 0.0803264 0.0321574 0.0725849
vn -0.1422781 0.9785913 -0.1487147
v 0.0819315 0.0335213 0.0759703
vn 0.9558408 0.2904548 -0.0447719
v 0.0844482 0.0305994 0.0695737
vn 0.9322363 0.2672732 -0.2439274
v 0.0847198 0.0261855 0.0587596
vn 0.9498022 -0.0423099 0.3099769
v 0.0738662 0.0237236 0.1583534
vn 0.9770002 0.0282984 0.2113524
v 0.0754529 0.0260597 0.1521128
vn -0.3703003 0.1719736 0.9128542
v -0.0415404 0.0408375 0.1954328
vn 0.7398614 -0.0675942 -0.6693550
v 0.0730197 0.0000634 0.0391101
vn -0.9204256 0.3876512 0.0504300
v 0.0783493 0.0312223 0.0834954
vn 0.9888712 -0.1475360 -0.0191587
v 0.0759800 0.0034016 0.1170418
vn 0.9734145 0.2261135 0.0365646
v 0.0765534 0.0333323 0.1379860
vn -0.0183414 -0.0579532 0.9981508
v -0.0060056 0.0212851 0.2050661
vn -0.5087903 0.6378471 -0.5781726
v -0.0506154 0.0848446 0.0561515
vn -0.8493243 0.5143706 -0.1186220
v -0.0597490 0.0756290 0.0582046
vn -0.9235971 0.3830195 -0.0162622
v -0.0644855 0.0662715 0.0582404
vn 0.6466843 0.4413355 -0.6221112
v 0.0825740 0.0187147 0.0471254
vn -0.5910482 0.3868714 -0.7078084
v 0.0780145 0.0109960 0.0428522
vn 0.8166030 0.5769757 0.0160802
v 0.0687734 0.0170655 0.0314793
vn -0.1987214 0.3323329 0.9219895
v 0.0825886 0.0225251 0.1004633
vn -0.5431610 0.8239111 0.1616991
v 0.0773892 0.0220964 0.0793902
vn -0.9651248 0.2491884 -0.0802453
v 0.0779138 0.0240206 0.0864479
vn -0.9354883 0.3212585 0.1471550
v 0.0782753 0.0275725 0.0911051
vn -0.5985315 0.6914398 0.4045628
v 0.0802847 0.0314453 0.0908838
vn 0.5967847 0.7445824 -0.2990740
v 0.0839969 0.0295964 0.0622357
vn 0.9981466 -0.0403872 -0.0455221
v 0.0772588 0.0136142 0.1215206
vn 0.9920733 0.0662517 0.1067769
v 0.0774090 0.0262217 0.1407403
vn 0.8889531 -0.1867100 0.4182126
v 0.0687091 0.0032736 0.1632591
vn 0.9051060 -0.2418976 0.3496694
v 0.0674541 -0.0076824 0.1598854
vn -0.8554314 0.4859711 0.1790791
v -0.0615456 0.0677755 0.0261775
vn -0.7999300 0.5586517 -0.2191353
v -0.0635875 0.0719945 0.0887154
vn -0.7084012 0.4289565 -0.5605035
v 0.0753169 0.0192178 0.0509807
vn 0.8814678 0.4463015 0.1543680
v 0.0688794 0.0130785 0.0467858
vn 0.8934468 0.4043464 -0.1955937
v 0.0668806 0.0158023 0.0180507
vn -0.3986171 0.5838986 0.7072247
v 0.0812176 0.0269345 0.0973179
vn -0.9253278 0.3650305 -0.1025734
v 0.0785051 0.0310929 0.0781594
vn 0.1519123 0.9554150 -0.2531896
v 0.0827109 0.0318048 0.0682346
vn 0.9960312 -0.0875856 -0.0158329
v 0.0835052 0.0194736 0.0530039
vn 0.9133470 -0.0895982 0.3972020
v 0.0756801 0.0055412 0.0992838
vn 0.9243992 0.1437823 -0.3532885
v 0.0709558 0.0314803 0.0986440
vn 0.9833043 0.0782099 -0.1643041
v 0.0755443 0.0102091 0.1064303
vn 0.9599257 0.2406250 -0.1436745
v 0.0681954 0.0255040 0.0902685
vn 0.9888450 0.1485573 -0.0107872
v 0.0667949 0.0301100 0.0843140
vn 0.9908131 0.1211540 -0.0600923
v 0.0663550 0.0376899 0.0855869
vn -0.8418385 0.4721339 -0.2615292
v -0.0632996 0.0677468 0.0536525
vn -0.7884651 0.5706663 -0.2294837
v -0.0586062 0.0737696 0.0784288
vn 0.1041872 0.8584386 -0.5022234
v 0.0813940 0.0259202 0.0536634
vn -0.5434014 0.2013106 0.8149779
v 0.0791197 0.0180460 0.0997981
vn 0.1846427 -0.3372183 0.9231419
v 0.0785533 0.0082290 0.0984521
vn 0.9807058 -0.1825451 0.0699534
v 0.0760751 0.0046451 0.1342059
vn 0.9241047 0.3742515 -0.0772424
v 0.0709218 0.0127297 0.0309241
vn 0.8561012 0.4932330 -0.1543117
v 0.0685254 0.0164759 0.0255186
vn 0.6450995 0.1867221 0.7409329
v 0.0664310 0.0129440 0.0129569
vn -0.1477128 -0.1786172 0.9727677
v 0.0797758 0.0132055 0.1001876
vn -0.9985067 0.0294597 -0.0460067
v 0.0780680 0.0275557 0.0819032
vn -0.7213268 0.6925299 -0.0094882
v 0.0792439 0.0266051 0.0619097
vn 0.8568816 -0.1986519 0.4757010
v 0.0653222 -0.0023496 0.1675554
vn 0.9960439 -0.0836809 0.0299022
v 0.0772752 0.0124273 0.1333246
vn 0.9899745 -0.1411903 -0.0039783
v 0.0767523 0.0071612 0.1267405
vn 0.0071552 0.6751788 0.7376195
v -0.0124478 0.0737726 0.1859927
vn -0.1779241 0.5082203 0.8426477
v -0.0256614 0.0656926 0.1915052
vn -0.3741399 0.3222578 0.8695800
v -0.0406134 0.0528802 0.1922112
vn -0.3272791 0.4342584 0.8392307
v -0.0087640 0.0571021 0.2008785
vn -0.2240867 0.2621787 0.9386413
v -0.0145884 0.0491549 0.2004765
vn -0.7076614 0.6299744 -0.3199182
v -0.0560380 0.0698854 0.0462071
vn -0.7251869 0.6519971 0.2213679
v -0.0462855 0.0811654 0.0408848
vn -0.8865603 0.4335760 -0.1613158
v -0.0604627 0.0688503 0.0745888
vn -0.6839287 0.7145427 -0.1472084
v -0.0536660 0.0795109 0.0792505
vn -0.8329281 0.3370415 -0.4389009
v 0.0756381 0.0093091 0.0472044
vn 0.4816754 0.0587528 0.8743780
v 0.0425394 0.0308859 0.1922434
vn 0.3243344 0.4849477 0.8121779
v 0.0268919 0.0625138 0.1906032
vn 0.2653600 0.3913957 0.8811319
v 0.0255148 0.0584447 0.1932849
vn -0.7976812 0.5950087 -0.0983331
v -0.0639982 0.0758636 0.1089796
vn -0.1116544 0.1312523 0.9850412
v -0.0122516 0.0344106 0.2042059
vn -0.2108541 0.1155026 0.9706697
v -0.0189990 0.0336162 0.2030644
vn -0.6898745 0.6644891 -0.2872760
v -0.0559093 0.0800831 0.0851976
vn -0.8102419 0.5276259 0.2551844
v -0.0563774 0.0695930 0.0372162
vn 0.6126863 0.6761646 -0.4091661
v 0.0692553 0.0117861 0.0520645
vn -0.6565863 0.5650887 -0.4995691
v -0.0584307 0.0748362 0.0533930
vn 0.9056224 0.4121220 0.1000176
v 0.0711330 0.0118439 0.0380384
vn -0.7359338 0.3820195 0.5589835
v 0.0796830 0.0244231 0.0976213
vn -0.6144714 0.7464933 -0.2552895
v 0.0811689 0.0292859 0.0618745
vn 0.9992228 -0.0215926 0.0329803
v 0.0776474 0.0210557 0.1363415
vn -0.7300302 0.6537536 0.1991537
v -0.0666727 0.0697713 0.1485014
vn -0.6095096 0.5900455 0.5294756
v -0.0588433 0.0646652 0.1729333
vn -0.4737903 0.2328055 0.8493081
v -0.0491852 0.0452426 0.1906031
vn -0.0788525 0.3683465 0.9263386
v 0.0748932 0.0115832 0.0986549
vn 0.4692893 0.8043497 0.3644023
v 0.0720135 0.0181414 0.0919275
vn 0.9643057 0.2647693 0.0034385
v 0.0586649 0.0314964 0.0385790
vn 0.9362147 0.2330389 -0.2630493
v 0.0623915 0.0244731 0.0505580
vn -0.3508233 0.8306240 -0.4324196
v 0.0716406 0.0218165 0.0583772
vn -0.4273848 0.8809791 -0.2030224
v 0.0754789 0.0238880 0.0608401
vn -0.9583728 0.2817614 -0.0461745
v 0.0788275 0.0257919 0.0746541
vn -0.2974423 0.9509209 0.0853082
v 0.0778327 0.0247158 0.0686455
vn -0.9697736 0.1837156 -0.1605859
v 0.0789883 0.0297906 0.0729878
vn 0.5821601 -0.0924627 0.8077997
v 0.0673448 0.0354904 0.1736680
vn 0.9383261 -0.2255445 0.2620569
v 0.0720732 0.0335872 0.1667155
vn 0.2772178 -0.1841347 -0.9429977
v -0.0645692 0.0525883 0.1769569
vn -0.3915757 0.4198136 0.8187949
v -0.0423161 0.0626131 0.1872247
vn -0.6419880 0.7418566 -0.1936499
v -0.0550401 0.0828237 0.0902225
vn -0.7639228 0.6348258 -0.1158372
v -0.0606521 0.0783739 0.0999243
vn -0.5380374 0.8370572 -0.0992525
v -0.0450843 0.0860798 0.0802468
vn -0.6996058 0.6597363 0.2744081
v -0.0516771 0.0821795 0.0733798
vn -0.1817814 0.6859528 -0.7045739
v 0.0793105 0.0216909 0.0486705
vn 0.9871405 -0.0327101 0.1564728
v 0.0766568 0.0194723 0.1449995
vn 0.9955828 -0.0579316 -0.0738834
v 0.0764554 0.0089884 0.1138198
vn 0.2973731 0.0171684 0.9546070
v 0.0253634 0.0245484 0.1995852
vn -0.7502839 0.3134254 -0.5820984
v 0.0745501 0.0112093 0.0501345
vn -0.6028790 0.7773214 0.1797454
v 0.0756104 0.0197993 0.0877171
vn -0.7430998 0.6643336 0.0803960
v -0.0663178 0.0735027 0.1309945
vn -0.2743025 0.1261259 0.9533365
v -0.0289707 0.0353433 0.2002128
vn -0.6131495 0.5822803 -0.5338514
v -0.0580801 0.0701657 0.0490219
vn -0.8322950 0.4842122 0.2698586
v -0.0583119 0.0760777 0.0677966
vn 0.7999990 0.5834585 0.1399206
v 0.0671117 0.0173169 0.0417874
vn -0.6228377 0.5318718 0.5737470
v -0.0610031 0.0599796 0.1751096
vn -0.6588092 0.7479228 -0.0811297
v -0.0487572 0.0839119 0.0235741
vn -0.8425863 0.3892319 0.3722188
v 0.0767653 0.0181799 0.0960189
vn 0.1672711 0.9344403 0.3143909
v 0.0739379 0.0212035 0.0815762
vn -0.4310133 0.7418963 0.5136316
v 0.0748583 0.0169549 0.0935023
vn 0.9655958 -0.1215467 0.2298940
v 0.0748009 0.0147546 0.1523385
vn 0.1155336 -0.0113767 0.9932384
v 0.0029449 0.0247425 0.2047456
vn -0.4952879 0.3224743 0.8066599
v -0.0509813 0.0523724 0.1869992
vn -0.4137842 0.6867968 -0.5975724
v -0.0408924 0.0864196 0.0528683
vn -0.6510953 0.7139496 -0.2575869
v -0.0480484 0.0783917 0.0470480
vn -0.7846281 0.5704079 0.2428861
v -0.0550754 0.0765998 0.0296749
vn -0.7114315 0.6841401 0.1606785
v -0.0508815 0.0818366 0.0286961
vn -0.8922099 0.4254957 0.1513771
v -0.0616824 0.0714847 0.0634176
vn -0.0467249 0.1405827 0.9889657
v -0.0417063 0.0924547 0.0129569
vn -0.4039282 0.4552582 -0.7934621
v 0.0727716 0.0112202 0.0519839
vn 0.6609845 0.7147235 0.2286262
v 0.0699004 0.0228936 0.0840708
vn 0.7923239 -0.1556793 0.5899041
v 0.0614724 0.0010111 0.1748112
vn 0.5594916 0.0032329 0.8288298
v 0.0513146 0.0234299 0.1870786
vn 0.7276317 0.0344785 0.6851010
v 0.0612698 0.0303326 0.1786285
vn -0.5627500 0.4357811 0.7024296
v -0.0567493 0.0579260 0.1805501
vn -0.6040986 0.7304007 -0.3187158
v 0.0781817 0.0245447 0.0534108
vn -0.2717719 0.3567886 0.8937796
v -0.0330239 0.0549117 0.1942626
vn -0.3419829 0.4381922 0.8312853
v -0.0123885 0.0572923 0.1979364
vn -0.1701454 0.4106751 0.8957659
v -0.0206841 0.0576386 0.1962067
vn -0.7458107 0.6411970 -0.1806455
v -0.0585175 0.0788697 0.0894572
vn -0.7121109 0.6462502 -0.2743334
v -0.0558031 0.0812360 0.0583551
vn 0.0104888 0.2025944 0.9792066
v -0.0356750 0.0933036 0.0129569
vn 0.7986713 0.6013732 -0.0217833
v 0.0646665 0.0212466 0.0284431
vn 0.8592677 0.5034219 -0.0906943
v 0.0637972 0.0208017 0.0176835
vn 0.9433771 0.0849103 -0.3206709
v 0.0744028 0.0202987 0.1046200
vn 0.9553164 0.2950324 -0.0180680
v 0.0735047 0.0130319 0.1000740
vn 0.6591895 -0.0247959 0.7515680
v 0.0572403 0.0240285 0.1826288
vn 0.5947392 -0.0610817 0.8015949
v 0.0518753 0.0116551 0.1861810
vn 0.9987732 0.0104771 -0.0483980
v 0.0773049 0.0170375 0.1231424
vn 0.4733727 -0.0526796 0.8792856
v 0.0404649 0.0024962 0.1926694
vn -0.5088508 0.8596795 0.0449679
v -0.0505619 0.0878925 0.1151042
vn -0.6943355 0.7180914 0.0473605
v -0.0613400 0.0794348 0.1207812
vn -0.6766317 0.7262526 0.1213541
v -0.0622245 0.0766147 0.1392021
vn -0.5554050 0.7632570 -0.3300972
v -0.0470305 0.0894469 0.0589237
vn -0.0113372 0.6311662 -0.7755648
v 0.0684578 0.0175977 0.0565620
vn 0.9639299 0.1299143 -0.2322962
v 0.0744146 0.0265183 0.1066906
vn 0.4887473 -0.0229341 0.8721240
v 0.0453564 0.0175295 0.1907467
vn -0.4965526 0.7631970 0.4134803
v -0.0495823 0.0747977 0.1689042
vn -0.2874272 0.2390656 0.9274876
v -0.0336002 0.0454776 0.1970995
vn -0.4733011 0.8327935 -0.2871257
v -0.0427664 0.0883022 0.0239267
vn 0.9387413 0.3445672 -0.0061857
v 0.0617712 0.0257494 0.0197810
vn 0.9898223 0.0846359 -0.1144060
v 0.0766503 0.0221467 0.1169487
vn 0.9533822 0.2730484 -0.1284792
v 0.0738367 0.0380258 0.1189701
vn 0.8407553 0.3879802 0.3776266
v 0.0707046 0.0436295 0.1666497
vn 0.7261595 0.3848100 0.5697488
v 0.0683405 0.0441036 0.1700484
vn 0.3737645 0.0360426 0.9268231
v 0.0349687 0.0277745 0.1959962
vn -0.6032557 0.7241495 0.3342007
v -0.0587027 0.0743923 0.1562257
vn 0.2697023 0.0833948 0.9593259
v 0.0218122 0.0331544 0.2000489
vn -0.5277405 0.5654100 0.6338781
v -0.0501040 0.0673871 0.1791971
vn -0.2110163 0.3172587 0.9245642
v -0.0234956 0.0518916 0.1980301
vn -0.4766051 0.6174054 -0.6258260
v -0.0515341 0.0784581 0.0514242
vn -0.6125923 0.7478104 0.2559499
v -0.0416054 0.0864342 0.0393917
vn -0.8099345 0.5838381 0.0560290
v -0.0556376 0.0823444 0.0633480
vn -0.4046982 0.9137823 -0.0349467
v -0.0416598 0.0858564 0.0177926
vn 0.9878878 0.0336382 -0.1514799
v 0.0762680 0.0150770 0.1103745
vn 0.9300781 0.1405220 -0.3394236
v 0.0715712 0.0211771 0.0984396
vn 0.9843329 -0.1238417 0.1255074
v 0.0766194 0.0117092 0.1401997
vn 0.2756198 0.1474933 0.9498839
v 0.0241004 0.0387491 0.1987693
vn 0.9004032 0.4061927 -0.1558257
v 0.0656256 0.0587753 0.1165702
vn -0.5571033 0.6807876 0.4755673
v -0.0527467 0.0699088 0.1735388
vn -0.6754220 0.7371478 -0.0204537
v -0.0584729 0.0824789 0.1123793
vn 0.9089873 0.4164046 -0.0186884
v 0.0701193 0.0209740 0.0926178
vn 0.2418914 0.9260070 0.2898270
v 0.0745368 0.0237405 0.0744609
vn 0.9545293 0.2941246 0.0486276
v 0.0603011 0.0315151 0.0200349
vn 0.9707558 0.1917596 -0.1444352
v 0.0755463 0.0287972 0.1146699
vn 0.3880369 -0.0233046 0.9213492
v 0.0341715 0.0170925 0.1962448
vn -0.6301826 0.7424782 0.2271477
v -0.0593253 0.0770865 0.1482440
vn -0.6053910 0.6893039 0.3979471
v -0.0582525 0.0692729 0.1669179
vn -0.2066241 0.2202927 0.9532983
v -0.0192908 0.0443867 0.2010842
vn -0.5348185 0.8350313 -0.1291974
v -0.0500920 0.0869824 0.0936778
vn -0.3579594 0.5861578 -0.7268316
v -0.0485956 0.0838578 0.0541388
vn -0.7177204 0.6502609 0.2490747
v -0.0519126 0.0857364 0.0676654
vn -0.0745821 0.7167348 0.6933461
v -0.0317001 0.0901350 0.0148390
vn 0.7640896 0.4801447 -0.4308459
v 0.0659372 0.0174526 0.0549966
vn -0.6683636 0.7375440 -0.0965351
v -0.0562376 0.0831031 0.0995913
vn -0.5550790 0.7866113 0.2704259
v -0.0405397 0.0893836 0.0345182
vn -0.5995566 0.7946248 0.0954114
v -0.0438815 0.0881285 0.0298425
vn 0.8443797 0.3156680 -0.4328704
v 0.0651657 0.0242952 0.0585842
vn 0.8450933 0.5342565 0.0196816
v 0.0637134 0.0200580 0.0475924
vn -0.5864062 0.8058723 0.0818398
v -0.0554943 0.0835282 0.1282364
vn -0.4668230 0.4590001 0.7559069
v -0.0464211 0.0640398 0.1842942
vn -0.1398518 0.9272136 -0.3474428
v -0.0149516 0.0928157 0.0164404
vn 0.9196342 0.3878569 0.0619677
v 0.0609169 0.0270994 0.0289925
vn 0.7076852 -0.1043019 0.6987867
v 0.0584689 0.0081711 0.1799474
vn 0.8774974 -0.1456439 0.4569312
v 0.0707632 0.0147440 0.1635279
vn 0.9897233 0.1405288 -0.0264486
v 0.0774023 0.0296317 0.1337661
vn 0.9807958 0.1691763 -0.0970517
v 0.0764565 0.0312753 0.1260146
vn -0.2976869 0.4621654 0.8353357
v -0.0334956 0.0646219 0.1897900
vn -0.6513329 0.7549275 -0.0764855
v -0.0506902 0.0874745 0.0622794
vn -0.1775453 0.9831356 -0.0438414
v -0.0255004 0.0906682 0.0162744
vn 0.9468781 0.3001063 -0.1155775
v 0.0602922 0.0265820 0.0442960
vn 0.9379643 0.1293766 -0.3216903
v 0.0637242 0.0335458 0.0589422
vn 0.3853637 0.1176191 0.9152380
v 0.0346841 0.0355718 0.1956519
vn -0.4653985 0.8818117 -0.0762384
v -0.0452230 0.0902287 0.1001724
vn -0.2027290 0.8317720 -0.5167749
v -0.0249848 0.0926067 0.0207056
vn -0.0941864 0.6304248 0.7705151
v -0.0023454 0.0931735 0.0129569
vn 0.4387058 0.7945970 -0.4197058
v 0.0683201 0.0239868 0.0649683
vn 0.7580631 -0.0619672 0.6492307
v 0.0617399 0.0199406 0.1779627
vn 0.8233918 -0.1081842 0.5570657
v 0.0662786 0.0170161 0.1716387
vn -0.0320058 0.1470843 0.9886060
v -0.0045313 0.0407428 0.2035381
vn 0.1064020 0.1160846 0.9875237
v -0.0015716 0.0432895 0.2029686
vn -0.5955735 0.7910875 0.1395448
v -0.0563276 0.0814489 0.1399284
vn -0.5508980 0.8106592 0.1983510
v -0.0536417 0.0823757 0.1447272
vn -0.5276815 0.7969969 0.2938507
v -0.0526074 0.0811606 0.1512303
vn -0.1196547 0.2186569 0.9684379
v -0.0117130 0.0416849 0.2029992
vn -0.5561639 0.7839468 -0.2758789
v -0.0509855 0.0843259 0.0856234
vn -0.5871666 0.7985948 -0.1322188
v -0.0387628 0.0860588 0.0494850
vn -0.2199807 0.9738263 0.0571906
v -0.0208926 0.0987562 0.0314907
vn 0.9674081 0.2082695 -0.1440324
v 0.0593212 0.0303379 0.0430529
vn 0.8779029 0.4747322 0.0625761
v 0.0609250 0.0254287 0.0370702
vn 0.9074357 0.4013702 0.1243485
v 0.0679786 0.0261253 0.0826978
vn 0.4104595 0.9093223 0.0682345
v 0.0719280 0.0252114 0.0720011
vn 0.9465196 0.2386771 -0.2171037
v 0.0731112 0.0340887 0.1075197
vn 0.2186628 0.0625071 0.9737964
v 0.0121391 0.0301869 0.2027950
vn 0.6201285 0.0869077 0.7796716
v 0.0558407 0.0308712 0.1836180
vn 0.1918335 0.1523695 0.9695275
v 0.0095633 0.0386121 0.2023221
vn -0.0986728 0.1072203 0.9893268
v -0.0065552 0.0498978 0.2031252
vn 0.2570435 0.0235149 0.9661137
v 0.0197593 0.0246426 0.2009430
vn -0.4640215 0.8651685 -0.1901779
v -0.0437023 0.0895124 0.0876737
vn -0.5432955 0.8384312 -0.0431637
v -0.0530354 0.0863550 0.1085052
vn -0.3604941 0.7226231 -0.5897965
v -0.0423845 0.0912862 0.0573488
vn -0.5540268 0.7191843 0.4193187
v -0.0471238 0.0883179 0.0716627
vn -0.3097786 0.8490996 -0.4278634
v -0.0332198 0.0932272 0.0245397
vn 0.9422839 0.1843457 -0.2794956
v 0.0669412 0.0302056 0.0664937
vn 0.9316056 0.3577586 -0.0641857
v 0.0682782 0.0293947 0.0737597
vn 0.1238995 0.9746625 0.1862310
v 0.0051941 0.1003385 0.0340535
vn 0.9566059 0.2876323 0.0466139
v 0.0580060 0.0382137 0.0235408
vn 0.8982343 0.3898281 0.2030006
v 0.0686164 0.0542140 0.1525500
vn 0.8793990 0.4667890 0.0936240
v 0.0672943 0.0592729 0.1454841
vn 0.8916606 -0.0730158 0.4467775
v 0.0710612 0.0226147 0.1651033
vn -0.3634887 0.5994385 0.7131265
v -0.0388973 0.0709213 0.1835548
vn -0.5559064 0.8160386 0.1582691
v -0.0452452 0.0916280 0.0672315
vn -0.4437261 0.8917444 -0.0888765
v -0.0355184 0.0932402 0.0279380
vn -0.3298489 0.9366745 -0.1176464
v -0.0279656 0.0963478 0.0293118
vn -0.1769037 0.8417181 -0.5101135
v -0.0216368 0.0967201 0.0249205
vn -0.4579113 0.8800820 -0.1255902
v -0.0417801 0.0936063 0.0626727
vn -0.4350761 0.8817506 0.1822764
v -0.0343523 0.0932745 0.0341700
vn -0.0646150 0.9129963 -0.4028185
v 0.0005870 0.0967527 0.0212277
vn -0.1321672 0.9762769 0.1715090
v -0.0115340 0.0998276 0.0352325
vn -0.0640436 0.8499875 -0.5228955
v -0.0050038 0.0985370 0.0244156
vn -0.0266489 0.9979722 0.0578044
v -0.0027167 0.1010235 0.0332834
vn 0.9514174 0.1601099 -0.2630013
v 0.0586845 0.0345676 0.0438599
vn -0.4647216 0.6943876 0.5494176
v -0.0459743 0.0712505 0.1786991
vn -0.5422750 0.7756003 0.3230822
v -0.0412460 0.0892651 0.0764587
vn -0.2702024 0.7652956 -0.5842203
v -0.0354825 0.0915885 0.0553762
vn 0.6875839 0.2195870 0.6921055
v 0.0545334 0.0494046 0.0129569
vn 0.8950026 0.3920807 -0.2127043
v 0.0624041 0.0512172 0.0822194
vn 0.9690836 0.2205766 -0.1105577
v 0.0666988 0.0374282 0.0704498
vn 0.9845321 0.1609164 0.0693000
v 0.0669951 0.0346007 0.0777820
vn 0.5263901 0.1616345 0.8347381
v 0.0563528 0.0441849 0.0129569
vn 0.8608700 0.4996799 -0.0960358
v 0.0503787 0.0729126 0.0581792
vn 0.9244058 0.3506833 -0.1499840
v 0.0537017 0.0588086 0.0416586
vn 0.9161866 0.3813785 -0.1230960
v 0.0701934 0.0512258 0.1243843
vn 0.9814667 0.1344455 0.1365564
v 0.0757918 0.0311384 0.1472301
vn 0.2615183 0.0839538 0.9615404
v 0.0004211 0.0476147 0.2024095
vn -0.4476165 0.8552014 0.2612852
v -0.0327745 0.0912996 0.0421752
vn 0.2563992 0.9328201 0.2531918
v 0.0118804 0.0985954 0.0359739
vn 0.2328478 0.9691814 -0.0804330
v 0.0144373 0.0988762 0.0283245
vn 0.9694055 0.2441469 -0.0254044
v 0.0552275 0.0488248 0.0238990
vn 0.9576210 0.2841924 -0.0468699
v 0.0541103 0.0524030 0.0241166
vn 0.9394757 0.3333136 -0.0792945
v 0.0529068 0.0575522 0.0289036
vn 0.2585299 0.2239275 0.9396908
v 0.0454658 0.0834042 0.0129569
vn 0.6022053 0.2089706 0.7705064
v 0.0530404 0.0404811 0.1837939
vn -0.4508157 0.8622845 0.2307178
v -0.0473095 0.0861139 0.1453532
vn -0.0905924 0.9476542 -0.3061773
v -0.0084252 0.1001113 0.0278677
vn -0.1313832 0.9905270 -0.0399330
v -0.0142366 0.0997611 0.0309605
vn 0.8682417 0.2681075 0.4174622
v 0.0521516 0.0553480 0.0129569
vn 0.6554567 0.1243810 0.7449201
v 0.0499526 0.0743175 0.0129569
vn 0.9470760 0.3154831 -0.0593097
v 0.0724487 0.0468817 0.1296669
vn 0.9619754 0.2587453 -0.0874884
v 0.0751724 0.0358567 0.1253040
vn 0.9147450 0.3975576 0.0720396
v 0.0719777 0.0429324 0.1620667
vn 0.9966800 0.0263479 0.0770370
v 0.0729028 0.0358150 0.1613162
vn 0.5856705 0.5173726 0.6239517
v 0.0484715 0.0622393 0.1771876
vn -0.4090872 0.8941230 -0.1821861
v -0.0333306 0.0940378 0.0854901
vn -0.4066561 0.9110304 -0.0682243
v -0.0325550 0.0897807 0.0499001
vn 0.9281441 0.3172799 -0.1946331
v 0.0717043 0.0402327 0.1100727
vn 0.9358566 -0.1230532 0.3301973
v 0.0722571 0.0297637 0.1627086
vn -0.4821728 0.7912778 0.3760172
v -0.0476462 0.0799523 0.1612412
vn -0.3803573 0.7686231 0.5143412
v -0.0404799 0.0750496 0.1776442
vn -0.1994838 0.6345837 0.7466658
v -0.0304726 0.0728967 0.1849821
vn -0.3882383 0.9108214 0.1402696
v -0.0409728 0.0906750 0.1373657
vn -0.4580748 0.8889118 0.0017702
v -0.0450060 0.0910322 0.1112825
vn -0.0803140 0.9967437 0.0071840
v -0.0239741 0.0984455 0.0643737
vn 0.4509364 0.8903477 0.0627490
v 0.0314420 0.0926257 0.0216355
vn 0.2483605 0.9616979 -0.1159922
v 0.0253788 0.0947895 0.0165524
vn -0.3079293 0.9298486 0.2013980
v -0.0238168 0.0973843 0.0348723
vn 0.9589711 0.2692551 0.0887481
v 0.0497363 0.0636780 0.0190564
vn 0.9397799 0.1625302 0.3006622
v 0.0490938 0.0693749 0.0168172
vn 0.9031911 0.3430414 0.2580086
v 0.0460374 0.0742442 0.0222809
vn -0.1301129 0.4823550 0.8662589
v -0.0148534 0.0615755 0.1951210
vn 0.5793182 0.2077547 0.7881805
v 0.0535972 0.0525797 0.0129569
vn 0.9377981 0.1345467 -0.3200500
v 0.0596038 0.0400716 0.0486158
vn 0.9851965 0.1457113 -0.0903105
v 0.0558411 0.0464829 0.0384450
vn 0.9763094 0.2154743 0.0197689
v 0.0563203 0.0424384 0.0317878
vn 0.9694584 0.2150238 -0.1179628
v 0.0544622 0.0533513 0.0351907
vn 0.9636789 0.2642621 0.0385811
v 0.0745120 0.0402297 0.1401542
vn 0.9356500 0.3239012 0.1401686
v 0.0723004 0.0431032 0.1540915
vn 0.9599099 0.2756259 -0.0510232
v 0.0743535 0.0407471 0.1317210
vn 0.7134756 -0.1502091 0.6843901
v 0.0671748 0.0305798 0.1722141
vn 0.8567489 -0.0056182 0.5157031
v 0.0718298 0.0355393 0.1686298
vn 0.5426053 0.1054958 0.8333368
v 0.0487262 0.0313507 0.1884254
vn -0.4921580 0.8598876 0.1355502
v -0.0470929 0.0877800 0.1383673
vn 0.0356842 0.4323978 0.9009766
v 0.0193392 0.0950977 0.0129569
vn -0.0294192 0.3813078 0.9239799
v -0.0037029 0.0564689 0.2017282
vn 0.2356940 0.1531029 0.9596916
v 0.0001988 0.0519382 0.2029674
vn 0.2061272 0.2622021 0.9427416
v 0.0145645 0.0479550 0.1990334
vn -0.2675903 0.7335690 0.6247175
v -0.0331667 0.0747899 0.1822495
vn -0.0197910 0.9866849 -0.1614352
v -0.0156499 0.0987777 0.0883742
vn 0.9654359 0.2363380 0.1099001
v 0.0738980 0.0412625 0.1477257
vn -0.4015391 0.9117974 0.0859765
v -0.0398490 0.0923324 0.1253506
vn -0.0612238 0.9792427 0.1932238
v -0.0251428 0.0970484 0.0714646
vn 0.0918751 0.9718977 -0.2167347
v 0.0156606 0.0968935 0.0200497
vn 0.4024266 0.9098949 0.1007184
v 0.0237777 0.0957215 0.0288057
vn 0.2869823 0.9563532 -0.0550430
v 0.0231061 0.0958847 0.0231040
vn -0.1559121 0.9079656 -0.3889600
v -0.0217042 0.0941235 0.0553187
vn 0.1130968 0.9932464 -0.0258998
v 0.0044054 0.1006792 0.0303895
vn 0.0981856 0.9647463 -0.2441807
v 0.0091381 0.0994750 0.0268995
vn 0.6508674 0.7217288 0.2355404
v 0.0363708 0.0889911 0.0225574
vn 0.8591586 0.4955860 0.1274405
v 0.0473427 0.0691472 0.0288880
vn 0.9562508 0.1185602 -0.2674471
v 0.0675744 0.0329829 0.0914879
vn 0.9532451 0.2661053 -0.1432195
v 0.0649049 0.0465227 0.0863733
vn -0.4034474 0.8506255 0.3371446
v -0.0437295 0.0845141 0.1556318
vn 0.8900428 0.4238642 -0.1678184
v 0.0531391 0.0654428 0.0519250
vn 0.7905452 0.5160909 0.3296795
v 0.0426789 0.0826530 0.0205884
vn 0.9624589 0.2691736 -0.0349065
v 0.0660716 0.0401997 0.0780347
vn 0.9757229 0.1190716 0.1838118
v 0.0743530 0.0338368 0.1541788
vn -0.3651364 0.8305819 0.4204869
v -0.0394999 0.0807369 0.1681106
vn -0.2400533 0.8627262 -0.4450595
v -0.0351275 0.0955900 0.0597203
vn 0.9282832 0.2633561 -0.2625528
v 0.0696421 0.0384417 0.0995418
vn 0.7818555 -0.2554607 0.5687194
v 0.0697753 0.0327553 0.1706280
vn 0.1237510 0.4258336 0.8962988
v 0.0116561 0.0590750 0.1953704
vn -0.3329056 0.9367666 0.1078990
v -0.0357610 0.0940554 0.1247920
vn 0.7268237 0.6426988 0.2422098
v 0.0370087 0.0798618 0.0390109
vn -0.2587032 0.9626393 0.0799890
v -0.0222388 0.0935981 0.0505694
vn -0.3299223 0.9057499 0.2660235
v -0.0258971 0.0948052 0.0405548
vn 0.0200481 0.9613076 -0.2747466
v 0.0004854 0.1009266 0.0290749
vn 0.9583644 0.1222736 -0.2580445
v 0.0571776 0.0439432 0.0435979
vn 0.4931721 0.2496307 0.8333461
v 0.0041122 0.0548354 0.2002092
vn -0.4632640 0.8828753 0.0769271
v -0.0476231 0.0887038 0.1260737
vn -0.2631555 0.9633320 -0.0523526
v -0.0341527 0.0970086 0.0643266
vn -0.2919983 0.8728302 0.3910300
v -0.0308885 0.0868517 0.1620767
vn 0.9627019 0.1999286 -0.1823012
v 0.0667497 0.0439394 0.0934331
vn 0.5225917 0.0592960 0.8505186
v 0.0646025 0.0376888 0.1750863
vn 0.9603470 0.1152966 0.2538509
v 0.0730876 0.0382612 0.1653989
vn -0.0692008 0.6707122 0.7384825
v -0.0211721 0.0731580 0.1862173
vn -0.1235685 0.6672341 0.7345268
v -0.0090853 0.0632377 0.1948686
vn -0.2832784 0.9561086 -0.0748981
v -0.0302450 0.0970026 0.1021630
vn -0.3987224 0.9139425 -0.0756944
v -0.0371157 0.0944595 0.1021498
vn -0.0571392 0.9433607 0.3268113
v -0.0113022 0.0936581 0.1537017
vn -0.3052645 0.8937688 0.3286195
v -0.0349736 0.0890824 0.1532076
vn -0.0743461 0.9583101 -0.2758884
v -0.0248083 0.0978423 0.0611720
vn -0.3429345 0.9095012 0.2349544
v -0.0389762 0.0894864 0.1472937
vn -0.0072235 0.9644201 0.2642758
v -0.0028013 0.1004000 0.0363641
vn 0.9311847 0.3409138 -0.1291234
v 0.0645133 0.0422878 0.0672297
vn 0.9325977 0.3301862 -0.1457348
v 0.0659712 0.0505867 0.1012870
vn 0.6547470 0.1394820 0.7428668
v 0.0590160 0.0367725 0.1796769
vn -0.2763136 0.8188277 0.5031621
v -0.0324275 0.0785865 0.1773419
vn -0.3294694 0.9393319 -0.0954233
v -0.0299446 0.0963558 0.0935893
vn -0.3110553 0.9381398 0.1521130
v -0.0334824 0.0933249 0.1385415
vn -0.3892122 0.8813227 0.2679258
v -0.0381348 0.0945464 0.0699670
vn 0.2068527 0.9770750 0.0503631
v 0.0110641 0.0996678 0.0314792
vn 0.9036080 0.4258747 -0.0460798
v 0.0505175 0.0628756 0.0270804
vn 0.7368768 0.5953730 0.3202243
v 0.0370327 0.0828262 0.0334790
vn 0.9400514 0.3334840 0.0713567
v 0.0717332 0.0491495 0.1439290
vn -0.3747125 0.9250601 0.0620836
v -0.0353453 0.0955668 0.1129771
vn -0.0884903 0.8089018 -0.5812464
v -0.0248058 0.0962551 0.0584075
vn 0.5385717 0.7990711 0.2672564
v 0.0287672 0.0922013 0.0316386
vn -0.0621178 0.9946478 0.0825661
v -0.0074004 0.0957888 0.0538060
vn 0.3660059 0.9128179 0.1811164
v 0.0198946 0.0968092 0.0322861
vn 0.9218801 0.3477405 -0.1709198
v 0.0642159 0.0528934 0.0915696
vn 0.9438579 0.1775363 -0.2785914
v 0.0633857 0.0397326 0.0598286
vn 0.9310712 0.3300487 -0.1554808
v 0.0715382 0.0447967 0.1177140
vn 0.3542642 0.2038728 0.9126515
v 0.0318885 0.0432059 0.1953351
vn -0.2448070 0.9560009 0.1616536
v -0.0291760 0.0955779 0.0750650
vn -0.4705338 0.8809339 0.0505323
v -0.0356693 0.0916246 0.0804525
vn 0.5003918 0.8428612 0.1979723
v 0.0222262 0.0911944 0.0446917
vn 0.8058070 0.2353689 0.5433936
v 0.0700340 0.0387385 0.1699590
vn 0.4820907 0.3164313 0.8169821
v 0.0391094 0.0518965 0.1893225
vn 0.2970696 0.3738810 0.8786141
v 0.0085491 0.0542533 0.1979774
vn -0.0846220 0.5555063 0.8271952
v -0.0175885 0.0664313 0.1920735
vn 0.2814265 0.5765058 0.7670985
v 0.0004183 0.0594129 0.2000144
vn -0.0387411 0.7181966 0.6947610
v -0.0044779 0.0615136 0.1986252
vn -0.3003679 0.9459588 0.1222340
v -0.0308850 0.0960861 0.1213455
vn -0.1079779 0.9795828 -0.1695827
v -0.0215367 0.0970084 0.0824277
vn -0.3101847 0.9439197 -0.1131425
v -0.0272181 0.0963527 0.0849741
vn -0.4374380 0.8285968 0.3493930
v -0.0372601 0.0921934 0.0756754
vn -0.1720958 0.9533240 0.2481056
v -0.0146114 0.0966982 0.0448483
vn 0.9419807 0.2363321 -0.2383687
v 0.0582728 0.0500034 0.0495569
vn 0.3584771 0.2883032 0.8879051
v 0.0297896 0.0523336 0.1938017
vn 0.2599971 0.2501512 0.9326446
v 0.0234396 0.0499051 0.1965784
vn -0.1329689 0.7863122 0.6033510
v -0.0227417 0.0793636 0.1799611
vn -0.1809953 0.9644374 0.1926166
v -0.0309594 0.0973849 0.0678457
vn 0.5091774 0.8010827 0.3146506
v 0.0251088 0.0920705 0.0374282
vn 0.6340539 0.7402684 -0.2235585
v 0.0410223 0.0758632 0.0426981
vn 0.6737515 0.1922448 0.7135130
v 0.0680611 0.0389677 0.1726015
vn 0.7127709 0.6312637 0.3057185
v 0.0686078 0.0466823 0.1667892
vn 0.4652607 0.1952471 0.8633719
v 0.0417735 0.0418619 0.1909995
vn 0.3964148 0.9084592 -0.1325037
v 0.0235514 0.0893935 0.0522064
vn 0.6258577 0.7538095 0.2001837
v 0.0278492 0.0874030 0.0442214
vn 0.7659032 0.6363046 0.0922436
v 0.0436783 0.0727706 0.0368421
vn 0.9139717 0.3885941 -0.1168354
v 0.0637092 0.0559521 0.0983226
vn 0.9190967 0.3616372 -0.1564601
v 0.0560036 0.0597070 0.0542754
vn 0.9151184 0.3540718 -0.1928510
v 0.0684739 0.0484729 0.1098462
vn 0.9359898 0.3015148 -0.1816918
v 0.0610433 0.0475366 0.0578389
vn 0.8685206 0.4658943 -0.1691585
v 0.0589287 0.0639768 0.0927947
vn 0.8213851 0.5227968 -0.2280571
v 0.0532166 0.0717264 0.0866607
vn 0.7463278 0.6465050 0.1581967
v 0.0618944 0.0677239 0.1428510
vn -0.2468777 0.9297436 0.2731818
v -0.0289112 0.0920095 0.1499763
vn -0.0059644 0.9750764 0.2217893
v -0.0046834 0.0975156 0.0454052
vn 0.3008689 0.9108590 -0.2825132
v 0.0247975 0.0960485 0.0627976
vn 0.1811299 0.7894875 -0.5864312
v 0.0206021 0.0950704 0.0590533
vn 0.8275731 0.5250354 -0.1986472
v 0.0506910 0.0663338 0.0440306
vn 0.6929643 0.6468208 -0.3184704
v 0.0468339 0.0728830 0.0467291
vn 0.7758628 0.6243871 -0.0904312
v 0.0476866 0.0677757 0.0363959
vn 0.3750861 0.8855786 0.2739727
v 0.0169711 0.0950365 0.0411824
vn -0.0438135 0.9985980 0.0297079
v -0.0032992 0.0957275 0.0762155
vn 0.5213978 0.7933533 -0.3142211
v 0.0372166 0.0796786 0.0459599
vn 0.5585154 0.5277830 0.6399263
v 0.0659792 0.0458464 0.1710837
vn 0.0673783 0.6803351 0.7297974
v -0.0040035 0.0663276 0.1919010
vn 0.4295189 0.6052825 0.6701841
v 0.0035650 0.0588906 0.1980942
vn -0.0128980 0.8776154 0.4791919
v -0.0082895 0.0875713 0.1682887
vn 0.1755423 0.7999712 0.5737866
v -0.0010055 0.0627807 0.1953946
vn 0.5867369 0.3607716 0.7249715
v 0.0626213 0.0445005 0.1742894
vn 0.7954192 0.5868087 0.1515387
v 0.0695366 0.0466027 0.1608820
vn 0.1709384 0.6007632 0.7809377
v 0.0046597 0.0617237 0.1948176
vn -0.1032925 0.8745154 0.4738708
v -0.0172668 0.0854603 0.1708712
vn -0.0710572 0.9957460 -0.0586581
v -0.0121233 0.1000695 0.1021591
vn -0.2549368 0.9620131 0.0976630
v -0.0281690 0.0979500 0.1151321
vn -0.0035948 0.9954810 -0.0948932
v -0.0035018 0.0991528 0.0640436
vn -0.0233274 0.9124991 -0.4084132
v -0.0104902 0.0980813 0.0605975
vn -0.0907857 0.9777431 0.1891466
v 0.0042293 0.0972149 0.0741294
vn 0.7868125 0.5854806 -0.1952910
v 0.0474898 0.0770335 0.0572244
vn 0.9263017 0.3607791 -0.1086443
v 0.0579894 0.0561095 0.0580751
vn 0.9072618 0.4187160 -0.0394082
v 0.0542754 0.0657347 0.0627329
vn 0.5447342 0.2329121 0.8056157
v 0.0473881 0.0429285 0.1873298
vn 0.1939089 0.8828284 -0.4278006
v 0.0146587 0.0935681 0.0561879
vn 0.1614500 0.9585772 0.2346565
v 0.0080797 0.0967691 0.0444107
vn 0.5159034 0.7338111 -0.4420012
v 0.0415676 0.0789350 0.0491967
vn 0.9079529 0.4190438 -0.0048792
v 0.0570407 0.0589629 0.0674261
vn 0.9173789 0.3978032 -0.0129860
v 0.0703122 0.0533355 0.1392836
vn 0.1933625 0.3373287 0.9213144
v 0.0187507 0.0556687 0.1958237
vn 0.0149513 0.9944829 -0.1038280
v -0.0054024 0.1005934 0.1022774
vn -0.2425593 0.9611651 0.1316312
v -0.0282429 0.0952943 0.1349266
vn -0.2010747 0.9692975 0.1415318
v -0.0244518 0.0969348 0.1281990
vn 0.6530413 0.6140981 0.4431938
v 0.0649489 0.0488868 0.1683613
vn 0.8444051 0.4268991 0.3236314
v 0.0668337 0.0519839 0.1606277
vn -0.2926277 0.9559712 -0.0220961
v -0.0298516 0.0977806 0.1093692
vn -0.1412025 0.9751076 0.1709592
v -0.0179324 0.0966954 0.1390755
vn -0.0082239 0.9947811 -0.1017002
v -0.0167349 0.0966616 0.0785699
vn -0.0207221 0.9934870 0.1120453
v -0.0172824 0.0986812 0.0670883
vn 0.6633806 0.7482669 -0.0047797
v 0.0354472 0.0807360 0.0432839
vn 0.3282336 0.9403537 0.0894303
v 0.0141100 0.0933394 0.0531381
vn -0.1786730 0.9101485 0.3737723
v -0.0228754 0.0902468 0.1590658
vn -0.2184935 0.8650163 0.4516720
v -0.0261551 0.0836148 0.1714770
vn -0.0049324 0.6265014 0.7794047
v -0.0008649 0.0682159 0.1901070
vn -0.2228336 0.9730168 -0.0598626
v -0.0229614 0.0986449 0.0959902
vn -0.0273500 0.9978767 -0.0591102
v -0.0122570 0.0988484 0.0637095
vn 0.5101804 0.8439254 -0.1658492
v 0.0295399 0.0855918 0.0488375
vn 0.3389808 0.8165197 -0.4673197
v 0.0289352 0.0930808 0.0594215
vn -0.0519324 0.9543188 -0.2942425
v -0.0094669 0.0961720 0.0569070
vn 0.6653993 0.6734418 -0.3220560
v 0.0440788 0.0794142 0.0533712
vn 0.9147229 0.3981042 -0.0692473
v 0.0606982 0.0506439 0.0650140
vn 0.8724653 0.4886085 0.0081333
v 0.0664565 0.0612424 0.1392142
vn 0.8176440 0.5233329 0.2399606
v 0.0653767 0.0601364 0.1532526
vn -0.0042240 0.6509348 0.7591219
v 0.0100989 0.0713847 0.1882228
vn -0.1629233 0.9865106 -0.0159018
v -0.0220702 0.0993158 0.1094833
vn 0.0322943 0.9880288 0.1508516
v 0.0018478 0.0964728 0.0501706
vn 0.8979487 0.4330097 -0.0786819
v 0.0667096 0.0597429 0.1275926
vn 0.4225853 0.4083442 0.8091210
v 0.0341653 0.0597751 0.1886097
vn 0.0608618 0.5271193 0.8476090
v 0.0096924 0.0652441 0.1925105
vn 0.0402546 0.9870030 -0.1555783
v -0.0088207 0.0962098 0.0790395
vn 0.1058677 0.9918135 -0.0714008
v 0.0036658 0.0956655 0.0556243
vn 0.5924032 0.3495725 0.7258496
v 0.0501149 0.0524791 0.1815226
vn -0.1437577 0.9810335 -0.1300271
v -0.0210521 0.0986621 0.0892388
vn -0.1978962 0.9563403 0.2150594
v -0.0228983 0.0948380 0.1442833
vn 0.2587593 0.8280448 -0.4973787
v 0.0267985 0.0891210 0.0541004
vn 0.6894505 0.6498016 0.3200249
v 0.0603850 0.0630798 0.1600860
vn 0.8116969 0.5838665 0.0157531
v 0.0615643 0.0696660 0.1325679
vn 0.7791814 0.4895473 0.3914330
v 0.0634590 0.0587101 0.1610704
vn -0.0699939 0.9148332 0.3977199
v -0.0116065 0.0909622 0.1608297
vn 0.7099495 0.4359668 0.5530866
v 0.0594840 0.0543170 0.1713822
vn 0.1738219 0.4876148 0.8555804
v 0.0190742 0.0641813 0.1918754
vn -0.0142291 0.7798940 0.6257499
v -0.0085199 0.0818773 0.1776087
vn -0.1854769 0.9710556 0.1504972
v -0.0209785 0.0982598 0.1247909
vn 0.0280935 0.9896595 0.1406584
v -0.0113875 0.0961504 0.0746757
vn 0.3345465 0.7711746 -0.5416350
v 0.0330113 0.0863138 0.0530038
vn 0.0748076 0.8120248 -0.5788088
v 0.0125633 0.0968114 0.0597479
vn 0.2683487 0.9601616 -0.0779669
v 0.0222858 0.0960042 0.0891315
vn 0.0516545 0.9821716 0.1807506
v 0.0113884 0.0978063 0.0737278
vn 0.7452735 0.6560150 -0.1192133
v 0.0446433 0.0815363 0.0611103
vn 0.8913137 0.4291706 -0.1461934
v 0.0621289 0.0628324 0.1079685
vn -0.0152006 0.9941782 -0.1066704
v 0.0024430 0.0966732 0.0804143
vn 0.0410532 0.9602613 -0.2760670
v 0.0070188 0.0989242 0.0627134
vn 0.0327959 0.9130449 -0.4065384
v 0.0011366 0.0979595 0.0606566
vn -0.0237239 0.9990865 -0.0355437
v 0.0019092 0.0990880 0.0650037
vn -0.0362454 0.9733211 0.2265666
v -0.0055199 0.0982510 0.0685015
vn 0.8743576 0.4836282 0.0400320
v 0.0511837 0.0710415 0.0701001
vn 0.0202635 0.9783762 -0.2058382
v -0.0047329 0.0979742 0.0858871
vn -0.0914510 0.9860685 0.1389450
v -0.0129042 0.0990376 0.1276657
vn 0.8877656 0.4401473 -0.1346948
v 0.0578790 0.0578918 0.0776901
vn -0.1402709 0.9470937 0.2886826
v -0.0197251 0.0931340 0.1525942
vn 0.4635307 0.7616491 -0.4528022
v 0.0354030 0.0879097 0.0564471
vn 0.8214380 0.5643060 0.0824529
v 0.0478318 0.0761652 0.0729998
vn 0.8259485 0.5637446 0.0011054
v 0.0465711 0.0792590 0.0641976
vn 0.0212344 0.6901869 0.7233196
v -0.0045523 0.0768754 0.1826765
vn -0.1434065 0.9863265 0.0812082
v -0.0191508 0.0995136 0.1176785
vn 0.7088279 0.6670602 -0.2293332
v 0.0511266 0.0757576 0.0895878
vn 0.8601209 0.5012682 -0.0944581
v 0.0618312 0.0687246 0.1248739
vn 0.7939649 0.5964106 -0.1179586
v 0.0492367 0.0733599 0.0795756
vn -0.0790377 0.9964589 0.0286810
v -0.0138223 0.1002451 0.1135451
vn 0.1848838 0.9683579 0.1676338
v 0.0192032 0.0974049 0.0712324
vn 0.6761695 0.5516046 0.4883925
v 0.0568107 0.0611316 0.1689982
vn 0.5142018 0.4274710 0.7435490
v 0.0425340 0.0600271 0.1834788
vn -0.0211115 0.6999640 0.7138661
v 0.0051978 0.0752072 0.1842720
vn 0.1480083 0.9048681 -0.3991331
v 0.0161434 0.0976809 0.0617887
vn -0.0511465 0.9795502 0.1945903
v 0.0024503 0.0988422 0.0685111
vn 0.0513351 0.9960855 0.0719615
v 0.0101242 0.0991748 0.0675137
vn 0.1681246 0.9821094 -0.0848256
v 0.0173523 0.0983155 0.0654172
vn 0.7573116 0.6524690 0.0276303
v 0.0439085 0.0800957 0.0797470
vn 0.7610998 0.6437172 0.0797209
v 0.0433150 0.0832401 0.0691021
vn 0.8693585 0.4775799 -0.1270169
v 0.0540889 0.0650345 0.0766705
vn 0.2854949 0.9583296 0.0098544
v 0.0238195 0.0968586 0.0664637
vn 0.6413355 0.7564213 -0.1285131
v 0.0473518 0.0810663 0.0973385
vn 0.7164862 0.6657456 -0.2083997
v 0.0460134 0.0784551 0.0845122
vn 0.7748194 0.6286578 -0.0666660
v 0.0571176 0.0749239 0.1225723
vn 0.8326484 0.5371549 -0.1347644
v 0.0574547 0.0715472 0.1090365
vn 0.7135758 0.6936272 -0.0984425
v 0.0520920 0.0795968 0.1128387
vn 0.8674083 0.4381513 -0.2358521
v 0.0580428 0.0620427 0.0852844
vn 0.3579138 0.9200861 0.1591834
v 0.0273226 0.0950615 0.0718574
vn 0.4321231 0.9006756 -0.0453112
v 0.0300359 0.0944945 0.0660301
vn 0.5682641 0.8179816 0.0893425
v 0.0343756 0.0917932 0.0694469
vn 0.5341638 0.8197737 -0.2064952
v 0.0339640 0.0917282 0.0632335
vn 0.6235807 0.7786337 0.0698341
v 0.0363065 0.0872715 0.0818122
vn 0.7115301 0.6809859 0.1731564
v 0.0412857 0.0839849 0.0763218
vn 0.6282823 0.7678544 -0.1251439
v 0.0496493 0.0803687 0.1050448
vn 0.6146514 0.6663574 0.4221038
v 0.0519235 0.0668780 0.1680472
vn 0.1314196 0.6569451 0.7423962
v 0.0177127 0.0741008 0.1855327
vn -0.0744060 0.9847361 0.1573483
v -0.0123776 0.0975436 0.1376434
vn -0.0488878 0.9688635 0.2427212
v -0.0080283 0.0960419 0.1460146
vn 0.4299106 0.5351202 0.7272024
v 0.0342247 0.0681710 0.1832954
vn 0.2688433 0.5375339 0.7992375
v 0.0233058 0.0695330 0.1873927
vn 0.0202169 0.9997954 0.0005969
v -0.0031186 0.1008438 0.1097055
vn 0.0199693 0.9901319 -0.1387089
v -0.0066997 0.0994338 0.0954721
vn 0.0058892 0.9964365 0.0841409
v -0.0050914 0.1005183 0.1180240
vn 0.1086320 0.9933286 0.0386977
v 0.0077102 0.0998207 0.1158505
vn 0.2530698 0.9648952 -0.0702351
v 0.0209276 0.0954066 0.0822632
vn 0.0773696 0.9893226 -0.1235104
v 0.0084965 0.0982931 0.0922603
vn 0.2236589 0.9683072 0.1111662
v 0.0187565 0.0959520 0.0774758
vn 0.5504314 0.8314161 -0.0759775
v 0.0384559 0.0880544 0.0979364
vn 0.6730413 0.7254990 0.1437590
v 0.0549254 0.0768197 0.1335433
vn 0.5443507 0.6849675 0.4842539
v 0.0436695 0.0699198 0.1739451
vn 0.5039448 0.6088579 0.6126432
v 0.0383052 0.0704345 0.1786287
vn 0.3045414 0.6317455 0.7128479
v 0.0251634 0.0743838 0.1833272
vn 0.0218687 0.9198222 0.3917257
v -0.0017739 0.0911876 0.1606744
vn 0.0163546 0.7953495 0.6059304
v 0.0041794 0.0819594 0.1770377
vn 0.0295403 0.9845937 0.1723443
v -0.0008129 0.0978715 0.1374687
vn 0.0436408 0.9914317 0.1231206
v -0.0010316 0.0994148 0.1257313
vn 0.0535112 0.9890345 -0.1376497
v 0.0016522 0.0989106 0.0920123
vn 0.0876635 0.9931772 -0.0769042
v 0.0065943 0.0993096 0.0999294
vn 0.5331037 0.8230127 0.1960881
v 0.0323681 0.0913731 0.0762973
vn 0.6311725 0.7221938 0.2829441
v 0.0549347 0.0699547 0.1553193
vn 0.6291056 0.7447166 0.2227629
v 0.0535181 0.0756457 0.1426034
vn 0.5655804 0.7451970 0.3532709
v 0.0479343 0.0715870 0.1652785
vn 0.0384073 0.7771969 0.6280844
v 0.0132813 0.0799481 0.1795548
vn 0.0906539 0.9936575 -0.0665338
v 0.0013750 0.1002066 0.1049653
vn 0.0821742 0.9951573 0.0539384
v 0.0013953 0.1000682 0.1171020
vn 0.1471513 0.9873261 -0.0594447
v 0.0114354 0.0993806 0.1058029
vn 0.2900178 0.9559666 -0.0449172
v 0.0194039 0.0969974 0.1016598
vn 0.5526335 0.8241867 -0.1237439
v 0.0350698 0.0889485 0.0892279
vn 0.6546727 0.7351450 -0.1759705
v 0.0429452 0.0827122 0.0877715
vn 0.1784085 0.8921906 0.4149294
v 0.0137209 0.0871668 0.1660910
vn 0.1504088 0.8412602 0.5192865
v 0.0165636 0.0813798 0.1768512
vn 0.0928903 0.9951544 -0.0322351
v 0.0130877 0.0970006 0.0836120
vn 0.7719904 0.6187013 -0.1457382
v 0.0528559 0.0764028 0.1001601
vn 0.5569273 0.8250379 -0.0956274
v 0.0436103 0.0852671 0.1086793
vn 0.4791705 0.7839735 0.3946913
v 0.0371929 0.0759232 0.1715138
vn 0.4209561 0.7358161 0.5304438
v 0.0314770 0.0750306 0.1789046
vn 0.2459850 0.7839974 0.5699469
v 0.0240706 0.0775396 0.1802538
vn 0.0754316 0.9686038 0.2368895
v 0.0036633 0.0957377 0.1463017
vn 0.0479692 0.9481938 0.3140501
v 0.0002995 0.0936722 0.1539122
vn 0.3875593 0.9213638 -0.0297750
v 0.0259483 0.0947506 0.0966687
vn 0.4279508 0.9037704 0.0075677
v 0.0268230 0.0934140 0.0819236
vn 0.7229522 0.6896658 0.0412468
v 0.0567032 0.0756998 0.1284838
vn 0.5892972 0.7946947 -0.1455656
v 0.0398286 0.0865674 0.0930094
vn 0.1538720 0.9844869 -0.0843151
v 0.0133738 0.0978012 0.0911295
vn 0.1254968 0.9218429 0.3666828
v 0.0081272 0.0909185 0.1595529
vn 0.6317245 0.7692654 0.0956818
v 0.0499351 0.0818002 0.1294121
vn 0.5138295 0.7953137 0.3216450
v 0.0406877 0.0792511 0.1592454
vn 0.3809115 0.8408738 0.3844966
v 0.0311029 0.0807502 0.1679982
vn 0.2898957 0.8571778 0.4256839
v 0.0237049 0.0801307 0.1756920
vn 0.4849718 0.8723477 -0.0617413
v 0.0314289 0.0920702 0.0953996
vn 0.5695289 0.7722136 0.2816434
v 0.0466386 0.0773959 0.1534509
vn 0.5546004 0.8053536 0.2093417
v 0.0455240 0.0835093 0.1374783
vn 0.2218283 0.9008251 0.3732376
v 0.0181555 0.0881076 0.1616650
vn 0.1154047 0.9797108 0.1638556
v 0.0073859 0.0975423 0.1348709
vn 0.2367304 0.9715734 0.0020038
v 0.0157968 0.0986026 0.1112826
vn 0.2647070 0.9604077 0.0868751
v 0.0180795 0.0975572 0.1199803
vn 0.5936997 0.8025322 -0.0588455
v 0.0470241 0.0843532 0.1182513
vn 0.2850536 0.8786344 0.3830746
v 0.0229194 0.0842934 0.1672191
vn 0.1421990 0.9828092 0.1177515
v 0.0113664 0.0982701 0.1264109
vn 0.1491478 0.9545816 0.2579320
v 0.0108067 0.0944645 0.1477575
vn 0.5160220 0.8518727 0.0896338
v 0.0441840 0.0864990 0.1270617
vn 0.6742045 0.7382960 -0.0191649
v 0.0506993 0.0814548 0.1205139
vn -0.0303990 0.9550442 0.2949009
v 0.0243810 0.0928849 0.1416238
vn 0.2416737 0.9454520 0.2184363
v 0.0199624 0.0935105 0.1442931
vn 0.2116207 0.9647157 0.1566536
v 0.0164938 0.0962040 0.1346203
vn 0.3547373 0.9349495 0.0055661
v 0.0242493 0.0960334 0.1122932
vn 0.4746380 0.8795832 -0.0324368
v 0.0359601 0.0900619 0.1104995
vn 0.4220776 0.9064487 -0.0141906
v 0.0290221 0.0937348 0.1093564
vn 0.4575783 0.8887449 -0.0274727
v 0.0411880 0.0882147 0.1200199
vn 0.2415410 0.9154761 0.3218098
v 0.0184992 0.0907876 0.1545846
vn 0.2999878 0.8817760 0.3639760
v 0.0274454 0.0905880 0.1467788
vn 0.1863416 0.9818381 0.0356485
v 0.0226188 0.0946603 0.1322737
vn 0.3854986 0.9219415 0.0376145
v 0.0298135 0.0927834 0.1238727
vn 0.5129319 0.8584199 -0.0040393
v 0.0380503 0.0890214 0.1292920
vn 0.4382636 0.8391240 0.3221740
v 0.0353360 0.0838900 0.1556067
vn 0.0132664 0.9170827 0.3984762
v 0.0275922 0.0937412 0.1405531
vn 0.6958085 0.6775169 -0.2383724
v 0.0364467 0.0905833 0.1317877
vn 0.3287449 0.8982915 -0.2915463
v 0.0312089 0.0922058 0.1284894
vn 0.5112537 0.7997538 0.3146642
v 0.0378993 0.0856527 0.1463160
vn -0.4512359 -0.4304078 0.7817515
v 0.0155776 0.0671076 0.1277664
vn -0.4839533 -0.5726635 0.6616991
v 0.0152537 0.0675471 0.1278559
vn -0.5713322 -0.4161502 -0.7073885
v 0.0153271 0.0674529 -0.0070431
vn 0.1586720 -0.3305469 -0.9303558
v 0.0143610 0.0685524 0.1374802
vn -0.8803996 0.1715968 -0.4420986
v 0.0172263 0.0630418 0.1362535
vn -0.9612604 -0.2753558 -0.0125594
v 0.0172829 0.0626602 0.1669569
vn -0.7860848 0.0253486 -0.6175987
v 0.0167578 0.0648272 0.1372980
vn -0.8429742 0.0390429 -0.5365353
v 0.0171028 0.0636956 0.1366956
vn -0.6787338 -0.1865131 -0.7103051
v 0.0162683 0.0659534 0.1377011
vn -0.3774388 -0.2550156 -0.8902287
v 0.0156710 0.0669815 0.1378614
vn -0.3927350 -0.5125412 -0.7635841
v 0.0150365 0.0678116 0.1377660
vn 0.4121057 -0.5257823 -0.7441249
v 0.0135051 0.0693058 0.1367697
vn 0.6407331 0.0254731 -0.7673410
v 0.0139993 0.0688828 0.1372156
vn 0.7501165 -0.2706030 -0.6034064
v 0.0125429 0.0699703 0.1353025
vn 0.8479045 0.0370215 -0.5288547
v 0.0129193 0.0697171 0.1359836
vn 0.1424633 -0.9467892 0.2886077
v 0.0124446 0.0700187 0.1307722
vn 0.3460723 -0.9002618 0.2641262
v 0.0122906 0.0701076 0.1312109
vn -0.4431548 -0.8158381 -0.3715133
v 0.0120257 0.0702527 -0.0070431
vn 0.3786114 -0.9068192 0.1852900
v 0.0121674 0.0701764 0.1316641
vn 0.2317446 -0.9671788 0.1042094
v 0.0120853 0.0702209 0.1321299
vn 0.2449915 -0.9682896 0.0489342
v 0.0120373 0.0702465 0.1326027
vn 0.2483042 -0.9686526 -0.0075695
v 0.0120286 0.0702511 0.1329195
vn -0.6421891 -0.7657815 -0.0342325
v 0.0124496 0.0700100 0.1669569
vn 0.9580017 0.2638279 -0.1123728
v 0.0120788 0.0702244 0.1336320
vn 0.9280585 -0.2592625 -0.2673770
v 0.0122714 0.0701183 0.1345578
vn 0.0356534 -0.9090640 0.4151282
v 0.0129315 0.0697116 0.1298277
vn -0.4376081 -0.6464632 -0.6249676
v 0.0127789 0.0698125 -0.0070431
vn 0.1026413 -0.9322143 0.3470466
v 0.0126974 0.0698639 0.1302337
vn 0.0183413 -0.7674837 0.6408060
v 0.0136462 0.0691845 0.1289233
vn -0.4936125 -0.6047861 -0.6249644
v 0.0134908 0.0693085 -0.0070431
vn -0.2212711 -0.8883781 0.4022728
v 0.0134895 0.0693095 0.1290880
vn 0.1362448 -0.8269105 0.5455790
v 0.0132574 0.0694835 0.1293663
vn -0.1810642 -0.6456084 0.7418932
v 0.0144569 0.0684523 0.1282525
vn -0.4912561 -0.5082164 -0.7073780
v 0.0141561 0.0687442 -0.0070431
vn -0.4869656 -0.7117645 0.5062172
v 0.0147698 0.0681241 0.1280656
vn -0.5319479 -0.4654903 -0.7073544
v 0.0147698 0.0681241 -0.0070431
vn -0.4377592 -0.6138797 0.6569008
v 0.0149775 0.0678877 0.1279640
vn -0.2371868 -0.7635233 0.6006451
v 0.0141561 0.0687442 0.1284648
vn -0.1837555 -0.7982193 0.5736549
v 0.0139424 0.0689364 0.1286408
vn -0.7012805 -0.4915008 0.5163649
v 0.0158237 0.0667357 0.1277305
vn -0.7367675 -0.4383973 -0.5147636
v 0.0158237 0.0667357 -0.0070431
vn -0.5556753 -0.3279931 0.7639670
v 0.0159510 0.0665279 0.1277238
vn -0.6630349 -0.1655235 0.7300594
v 0.0164484 0.0655823 0.1277941
vn -0.7892798 -0.3667032 0.4925102
v 0.0162740 0.0659424 0.1277495
vn -0.4985316 -0.2425299 -0.8322533
v 0.0162559 0.0659778 -0.0070431
vn -0.6855941 -0.3519071 0.6372771
v 0.0161079 0.0662552 0.1277280
vn -0.8200843 -0.1444266 0.5537173
v 0.0167942 0.0647238 0.1279796
vn -0.6602759 -0.2522678 -0.7073873
v 0.0166205 0.0651853 -0.0070431
vn -0.8491236 -0.2599737 0.4597856
v 0.0166069 0.0652182 0.1278598
vn -0.8415258 -0.1053336 0.5298483
v 0.0169146 0.0643640 0.1280845
vn -0.6799785 -0.1929031 -0.7074021
v 0.0169146 0.0643640 -0.0070431
vn -0.8120489 0.0125973 0.5834535
v 0.0170531 0.0638720 0.1282564
vn -0.9295320 -0.0517795 0.3650879
v 0.0171359 0.0635202 0.1283976
vn -0.5444155 -0.1046791 -0.8322585
v 0.0171359 0.0635202 -0.0070431
vn -0.9835432 -0.1261471 -0.1293438
v 0.0172829 0.0626602 -0.0070431
vn -0.9512513 0.0357550 0.3063372
v 0.0172829 0.0626602 0.1288095
vn -0.8556338 0.0993649 0.5079542
v 0.0172263 0.0630420 0.1286158
vn -0.0148589 -0.9997118 -0.0188570
v 0.0073617 0.0714068 0.1669569
vn 0.0191850 -0.5994396 -0.8001901
v 0.0069779 0.0713995 -0.0070431
vn 0.0505336 -0.9986782 -0.0093934
v 0.0069779 0.0713995 0.1669569
vn 0.0266893 -0.2562189 -0.9662502
v 0.0061083 0.0713280 -0.0070431
vn -0.1127220 -0.6977596 -0.7074075
v 0.0087189 0.0713143 -0.0070431
vn -0.1110696 -0.9897200 -0.0900994
v 0.0087189 0.0713143 0.1669569
vn -0.0460420 -0.5535846 -0.8315193
v 0.0078503 0.0713950 -0.0070431
vn -0.3069390 -0.9473930 -0.0907469
v 0.0104353 0.0709228 0.1669569
vn -0.2508327 -0.7391685 -0.6250703
v 0.0104187 0.0709282 -0.0070431
vn -0.2573791 -0.9635434 -0.0730763
v 0.0098487 0.0710927 0.1669569
vn -0.1355267 -0.5842399 -0.8001852
v 0.0095772 0.0711583 -0.0070431
vn -0.2109562 -0.9744890 -0.0766077
v 0.0095772 0.0711583 0.1669569
vn -0.1821513 -0.9778419 -0.1031804
v 0.0092356 0.0712298 0.1669569
vn -0.4548832 -0.8857594 -0.0922582
v 0.0120257 0.0702527 0.1669569
vn -0.4248552 -0.9006132 -0.0916182
v 0.0116196 0.0704552 0.1669569
vn -0.2784353 -0.6497250 -0.7073409
v 0.0112369 0.0706255 -0.0070431
vn -0.3819648 -0.9204352 -0.0830785
v 0.0112369 0.0706255 0.1669569
vn -0.3564138 -0.9293649 -0.0961780
v 0.0110430 0.0707047 0.1669569
vn 0.4422727 0.0657157 -0.8944699
v -0.0402585 -0.0403640 -0.0070431
vn 0.6953538 0.1267175 -0.7074078
v -0.0401115 -0.0412239 -0.0070431
vn -0.6356214 -0.3097568 -0.7071325
v -0.1121338 -0.0552359 -0.0070431
vn 0.1742172 0.6852824 -0.7071325
v 0.0302816 0.1212767 -0.0070431
vn 0.1916490 0.6806133 -0.7071323
v 0.0333690 0.1204637 -0.0070431
vn 0.5489897 -0.4452153 -0.7073851
v -0.0501456 0.0612693 -0.0070431
vn -0.4805053 0.5187277 -0.7071325
v -0.0853353 0.0913394 -0.0070431
vn 0.5751128 -0.5557820 -0.6002929
v -0.0495813 0.0619346 -0.0070431
vn -0.4671026 0.5308285 -0.7071325
v -0.0829748 0.0934889 -0.0070431
vn 0.4636894 -0.5334844 -0.7073801
v -0.0489612 0.0625483 -0.0070431
vn -0.7383950 -0.3834704 -0.5547280
v -0.1106865 -0.0580817 -0.0070431
vn -0.6712015 -0.4916964 -0.5547280
v -0.1005233 -0.0742972 -0.0070431
vn -0.5808960 -0.4031421 -0.7071325
v -0.1023879 -0.0717058 -0.0070431
vn 0.6364712 0.3074094 -0.7073923
v -0.0392315 -0.0436816 -0.0070431
vn 0.6598241 0.2534770 -0.7073766
v -0.0395961 -0.0428891 -0.0070431
vn 0.5958468 -0.5807267 -0.5547280
v 0.0898879 -0.0868629 -0.0070431
vn -0.4046830 0.3173064 -0.8576412
v 0.0271700 -0.0389731 -0.0070431
vn 0.5188008 -0.4804263 -0.7071325
v 0.0920770 -0.0845390 -0.0070431
vn -0.5846019 0.3972500 -0.7074130
v 0.0276740 -0.0382611 -0.0070431
vn 0.6247314 -0.5495340 -0.5547279
v 0.0942059 -0.0821600 -0.0070431
vn 0.5426623 -0.4533007 -0.7071324
v 0.0962734 -0.0797272 -0.0070431
vn -0.6228533 0.3342592 -0.7073362
v 0.0281142 -0.0375079 -0.0070431
vn 0.6519671 -0.5169291 -0.5547280
v 0.0982782 -0.0772425 -0.0070431
vn -0.5512406 0.2362728 -0.8001931
v 0.0284870 -0.0367192 -0.0070431
vn 0.5757690 -0.4104312 -0.7071325
v 0.1020940 -0.0721237 -0.0070431
vn 0.6649555 -0.5001110 -0.5547280
v 0.1002188 -0.0747075 -0.0070431
vn 0.7232364 -0.4113464 -0.5547280
v 0.1089174 -0.0613352 -0.0070431
vn -0.6692948 0.2270447 -0.7074569
v 0.0287897 -0.0359010 -0.0070431
vn 0.6233518 -0.3337606 -0.7071325
v 0.1104483 -0.0585335 -0.0070431
vn -0.5009465 0.1162238 -0.8576390
v 0.0290198 -0.0350595 -0.0070431
vn 0.7432997 -0.3738750 -0.5547280
v 0.1119071 -0.0556938 -0.0070431
vn 0.7526040 -0.3547732 -0.5547280
v 0.1132929 -0.0528177 -0.0070431
vn 0.6470702 -0.2850686 -0.7071323
v 0.1146049 -0.0499071 -0.0070431
vn -0.6977540 0.1127510 -0.7074083
v 0.0291759 -0.0342012 -0.0070431
vn 0.7697327 -0.3158933 -0.5547280
v 0.1158421 -0.0469640 -0.0070431
vn 0.2459017 0.7948642 -0.5547281
v 0.0364345 0.1195723 -0.0070431
vn 0.2261575 0.6699378 -0.7071324
v 0.0394763 0.1186028 -0.0070431
vn 0.1389964 0.6932847 -0.7071325
v 0.0240496 0.1226646 -0.0070431
vn 0.1843286 0.8113568 -0.5547280
v 0.0271745 0.1220104 -0.0070431
vn 0.1034107 0.6994784 -0.7071324
v 0.0177549 0.1237326 -0.0070431
vn 0.1426710 0.8197084 -0.5547280
v 0.0209091 0.1232389 -0.0070431
vn 0.3098641 -0.6352953 -0.7073784
v -0.0468150 0.0640344 -0.0070431
vn -0.3652481 0.6054399 -0.7071325
v -0.0650262 0.1067549 -0.0070431
vn 0.2870332 -0.7465028 -0.6002879
v -0.0460224 0.0643989 -0.0070431
vn -0.3496787 0.6145639 -0.7071323
v -0.0622786 0.1083806 -0.0070431
vn 0.1953615 -0.6793033 -0.7073761
v -0.0452011 0.0646930 -0.0070431
vn 0.3937312 -0.6740353 -0.6250218
v -0.0475728 0.0636022 -0.0070431
vn -0.3956951 0.5859941 -0.7071325
v -0.0703924 0.1032953 -0.0070431
vn -0.4478591 0.7012126 -0.5547280
v -0.0677314 0.1050594 -0.0070431
vn -0.5595475 -0.4322851 -0.7071324
v -0.0985930 -0.0768402 -0.0070431
vn 0.5351725 0.3216592 -0.7811055
v -0.0387993 -0.0444394 -0.0070431
vn -0.6452258 -0.5253195 -0.5547280
v -0.0965985 -0.0793330 -0.0070431
vn -0.4999374 -0.5000263 -0.7071325
v -0.0880038 -0.0887713 -0.0070431
vn 0.5717835 0.4155447 -0.7073799
v -0.0383027 -0.0451567 -0.0070431
vn 0.5334511 0.4637294 -0.7073790
v -0.0377454 -0.0458279 -0.0070431
vn 0.3159132 0.7138922 -0.6249455
v -0.0342125 -0.0483293 -0.0070431
vn 0.2310809 0.6679831 -0.7073898
v -0.0333943 -0.0486320 -0.0070431
vn -0.3257690 -0.6275655 -0.7071324
v -0.0571183 -0.1111867 -0.0070431
vn -0.0697182 0.7035541 -0.7072135
v -0.0290840 -0.0490318 -0.0070431
vn -0.1426710 -0.8197084 -0.5547280
v -0.0209091 -0.1232389 -0.0070431
vn -0.1389964 -0.6932847 -0.7071325
v -0.0240496 -0.1226646 -0.0070431
vn 0.2348161 -0.6669523 -0.7071323
v 0.0420116 -0.1177286 -0.0070431
vn -0.1243284 0.5867254 -0.8001849
v 0.0213817 -0.0426182 -0.0070431
vn -0.1940165 0.6796634 -0.7074003
v 0.0222255 -0.0423968 -0.0070431
vn 0.3549077 -0.7525406 -0.5547280
v 0.0537994 -0.1128300 -0.0070431
vn 0.3355678 -0.7613614 -0.5547280
v 0.0509004 -0.1141672 -0.0070431
vn -0.2069667 0.5143319 -0.8322425
v 0.0230468 -0.0421028 -0.0070431
vn 0.2685569 -0.6540956 -0.7071324
v 0.0479681 -0.1154299 -0.0070431
vn 0.2962487 -0.7775047 -0.5547280
v 0.0450046 -0.1166173 -0.0070431
vn 0.4830818 -0.6774282 -0.5547280
v 0.0730074 -0.1014638 -0.0070431
vn -0.3695409 0.5033361 -0.7810841
v 0.0253144 -0.0408094 -0.0070431
vn 0.4250945 -0.5650294 -0.7071326
v 0.0755749 -0.0995663 -0.0070431
vn -0.4630212 0.5340458 -0.7073941
v 0.0259856 -0.0402520 -0.0070431
vn -0.5631868 0.5404704 -0.6250700
v 0.0266057 -0.0396385 -0.0070431
vn 0.4533985 -0.5425805 -0.7071324
v 0.0805601 -0.0955775 -0.0070431
vn 0.5170387 -0.6518803 -0.5547280
v 0.0780930 -0.0976037 -0.0070431
vn 0.7124999 -0.4296751 -0.5547280
v 0.1073154 -0.0640968 -0.0070431
vn 0.5959716 -0.3805016 -0.7071325
v 0.1056435 -0.0668166 -0.0070431
vn 0.6896294 -0.4654978 -0.5547280
v 0.1039026 -0.0694927 -0.0070431
vn -0.5335199 0.6384618 -0.5547280
v -0.0805601 0.0955775 -0.0070431
vn -0.4393922 0.5539840 -0.7071324
v -0.0780930 0.0976037 -0.0070431
vn 0.4701400 -0.6470067 -0.6002922
v -0.0482900 0.0631055 -0.0070431
vn -0.4250945 0.5650294 -0.7071326
v -0.0755749 0.0995663 -0.0070431
vn -0.4830818 0.6774282 -0.5547280
v -0.0730074 0.1014638 -0.0070431
vn 0.6178068 -0.3433901 -0.7073883
v -0.0510898 0.0598041 -0.0070431
vn -0.5188117 0.4804147 -0.7071324
v -0.0920769 0.0845390 -0.0070431
vn 0.6626095 -0.4478722 -0.6002992
v -0.0506496 0.0605573 -0.0070431
vn -0.5063725 0.4935084 -0.7071325
v -0.0898879 0.0868629 -0.0070431
vn -0.5808270 0.5957490 -0.5547280
v -0.0876402 0.0891302 -0.0070431
vn 0.6453540 -0.2883027 -0.7073894
v -0.0514627 0.0590154 -0.0070431
vn -0.5426555 0.4533086 -0.7071325
v -0.0962734 0.0797272 -0.0070431
vn -0.6247194 0.5495476 -0.5547280
v -0.0942059 0.0821599 -0.0070431
vn 0.6855395 -0.1721482 -0.7073900
v -0.0519955 0.0573557 -0.0070431
vn 0.6983764 -0.1091624 -0.7073570
v -0.0521515 0.0564974 -0.0070431
vn -0.5959749 0.3804967 -0.7071325
v -0.1056434 0.0668166 -0.0070431
vn 0.1106438 -0.0858242 -0.9901476
v -0.0484052 0.0241235 -0.0070431
vn -0.8228551 -0.4817261 -0.3014126
v -0.1241767 0.0145513 -0.0070431
vn -0.6954395 -0.4567722 -0.5547280
v -0.1041858 -0.0690675 -0.0070431
vn -0.6007181 -0.3729632 -0.7071324
v -0.1059157 -0.0663842 -0.0070431
vn 0.7695767 0.2176835 -0.6003046
v -0.0398902 -0.0420678 -0.0070431
vn -0.6100546 -0.3574872 -0.7071325
v -0.1075766 -0.0636576 -0.0070431
vn -0.7283677 -0.4021907 -0.5547280
v -0.1091672 -0.0608895 -0.0070431
vn -0.6031188 -0.5731707 -0.5547280
v -0.0902421 -0.0864948 -0.0070431
vn -0.5248206 -0.4738429 -0.7071324
v -0.0924217 -0.0841619 -0.0070431
vn -0.6316031 -0.5416220 -0.5547280
v -0.0945409 -0.0817742 -0.0070431
vn 0.3958114 0.5856082 -0.7073870
v -0.0357545 -0.0475164 -0.0070431
vn 0.3433129 0.6178511 -0.7073870
v -0.0350013 -0.0479565 -0.0070431
vn -0.3880751 -0.5910682 -0.7071324
v -0.0681602 -0.1047816 -0.0070431
vn -0.4020751 -0.7284315 -0.5547280
v -0.0599392 -0.1096918 -0.0070431
vn -0.3573944 -0.6101090 -0.7071325
v -0.0627211 -0.1081252 -0.0070431
vn -0.4387441 -0.7069515 -0.5547280
v -0.0654620 -0.1064881 -0.0070431
vn -0.0135793 0.7067224 -0.7073607
v -0.0299535 -0.0491034 -0.0070431
vn -0.3611961 0.6075293 -0.7074218
v 0.0245972 -0.0413060 -0.0070431
vn 0.3496787 -0.6145639 -0.7071323
v 0.0622786 -0.1083806 -0.0070431
vn -0.3194917 0.6305561 -0.7073359
v 0.0238393 -0.0417382 -0.0070431
vn 0.3338641 -0.6232964 -0.7071325
v 0.0594905 -0.1099358 -0.0070431
vn 0.3740033 -0.7432351 -0.5547280
v 0.0566634 -0.1114193 -0.0070431
vn 0.4656196 -0.6895470 -0.5547281
v 0.0703924 -0.1032953 -0.0070431
vn 0.3806017 -0.5959079 -0.7071323
v 0.0677314 -0.1050594 -0.0070431
vn 0.4297923 -0.7124292 -0.5547281
v 0.0650262 -0.1067549 -0.0070431
vn 0.5808270 -0.5957490 -0.5547280
v 0.0876402 -0.0891302 -0.0070431
vn 0.4805053 -0.5187277 -0.7071325
v 0.0853353 -0.0913394 -0.0070431
vn 0.5496458 -0.6246330 -0.5547280
v 0.0829748 -0.0934889 -0.0070431
vn 0.6607825 -0.2516549 -0.7071325
v 0.1170037 -0.0439903 -0.0070431
vn 0.7848641 -0.2761619 -0.5547280
v 0.1180890 -0.0409878 -0.0070431
vn 0.2933083 0.6433771 -0.7071324
v 0.0513666 0.1139582 -0.0070431
vn 0.2861768 0.7812680 -0.5547281
v 0.0424924 0.1175560 -0.0070431
vn 0.2600691 0.6575165 -0.7071324
v 0.0454808 0.1164323 -0.0070431
vn 0.3256853 0.7656409 -0.5547280
v 0.0484395 0.1152329 -0.0070431
vn -0.6896269 0.4655014 -0.5547281
v -0.1039026 0.0694927 -0.0070431
vn -0.5757719 0.4104273 -0.7071324
v -0.1020940 0.0721236 -0.0070431
vn 0.7558603 -0.2613685 -0.6003014
v -0.0517653 0.0581972 -0.0070431
vn -0.5650986 0.4250027 -0.7071325
v -0.1002188 0.0747075 -0.0070431
vn -0.6519671 0.5169291 -0.5547280
v -0.0982782 0.0772425 -0.0070431
vn 0.7050016 -0.0506821 -0.7073925
v -0.0522321 0.0556288 -0.0070431
vn -0.6146243 0.3495724 -0.7071324
v -0.1089174 0.0613352 -0.0070431
vn -0.7124926 0.4296872 -0.5547280
v -0.1073154 0.0640968 -0.0070431
vn 0.7067354 0.0105237 -0.7073997
v -0.0522366 0.0547564 -0.0070431
vn -0.6316744 0.3177283 -0.7071324
v -0.1119071 0.0556938 -0.0070431
vn -0.7335064 0.3927405 -0.5547280
v -0.1104483 0.0585335 -0.0070431
vn 0.7770686 0.0759972 -0.6248111
v -0.0521651 0.0538869 -0.0070431
vn -0.6470702 0.2850686 -0.7071323
v -0.1146049 0.0499071 -0.0070431
vn -0.7526040 0.3547732 -0.5547280
v -0.1132929 0.0528177 -0.0070431
vn 0.4911628 0.5083033 -0.7073803
v -0.0371317 -0.0464480 -0.0070431
vn -0.4737622 -0.5248935 -0.7071324
v -0.0833562 -0.0931490 -0.0070431
vn -0.5730645 -0.6032196 -0.5547280
v -0.0857079 -0.0909898 -0.0070431
vn 0.4451966 0.5490065 -0.7073838
v -0.0364665 -0.0470123 -0.0070431
vn -0.4463337 -0.5484067 -0.7071325
v -0.0784913 -0.0972838 -0.0070431
vn -0.5415248 -0.6316864 -0.5547281
v -0.0809502 -0.0952475 -0.0070431
vn -0.4742731 -0.6836241 -0.5547281
v -0.0708139 -0.1030068 -0.0070431
vn -0.4177527 -0.5704792 -0.7071324
v -0.0734215 -0.1011646 -0.0070431
vn -0.5085541 -0.6585208 -0.5547280
v -0.0759812 -0.0992565 -0.0070431
vn 0.1722861 0.6855009 -0.7073939
v -0.0325529 -0.0488621 -0.0070431
vn -0.2933083 -0.6433771 -0.7071324
v -0.0513666 -0.1139582 -0.0070431
vn -0.3643600 -0.7480098 -0.5547280
v -0.0542601 -0.1126092 -0.0070431
vn 0.1120444 0.6978793 -0.7073970
v -0.0316945 -0.0490182 -0.0070431
vn -0.2600691 -0.6575165 -0.7071324
v -0.0454808 -0.1164323 -0.0070431
vn -0.3256853 -0.7656409 -0.5547280
v -0.0484395 -0.1152329 -0.0070431
vn -0.2255158 -0.8008868 -0.5547279
v -0.0333690 -0.1204637 -0.0070431
vn 0.0449875 0.6227553 -0.7811223
v -0.0308259 -0.0490988 -0.0070431
vn -0.1742172 -0.6852824 -0.7071325
v -0.0302816 -0.1212767 -0.0070431
vn -0.1843286 -0.8113568 -0.5547280
v -0.0271745 -0.1220104 -0.0070431
vn 0.1948176 -0.8089023 -0.5547280
v 0.0297856 -0.1213994 -0.0070431
vn 0.1740990 -0.8136132 -0.5547280
v 0.0266756 -0.1221205 -0.0070431
vn -0.0246681 0.1625109 -0.9863983
v 0.0205217 -0.0427652 -0.0070431
vn 0.8089329 -0.1946901 -0.5547282
v 0.1216535 -0.0287304 -0.0070431
vn 0.8037011 -0.2152708 -0.5547280
v 0.1208800 -0.0318278 -0.0070431
vn -0.5139808 -0.0164944 -0.8576431
v 0.0292610 -0.0324602 -0.0070431
vn 0.6781085 -0.2003310 -0.7071325
v 0.1200278 -0.0349046 -0.0070431
vn 0.7916573 -0.2560382 -0.5547280
v 0.1190973 -0.0379585 -0.0070431
vn 0.6914563 -0.1478241 -0.7071325
v 0.1223475 -0.0256141 -0.0070431
vn -0.2729633 -0.0303207 -0.9615465
v 0.0291895 -0.0315907 -0.0070431
vn 0.8178207 -0.1531221 -0.5547279
v 0.1229617 -0.0224812 -0.0070431
vn 0.5125453 0.4870946 -0.7071324
v 0.0902421 0.0864948 -0.0070431
vn 0.6175634 0.5575773 -0.5547279
v 0.0924217 0.0841619 -0.0070431
vn 0.6316031 0.5416220 -0.5547280
v 0.0945409 0.0817742 -0.0070431
vn 0.4870087 0.5126267 -0.7071325
v 0.0857080 0.0909898 -0.0070431
vn 0.5882880 0.5883827 -0.5547280
v 0.0880038 0.0887713 -0.0070431
vn 0.3573944 0.6101090 -0.7071325
v 0.0627211 0.1081252 -0.0070431
vn 0.3643600 0.7480098 -0.5547280
v 0.0542601 0.1126092 -0.0070431
vn 0.3257690 0.6275655 -0.7071324
v 0.0571183 0.1111867 -0.0070431
vn 0.4020751 0.7284315 -0.5547280
v 0.0599392 0.1096918 -0.0070431
vn 0.0495708 0.7053413 -0.7071325
v 0.0082312 0.1247288 -0.0070431
vn 0.0675614 0.7038462 -0.7071323
v 0.0114139 0.1244778 -0.0070431
vn 0.1006244 0.8259247 -0.5547280
v 0.0145892 0.1241457 -0.0070431
vn -0.6607839 0.2516515 -0.7071324
v -0.1170037 0.0439902 -0.0070431
vn -0.7697342 0.3158894 -0.5547280
v -0.1158421 0.0469640 -0.0070431
vn -0.7570146 -0.3452618 -0.5547281
v -0.1135079 -0.0523542 -0.0070431
vn -0.6506171 -0.2768777 -0.7071324
v -0.1148079 -0.0494382 -0.0070431
vn 0.1406106 0.1812739 -0.9733285
v -0.0445825 -0.0061360 -0.0070431
vn -0.7736567 -0.3061570 -0.5547280
v -0.1160330 -0.0464901 -0.0070431
vn -0.7812208 -0.2863056 -0.5547280
v -0.1171825 -0.0435116 -0.0070431
vn -0.8157715 -0.1636876 -0.5547280
v -0.1224512 -0.0251139 -0.0070431
vn -0.8196848 -0.1428063 -0.5547280
v -0.1230526 -0.0219784 -0.0070431
vn -0.8228640 -0.1230725 -0.5547505
v -0.1235738 -0.0188286 -0.0070431
vn -0.6471927 0.4943963 -0.5802705
v -0.1239507 -0.0161625 -0.0070431
vn -0.2459017 -0.7948642 -0.5547281
v -0.0364345 -0.1195723 -0.0070431
vn -0.2261575 -0.6699378 -0.7071324
v -0.0394763 -0.1186028 -0.0070431
vn -0.2861768 -0.7812680 -0.5547281
v -0.0424924 -0.1175560 -0.0070431
vn 0.2561633 -0.7916167 -0.5547282
v 0.0389913 -0.1187632 -0.0070431
vn 0.2004488 -0.6780739 -0.7071323
v 0.0359455 -0.1197202 -0.0070431
vn 0.2154163 -0.8036621 -0.5547280
v 0.0328763 -0.1205992 -0.0070431
vn 0.5085541 0.6585208 -0.5547280
v 0.0759812 0.0992565 -0.0070431
vn 0.5252156 0.6453102 -0.5547282
v 0.0784913 0.0972838 -0.0070431
vn 0.4601976 0.5368258 -0.7071324
v 0.0809502 0.0952474 -0.0070431
vn 0.5574678 0.6176621 -0.5547280
v 0.0833562 0.0931490 -0.0070431
vn -0.7882757 -0.2662676 -0.5547280
v -0.1182555 -0.0405048 -0.0070431
vn -0.7948207 -0.2460423 -0.5547281
v -0.1192514 -0.0374715 -0.0070431
vn -0.8008472 -0.2256560 -0.5547280
v -0.1201695 -0.0344137 -0.0070431
vn -0.8063500 -0.2051257 -0.5547281
v -0.1210092 -0.0313335 -0.0070431
vn -0.8113253 -0.1844671 -0.5547280
v -0.1217699 -0.0282329 -0.0070431
vn 0.0478591 -0.8306542 -0.5547281
v 0.0077213 -0.1247613 -0.0070431
vn 0.0266294 -0.8316056 -0.5547280
v 0.0045326 -0.1249178 -0.0070431
vn 0.0053851 -0.8320144 -0.5547280
v 0.0013409 -0.1249928 -0.0070431
vn -0.0158751 -0.8318802 -0.5547281
v -0.0018517 -0.1249863 -0.0070431
vn -0.0370996 -0.8312043 -0.5547280
v -0.0050431 -0.1248982 -0.0070431
vn -0.0583306 -0.8299845 -0.5547281
v -0.0082312 -0.1247288 -0.0070431
vn 0.7479545 0.3644735 -0.5547280
v 0.1121338 0.0552359 -0.0070431
vn 0.7570113 0.3452693 -0.5547279
v 0.1135078 0.0523542 -0.0070431
vn 0.7655814 0.3258250 -0.5547281
v 0.1148079 0.0494382 -0.0070431
vn 0.7736592 0.3061505 -0.5547282
v 0.1160331 0.0464901 -0.0070431
vn 0.4387469 0.7069498 -0.5547280
v 0.0654620 0.1064881 -0.0070431
vn 0.3880832 0.5910627 -0.7071325
v 0.0681603 0.1047816 -0.0070431
vn 0.4030439 0.5809643 -0.7071324
v 0.0708140 0.1030067 -0.0070431
vn 0.4915700 0.6712941 -0.5547280
v 0.0734215 0.1011646 -0.0070431
vn -0.8215119 0.1318803 -0.5547305
v -0.1234958 0.0193336 -0.0070431
vn -0.8178191 0.1531298 -0.5547281
v -0.1229618 0.0224812 -0.0070431
vn -0.8136408 0.1739700 -0.5547280
v -0.1223475 0.0256141 -0.0070431
vn -0.0795004 -0.8282250 -0.5547279
v -0.0114139 -0.1244778 -0.0070431
vn -0.0855131 -0.7018912 -0.7071325
v -0.0145892 -0.1241457 -0.0070431
vn -0.1216847 -0.8230855 -0.5547280
v -0.0177549 -0.1237326 -0.0070431
vn 0.6452258 0.5253195 -0.5547280
v 0.0965985 0.0793330 -0.0070431
vn 0.5595475 0.4322851 -0.7071324
v 0.0985930 0.0768402 -0.0070431
vn 0.5704078 0.4178500 -0.7071325
v 0.1005233 0.0742972 -0.0070431
vn 0.6835459 0.4743856 -0.5547280
v 0.1023880 0.0717057 -0.0070431
vn 0.0403677 -0.2716779 -0.9615413
v -0.0434973 0.0650614 -0.0070431
vn -0.2176940 0.6727355 -0.7071325
v -0.0389913 0.1187632 -0.0070431
vn -0.2358534 0.7979035 -0.5547280
v -0.0359455 0.1197202 -0.0070431
vn -0.2154251 0.8036597 -0.5547280
v -0.0328763 0.1205991 -0.0070431
vn -0.1948262 0.8089001 -0.5547282
v -0.0297856 0.1213994 -0.0070431
vn -0.1740813 0.8136169 -0.5547282
v -0.0266756 0.1221205 -0.0070431
vn -0.1532679 0.8177933 -0.5547280
v -0.0235481 0.1227619 -0.0070431
vn -0.1323281 0.8214414 -0.5547282
v -0.0204052 0.1233233 -0.0070431
vn -0.1113021 0.8245536 -0.5547280
v -0.0172490 0.1238042 -0.0070431
vn -0.0902159 0.8271263 -0.5547280
v -0.0140816 0.1242043 -0.0070431
vn -0.0266384 0.8316051 -0.5547282
v -0.0045326 0.1249178 -0.0070431
vn -0.0053671 0.8320144 -0.5547282
v -0.0013409 0.1249928 -0.0070431
vn 0.0134815 0.7069525 -0.7071325
v 0.0018517 0.1249862 -0.0070431
vn 0.0370906 0.8312047 -0.5547280
v 0.0050431 0.1248982 -0.0070431
vn -0.8089348 0.1946826 -0.5547280
v -0.1216534 0.0287304 -0.0070431
vn -0.8037031 0.2152632 -0.5547280
v -0.1208800 0.0318278 -0.0070431
vn -0.7979393 0.2357322 -0.5547282
v -0.1200278 0.0349046 -0.0070431
vn -0.7916573 0.2560382 -0.5547280
v -0.1190973 0.0379585 -0.0070431
vn -0.7848613 0.2761694 -0.5547280
v -0.1180890 0.0409878 -0.0070431
vn 0.1532590 -0.8177949 -0.5547280
v 0.0235481 -0.1227620 -0.0070431
vn 0.1323191 -0.8214430 -0.5547280
v 0.0204052 -0.1233233 -0.0070431
vn 0.1113021 -0.8245536 -0.5547280
v 0.0172490 -0.1238042 -0.0070431
vn 0.7812244 0.2862958 -0.5547280
v 0.1171825 0.0435116 -0.0070431
vn 0.7882752 0.2662689 -0.5547280
v 0.1182555 0.0405047 -0.0070431
vn 0.7948201 0.2460440 -0.5547282
v 0.1192514 0.0374715 -0.0070431
vn -0.3928624 0.7334411 -0.5547282
v -0.0594905 0.1099358 -0.0070431
vn -0.3178372 0.6316196 -0.7071324
v -0.0566634 0.1114193 -0.0070431
vn 0.1498857 -0.7856001 -0.6003056
v -0.0443573 0.0649143 -0.0070431
vn -0.3016094 0.6395276 -0.7071324
v -0.0537994 0.1128300 -0.0070431
vn -0.3355678 0.7613614 -0.5547280
v -0.0509004 0.1141672 -0.0070431
vn -0.3160145 0.7696829 -0.5547280
v -0.0479681 0.1154299 -0.0070431
vn -0.0690461 0.8291618 -0.5547282
v -0.0109051 0.1245234 -0.0070431
vn -0.0478681 0.8306537 -0.5547280
v -0.0077213 0.1247612 -0.0070431
vn 0.0902159 -0.8271263 -0.5547280
v 0.0140816 -0.1242043 -0.0070431
vn 0.0690642 -0.8291605 -0.5547280
v 0.0109051 -0.1245234 -0.0070431
vn 0.8008472 0.2256560 -0.5547280
v 0.1201695 0.0344137 -0.0070431
vn 0.8063500 0.2051257 -0.5547281
v 0.1210092 0.0313335 -0.0070431
vn 0.8113219 0.1844819 -0.5547280
v 0.1217699 0.0282329 -0.0070431
vn 0.8320153 -0.0052364 -0.5547280
v 0.1249998 -0.0002554 -0.0070431
vn 0.8316101 -0.0264873 -0.5547280
v 0.1249525 -0.0034477 -0.0070431
vn 0.8306616 -0.0477284 -0.5547281
v 0.1248237 -0.0066377 -0.0070431
vn 0.8291720 -0.0689257 -0.5547280
v 0.1246134 -0.0098234 -0.0070431
vn 0.8271437 -0.0900574 -0.5547280
v 0.1243219 -0.0130026 -0.0070431
vn -0.2962487 0.7775047 -0.5547280
v -0.0450046 0.1166173 -0.0070431
vn -0.2763112 0.7848114 -0.5547280
v -0.0420116 0.1177286 -0.0070431
vn 0.6954373 0.4567755 -0.5547280
v 0.1041858 0.0690675 -0.0070431
vn 0.7068730 0.4388706 -0.5547280
v 0.1059157 0.0663842 -0.0070431
vn 0.7178593 0.4206599 -0.5547282
v 0.1075766 0.0636576 -0.0070431
vn 0.7283602 0.4022045 -0.5547280
v 0.1091672 0.0608895 -0.0070431
vn 0.7383987 0.3834634 -0.5547282
v 0.1106866 0.0580817 -0.0070431
vn 0.8157696 0.1636974 -0.5547281
v 0.1224513 0.0251138 -0.0070431
vn 0.8196876 0.1427897 -0.5547282
v 0.1230527 0.0219785 -0.0070431
vn 0.8230650 0.1218229 -0.5547280
v 0.1235738 0.0188286 -0.0070431
vn 0.8245720 -0.1111656 -0.5547282
v 0.1239493 -0.0161734 -0.0070431
vn 0.8214620 -0.1322011 -0.5547280
v 0.1234958 -0.0193336 -0.0070431
vn 0.8259078 0.1007634 -0.5547280
v 0.1240143 0.0156666 -0.0070431
vn 0.8282102 0.0796535 -0.5547280
v 0.1243740 0.0124944 -0.0070431
vn 0.8299745 0.0584734 -0.5547281
v 0.1246526 0.0093139 -0.0070431
vn 0.8311981 0.0372353 -0.5547281
v 0.1248498 0.0061274 -0.0070431
vn 0.8318778 0.0160071 -0.5547280
v 0.1249655 0.0029369 -0.0070431
vn 0.5498207 0.0730470 0.8320826
v -0.0402585 -0.0403640 0.1069569
vn 0.5278940 0.2051407 -0.8241634
v -0.0445825 -0.0061360 0.0029569
vn 0.5242792 -0.1041427 -0.8451543
v -0.0484052 0.0241235 0.0029569
vn -0.5640083 0.1953106 -0.8023394
v -0.1239521 -0.0161627 0.0029569
vn -0.8841392 -0.1333658 0.4477850
v -0.1235738 -0.0188286 0.0129569
vn -0.8906080 0.0799603 0.4476872
v -0.1244677 0.0114129 0.0129569
vn -0.7056554 0.0445644 -0.7071524
v -0.1248237 0.0066377 0.0029569
vn -0.7061160 0.0365468 0.7071524
v -0.1248237 0.0066377 0.0129569
vn -0.7067639 0.0205029 -0.7071524
v -0.1249525 0.0034477 0.0029569
vn -0.8323701 0.0170537 0.5539579
v -0.1249525 0.0034477 0.0129569
vn -0.8937859 -0.0038877 -0.4484771
v -0.1249826 -0.0013407 0.0029569
vn -0.5551885 0.0011300 0.8317238
v -0.1249998 0.0002554 0.0129569
vn -0.8317044 -0.0230969 0.5547381
v -0.1249655 -0.0029369 0.0129569
vn -0.7063626 -0.0316585 -0.7071419
v -0.1248497 -0.0061275 0.0029569
vn -0.4463036 -0.0333475 -0.8942601
v -0.1246525 -0.0093139 0.0029569
vn -0.7969335 -0.0561368 0.6014530
v -0.1247510 -0.0077207 0.0129569
vn -0.8291706 -0.0801792 -0.5532156
v -0.1243740 -0.0124944 0.0029569
vn -0.8260624 -0.0917295 0.5560635
v -0.1241941 -0.0140805 0.0129569
vn -0.4932320 -0.1167231 -0.8620313
v -0.1241497 0.0145547 0.0029569
vn 0.8045739 0.2119851 0.5547280
v 0.1210092 0.0313335 0.0129569
vn 0.7988965 0.2324676 0.5547280
v 0.1201695 0.0344137 0.0129569
vn 0.7926944 0.2528087 0.5547282
v 0.1192514 0.0374715 0.0129569
vn 0.7859817 0.2729644 0.5547280
v 0.1182555 0.0405047 0.0129569
vn 0.7787604 0.2929318 0.5547280
v 0.1171825 0.0435116 0.0129569
vn 0.7710220 0.3127330 0.5547280
v 0.1160331 0.0464901 0.0129569
vn 0.7627783 0.3323344 0.5547280
v 0.1148079 0.0494382 0.0129569
vn 0.7540476 0.3516947 0.5547280
v 0.1135078 0.0523542 0.0129569
vn 0.7448251 0.3708268 0.5547280
v 0.1121338 0.0552359 0.0129569
vn 0.7351016 0.3897465 0.5547282
v 0.1106866 0.0580817 0.0129569
vn 0.7249159 0.4083795 0.5547280
v 0.1091672 0.0608895 0.0129569
vn 0.6069844 0.3626756 0.7071325
v 0.1075766 0.0636576 0.0129569
vn 0.5070094 0.3207931 0.8000208
v 0.1059157 0.0663842 0.0129569
vn 0.5876737 0.3931967 0.7071323
v 0.1041858 0.0690675 0.0129569
vn 0.6794828 0.4801875 0.5547280
v 0.1023880 0.0717057 0.0129569
vn 0.6669935 0.4973898 0.5547280
v 0.1005233 0.0742972 0.0129569
vn 0.6540735 0.5142614 0.5547280
v 0.0985930 0.0768402 0.0129569
vn 0.5445092 0.4510804 0.7071324
v 0.0965985 0.0793330 0.0129569
vn 0.5328144 0.4648361 0.7071325
v 0.0945409 0.0817742 0.0129569
vn 0.6127918 0.5628171 0.5547280
v 0.0924217 0.0841619 0.0129569
vn 0.3698943 0.3575694 0.8575094
v 0.0902421 0.0864948 0.0129569
vn 0.5832601 0.5933672 0.5547279
v 0.0880038 0.0887713 0.0129569
vn 0.5679073 0.6080774 0.5547280
v 0.0857080 0.0909898 0.0129569
vn 0.5521909 0.6223843 0.5547279
v 0.0833562 0.0931490 0.0129569
vn 0.5361274 0.6362738 0.5547279
v 0.0809502 0.0952474 0.0129569
vn 0.5196971 0.6497629 0.5547280
v 0.0784913 0.0972838 0.0129569
vn 0.4274028 0.5632857 0.7071323
v 0.0759812 0.0992565 0.0129569
vn 0.4858345 0.6754568 0.5547279
v 0.0734215 0.1011646 0.0129569
vn 0.4684354 0.6876375 0.5547279
v 0.0708140 0.1030067 0.0129569
vn 0.4507221 0.6993759 0.5547278
v 0.0681603 0.1047816 0.0129569
vn 0.4327127 0.7106594 0.5547278
v 0.0654620 0.1064881 0.0129569
vn 0.3521863 0.6131304 0.7071322
v 0.0627211 0.1081252 0.0129569
vn 0.3364080 0.6219273 0.7071323
v 0.0599392 0.1096918 0.0129569
vn 0.3770383 0.7417002 0.5547278
v 0.0571183 0.1111867 0.0129569
vn 0.3579800 0.7510841 0.5547279
v 0.0542601 0.1126092 0.0129569
vn 0.3386795 0.7599825 0.5547278
v 0.0513666 0.1139582 0.0129569
vn 0.3191515 0.7683875 0.5547279
v 0.0484395 0.1152329 0.0129569
vn 0.2544672 0.6597048 0.7071322
v 0.0454808 0.1164323 0.0129569
vn 0.2795085 0.7836784 0.5547281
v 0.0424924 0.1175560 0.0129569
vn 0.2594049 0.7905605 0.5547280
v 0.0394763 0.1186028 0.0129569
vn 0.2032074 0.6772523 0.7071324
v 0.0364345 0.1195723 0.0129569
vn 0.2187010 0.8027745 0.5547279
v 0.0333690 0.1204637 0.0129569
vn 0.1981211 0.8080996 0.5547279
v 0.0302816 0.1212767 0.0129569
vn 0.1774188 0.8128958 0.5547279
v 0.0271745 0.1220104 0.0129569
vn 0.1566091 0.8171601 0.5547279
v 0.0240496 0.1226646 0.0129569
vn 0.1356830 0.8208941 0.5547280
v 0.0209091 0.1232389 0.0129569
vn 0.1146745 0.8240916 0.5547278
v 0.0177549 0.1237326 0.0129569
vn 0.0795302 0.7025945 0.7071322
v 0.0145892 0.1241457 0.0129569
vn 0.0724563 0.8288710 0.5547279
v 0.0114139 0.1244778 0.0129569
vn 0.0512490 0.8304519 0.5547280
v 0.0082312 0.1247288 0.0129569
vn 0.0255071 0.7066211 0.7071322
v 0.0050431 0.1248982 0.0129569
vn 0.0087956 0.8319856 0.5547276
v 0.0018517 0.1249862 0.0129569
vn -0.0124593 0.8319386 0.5547278
v -0.0013409 0.1249928 0.0129569
vn -0.0337255 0.8313481 0.5547278
v -0.0045326 0.1249178 0.0129569
vn -0.0466761 0.7055393 0.7071320
v -0.0077213 0.1247612 0.0129569
vn -0.0761129 0.8285431 0.5547280
v -0.0109051 0.1245234 0.0129569
vn -0.0972522 0.8263286 0.5547280
v -0.0140816 0.1242043 0.0129569
vn -0.1183158 0.8235766 0.5547279
v -0.0172490 0.1238042 0.0129569
vn -0.1393267 0.8202835 0.5547280
v -0.0204052 0.1233233 0.0129569
vn -0.1155243 0.5887471 0.8000194
v -0.0235481 0.1227619 0.0129569
vn -0.1810097 0.8121037 0.5547280
v -0.0266756 0.1221205 0.0129569
vn -0.2017145 0.8072101 0.5547280
v -0.0297856 0.1213994 0.0129569
vn -0.2222475 0.8017999 0.5547279
v -0.0328763 0.1205991 0.0129569
vn -0.2426370 0.7958670 0.5547280
v -0.0359455 0.1197202 0.0129569
vn -0.2629063 0.7894029 0.5547282
v -0.0389913 0.1187632 0.0129569
vn -0.2829734 0.7824340 0.5547280
v -0.0420116 0.1177286 0.0129569
vn -0.2573788 0.6585743 0.7071323
v -0.0450046 0.1166173 0.0129569
vn -0.3225543 0.7669654 0.5547277
v -0.0479681 0.1154299 0.0129569
vn -0.3420415 0.7584753 0.5547278
v -0.0509004 0.1141672 0.0129569
vn -0.3613005 0.7494925 0.5547278
v -0.0537994 0.1128300 0.0129569
vn -0.3803134 0.7400263 0.5547277
v -0.0566634 0.1114193 0.0129569
vn -0.3991015 0.7300651 0.5547279
v -0.0594905 0.1099358 0.0129569
vn -0.3548894 0.6115701 0.7071320
v -0.0622786 0.1083806 0.0129569
vn -0.4358504 0.7087393 0.5547279
v -0.0650262 0.1067549 0.0129569
vn -0.4538097 0.6973764 0.5547277
v -0.0677314 0.1050594 0.0129569
vn -0.4714791 0.6855541 0.5547279
v -0.0703924 0.1032953 0.0129569
vn -0.4154146 0.5721853 0.7071314
v -0.0730074 0.1014638 0.0129569
vn -0.5058603 0.6605931 0.5547270
v -0.0755749 0.0995663 0.0129569
vn -0.5225722 0.6474536 0.5547270
v -0.0780930 0.0976037 0.0129569
vn -0.5389354 0.6338979 0.5547270
v -0.0805601 0.0955775 0.0129569
vn -0.4716056 0.5268326 0.7071320
v -0.0829748 0.0934889 0.0129569
vn -0.5705963 0.6055549 0.5547280
v -0.0853353 0.0913394 0.0129569
vn -0.5858783 0.5907822 0.5547279
v -0.0876402 0.0891302 0.0129569
vn -0.6007811 0.5756205 0.5547280
v -0.0898879 0.0868629 0.0129569
vn -0.6152784 0.5600978 0.5547279
v -0.0920769 0.0845390 0.0129569
vn -0.6293746 0.5442100 0.5547280
v -0.0942059 0.0821599 0.0129569
vn -0.6430701 0.5279561 0.5547280
v -0.0962734 0.0797272 0.0129569
vn -0.6563442 0.5113602 0.5547280
v -0.0982782 0.0772425 0.0129569
vn -0.6691968 0.4944213 0.5547280
v -0.1002188 0.0747075 0.0129569
vn -0.5792425 0.4055143 0.7071324
v -0.1020940 0.0721236 0.0129569
vn -0.5894108 0.3905874 0.7071325
v -0.1039026 0.0694927 0.0129569
vn -0.3337936 0.2091319 0.9191549
v -0.1056434 0.0668166 0.0129569
vn -0.7161267 0.4236029 0.5547280
v -0.1073154 0.0640968 0.0129569
vn -0.7267122 0.4051743 0.5547280
v -0.1089174 0.0613352 0.0129569
vn -0.7368249 0.3864787 0.5547281
v -0.1104483 0.0585335 0.0129569
vn -0.7464558 0.3675332 0.5547280
v -0.1119071 0.0556938 0.0129569
vn -0.7555962 0.3483550 0.5547280
v -0.1132929 0.0528177 0.0129569
vn -0.7642435 0.3289510 0.5547280
v -0.1146049 0.0499071 0.0129569
vn -0.7723973 0.3093206 0.5547281
v -0.1158421 0.0469640 0.0129569
vn -0.7800459 0.2894915 0.5547280
v -0.1170037 0.0439902 0.0129569
vn -0.7871841 0.2694774 0.5547280
v -0.1180890 0.0409878 0.0129569
vn -0.6745975 0.2118538 0.7071324
v -0.1190973 0.0379585 0.0129569
vn -0.7999201 0.2289203 0.5547282
v -0.1200278 0.0349046 0.0129569
vn -0.6845383 0.1771187 0.7071324
v -0.1208800 0.0318278 0.0129569
vn -0.8105621 0.1877922 0.5547280
v -0.1216534 0.0287304 0.0129569
vn -0.2375816 0.0486879 0.9701467
v -0.1223475 0.0256141 0.0129569
vn -0.8190946 0.1461535 0.5547281
v -0.1229618 0.0224812 0.0129569
vn -0.8226391 0.1248823 0.5546796
v -0.1234958 0.0193336 0.0129569
vn -0.8254880 0.0989837 0.5556723
v -0.1239492 0.0161733 0.0129569
vn -0.7043628 0.0618839 -0.7071375
v -0.1244677 0.0114129 0.0029569
vn -0.6955304 -0.1272842 0.7071324
v -0.1230526 -0.0219784 0.0129569
vn -0.8143483 -0.1706276 0.5547280
v -0.1224512 -0.0251139 0.0129569
vn -0.8097256 -0.1913667 0.5547280
v -0.1217699 -0.0282329 0.0129569
vn -0.8045739 -0.2119851 0.5547280
v -0.1210092 -0.0313335 0.0129569
vn -0.7988965 -0.2324676 0.5547280
v -0.1201695 -0.0344137 0.0129569
vn -0.7926955 -0.2528056 0.5547280
v -0.1192514 -0.0374715 0.0129569
vn -0.6679462 -0.2319736 0.7071324
v -0.1182555 -0.0405048 0.0129569
vn -0.7787550 -0.2929463 0.5547280
v -0.1171825 -0.0435116 0.0129569
vn -0.7710243 -0.3127273 0.5547280
v -0.1160330 -0.0464901 0.0129569
vn -0.7627873 -0.3323137 0.5547281
v -0.1148079 -0.0494382 0.0129569
vn -0.7540442 -0.3517018 0.5547281
v -0.1135079 -0.0523542 0.0129569
vn -0.6329618 -0.3151558 0.7071324
v -0.1121338 -0.0552359 0.0129569
vn -0.7351053 -0.3897397 0.5547280
v -0.1106865 -0.0580817 0.0129569
vn -0.7249197 -0.4083726 0.5547280
v -0.1091672 -0.0608895 0.0129569
vn -0.7142466 -0.4267652 0.5547282
v -0.1075766 -0.0636576 0.0129569
vn -0.7031121 -0.4448710 0.5547280
v -0.1059157 -0.0663842 0.0129569
vn -0.6915277 -0.4626731 0.5547280
v -0.1041858 -0.0690675 0.0129569
vn -0.6794801 -0.4801911 0.5547282
v -0.1023879 -0.0717058 0.0129569
vn -0.4809625 -0.3586667 0.8000208
v -0.1005233 -0.0742972 0.0129569
vn -0.6540735 -0.5142614 0.5547280
v -0.0985930 -0.0768402 0.0129569
vn -0.6407315 -0.5307919 0.5547280
v -0.0965985 -0.0793330 0.0129569
vn -0.6269690 -0.5469797 0.5547280
v -0.0945409 -0.0817742 0.0129569
vn -0.6127918 -0.5628170 0.5547281
v -0.0924217 -0.0841619 0.0129569
vn -0.4313705 -0.4169965 0.8000209
v -0.0902421 -0.0864948 0.0129569
vn -0.5832499 -0.5933771 0.5547280
v -0.0880038 -0.0887713 0.0129569
vn -0.4826260 -0.5167554 0.7071323
v -0.0857079 -0.0909898 0.0129569
vn -0.4692768 -0.5289076 0.7071323
v -0.0833562 -0.0931490 0.0129569
vn -0.5361228 -0.6362776 0.5547280
v -0.0809502 -0.0952475 0.0129569
vn -0.5196925 -0.6497664 0.5547282
v -0.0784913 -0.0972838 0.0129569
vn -0.5029297 -0.6628262 0.5547280
v -0.0759812 -0.0992565 0.0129569
vn -0.4858446 -0.6754495 0.5547280
v -0.0734215 -0.1011646 0.0129569
vn -0.3980855 -0.5843729 0.7071325
v -0.0708139 -0.1030068 0.0129569
vn -0.4507150 -0.6993804 0.5547280
v -0.0681602 -0.1047816 0.0129569
vn -0.3677292 -0.6039365 0.7071323
v -0.0654620 -0.1064881 0.0129569
vn -0.3521869 -0.6131301 0.7071322
v -0.0627211 -0.1081252 0.0129569
vn -0.3958550 -0.7318304 0.5547280
v -0.0599392 -0.1096918 0.0129569
vn -0.3770383 -0.7417001 0.5547280
v -0.0571183 -0.1111867 0.0129569
vn -0.3579799 -0.7510841 0.5547280
v -0.0542601 -0.1126092 0.0129569
vn -0.3386795 -0.7599823 0.5547280
v -0.0513666 -0.1139582 0.0129569
vn -0.3191514 -0.7683874 0.5547280
v -0.0484395 -0.1152329 0.0129569
vn -0.2994359 -0.7762828 0.5547279
v -0.0454808 -0.1164323 0.0129569
vn -0.2795085 -0.7836784 0.5547280
v -0.0424924 -0.1175560 0.0129569
vn -0.2594048 -0.7905606 0.5547280
v -0.0394763 -0.1186028 0.0129569
vn -0.2391163 -0.7969318 0.5547280
v -0.0364345 -0.1195723 0.0129569
vn -0.2187010 -0.8027745 0.5547279
v -0.0333690 -0.1204637 0.0129569
vn -0.1981211 -0.8080996 0.5547280
v -0.0302816 -0.1212767 0.0129569
vn -0.1774188 -0.8128958 0.5547280
v -0.0271745 -0.1220104 0.0129569
vn -0.1566090 -0.8171601 0.5547279
v -0.0240496 -0.1226646 0.0129569
vn -0.1153110 -0.6976169 0.7071308
v -0.0209091 -0.1232389 0.0129569
vn -0.1146747 -0.8240929 0.5547258
v -0.0177549 -0.1237326 0.0129569
vn -0.0795276 -0.7025968 0.7071302
v -0.0145892 -0.1241457 0.0129569
vn -0.0724563 -0.8288714 0.5547273
v -0.0114139 -0.1244778 0.0129569
vn -0.0512490 -0.8304523 0.5547274
v -0.0082312 -0.1247288 0.0129569
vn -0.0300317 -0.8314900 0.5547274
v -0.0050431 -0.1248982 0.0129569
vn -0.0087866 -0.8319858 0.5547274
v -0.0018517 -0.1249863 0.0129569
vn 0.0124683 -0.8319387 0.5547274
v 0.0013409 -0.1249928 0.0129569
vn 0.0286439 -0.7065023 0.7071310
v 0.0045326 -0.1249178 0.0129569
vn 0.0549328 -0.8302172 0.5547268
v 0.0077213 -0.1247613 0.0129569
vn 0.0761219 -0.8285431 0.5547268
v 0.0109051 -0.1245234 0.0129569
vn 0.0972523 -0.8263294 0.5547268
v 0.0140816 -0.1242043 0.0129569
vn 0.1183159 -0.8235773 0.5547268
v 0.0172490 -0.1238042 0.0129569
vn 0.1183904 -0.6970997 0.7071321
v 0.0204052 -0.1233233 0.0129569
vn 0.1361584 -0.6938480 0.7071322
v 0.0235481 -0.1227620 0.0129569
vn 0.1810185 -0.8121018 0.5547279
v 0.0266756 -0.1221205 0.0129569
vn 0.1714071 -0.6859911 0.7071321
v 0.0297856 -0.1213994 0.0129569
vn 0.2222560 -0.8017975 0.5547280
v 0.0328763 -0.1205992 0.0129569
vn 0.2062069 -0.6763452 0.7071322
v 0.0359455 -0.1197202 0.0129569
vn 0.2629063 -0.7894029 0.5547282
v 0.0389913 -0.1187632 0.0129569
vn 0.2829735 -0.7824340 0.5547280
v 0.0420116 -0.1177286 0.0129569
vn 0.3028617 -0.7749527 0.5547280
v 0.0450046 -0.1166173 0.0129569
vn 0.3225543 -0.7669653 0.5547280
v 0.0479681 -0.1154299 0.0129569
vn 0.3420414 -0.7584751 0.5547280
v 0.0509004 -0.1141672 0.0129569
vn 0.3613005 -0.7494924 0.5547280
v 0.0537994 -0.1128300 0.0129569
vn 0.3803133 -0.7400261 0.5547280
v 0.0566634 -0.1114193 0.0129569
vn 0.3391662 -0.6204272 0.7071325
v 0.0594905 -0.1099358 0.0129569
vn 0.4176028 -0.7196422 0.5547280
v 0.0622786 -0.1083806 0.0129569
vn 0.3703964 -0.6023041 0.7071325
v 0.0650262 -0.1067549 0.0129569
vn 0.4538097 -0.6973763 0.5547280
v 0.0677314 -0.1050594 0.0129569
vn 0.4714790 -0.6855541 0.5547280
v 0.0703924 -0.1032953 0.0129569
vn 0.4888253 -0.6732955 0.5547280
v 0.0730074 -0.1014638 0.0129569
vn 0.5058600 -0.6605926 0.5547280
v 0.0755749 -0.0995663 0.0129569
vn 0.5225717 -0.6474532 0.5547280
v 0.0780930 -0.0976037 0.0129569
vn 0.5389351 -0.6338974 0.5547279
v 0.0805601 -0.0955775 0.0129569
vn 0.5549417 -0.6199329 0.5547279
v 0.0829748 -0.0934889 0.0129569
vn 0.5705963 -0.6055549 0.5547280
v 0.0853353 -0.0913394 0.0129569
vn 0.5858783 -0.5907822 0.5547279
v 0.0876402 -0.0891302 0.0129569
vn 0.5105443 -0.4891916 0.7071324
v 0.0898879 -0.0868629 0.0129569
vn 0.6152781 -0.5600979 0.5547282
v 0.0920770 -0.0845390 0.0129569
vn 0.6293865 -0.5441962 0.5547280
v 0.0942059 -0.0821600 0.0129569
vn 0.6430742 -0.5279513 0.5547280
v 0.0962734 -0.0797272 0.0129569
vn 0.6563442 -0.5113602 0.5547280
v 0.0982782 -0.0772425 0.0129569
vn 0.5686942 -0.4201792 0.7071325
v 0.1002188 -0.0747075 0.0129569
vn 0.6816055 -0.4771696 0.5547280
v 0.1020940 -0.0721237 0.0129569
vn 0.6935632 -0.4596162 0.5547279
v 0.1039026 -0.0694927 0.0129569
vn 0.7050787 -0.4417474 0.5547282
v 0.1056435 -0.0668166 0.0129569
vn 0.7161304 -0.4235968 0.5547280
v 0.1073154 -0.0640968 0.0129569
vn 0.7267122 -0.4051743 0.5547280
v 0.1089174 -0.0613352 0.0129569
vn 0.6261721 -0.3284391 0.7071325
v 0.1104483 -0.0585335 0.0129569
vn 0.7464558 -0.3675332 0.5547280
v 0.1119071 -0.0556938 0.0129569
vn 0.7555962 -0.3483550 0.5547280
v 0.1132929 -0.0528177 0.0129569
vn 0.7642435 -0.3289510 0.5547280
v 0.1146049 -0.0499071 0.0129569
vn 0.7723942 -0.3093283 0.5547280
v 0.1158421 -0.0469640 0.0129569
vn 0.6629033 -0.2460141 0.7071325
v 0.1170037 -0.0439903 0.0129569
vn 0.7871854 -0.2694736 0.5547280
v 0.1180890 -0.0409878 0.0129569
vn 0.4908335 -0.1541436 0.8575094
v 0.1190973 -0.0379585 0.0129569
vn 0.7999201 -0.2289203 0.5547282
v 0.1200278 -0.0349046 0.0129569
vn 0.8055014 -0.2084332 0.5547280
v 0.1208800 -0.0318278 0.0129569
vn 0.8105638 -0.1877844 0.5547282
v 0.1216535 -0.0287304 0.0129569
vn 0.8150969 -0.1670147 0.5547280
v 0.1223475 -0.0256141 0.0129569
vn 0.6960858 -0.1242116 0.7071323
v 0.1229617 -0.0224812 0.0129569
vn 0.8225579 -0.1252013 0.5547280
v 0.1234958 -0.0193336 0.0129569
vn 0.8254900 -0.1041296 0.5547282
v 0.1239493 -0.0161734 0.0129569
vn 0.8278795 -0.0830210 0.5547280
v 0.1243219 -0.0130026 0.0129569
vn 0.8297285 -0.0618666 0.5547280
v 0.1246134 -0.0098234 0.0129569
vn 0.8310382 -0.0406491 0.5547281
v 0.1248237 -0.0066377 0.0129569
vn 0.7068889 -0.0164905 0.7071325
v 0.1249525 -0.0034477 0.0129569
vn 0.8320297 0.0018492 0.5547281
v 0.1249998 -0.0002554 0.0129569
vn 0.8317116 0.0230793 0.5547280
v 0.1249655 0.0029369 0.0129569
vn 0.8308505 0.0443189 0.5547282
v 0.1248498 0.0061274 0.0129569
vn 0.8294460 0.0655443 0.5547281
v 0.1246526 0.0093139 0.0129569
vn 0.8275031 0.0866918 0.5547280
v 0.1243740 0.0124944 0.0129569
vn 0.8250192 0.1077967 0.5547280
v 0.1240143 0.0156666 0.0129569
vn 0.8219996 0.1288159 0.5547280
v 0.1235738 0.0188286 0.0129569
vn 0.6955313 0.1272787 0.7071325
v 0.1230527 0.0219785 0.0129569
vn 0.8143448 0.1706436 0.5547281
v 0.1224513 0.0251138 0.0129569
vn 0.6881234 0.1626345 0.7071324
v 0.1217699 0.0282329 0.0129569
vn -0.3465878 -0.4853792 0.8026730
v -0.1055722 0.0102335 0.0129569
vn -0.6744412 -0.4832556 0.5582052
v -0.1049848 0.0096307 0.0129569
vn -0.4214689 -0.1352085 0.8967066
v -0.1047008 0.0090636 0.0129569
vn -0.8283789 -0.0107387 0.5600654
v -0.1028402 -0.0056645 0.0129569
vn -0.7690207 0.3106613 0.5586563
v -0.1029742 -0.0062844 0.0129569
vn -0.5897241 0.5822935 0.5596069
v -0.1034757 -0.0070810 0.0129569
vn -0.1124596 0.3489788 0.9303584
v -0.1045417 -0.0077226 0.0129569
vn 0.0602361 0.3832313 0.9216862
v -0.1054833 -0.0078022 0.0129569
vn 0.2026138 0.2790701 0.9386520
v -0.1063582 -0.0074452 0.0129569
vn 0.1287340 -0.4848164 0.8650900
v -0.1057305 -0.0033346 0.0129569
vn 0.2713278 -0.2764118 0.9219424
v -0.1066452 -0.0038286 0.0129569
vn -0.5928007 -0.0444361 0.8041224
v -0.1046019 0.0084372 0.0129569
vn -0.7799974 0.2648993 0.5669501
v -0.1047289 0.0076052 0.0129569
vn -0.0096997 0.6964728 0.7175177
v -0.1069208 0.0060881 0.0129569
vn -0.4822679 0.6265506 0.6122516
v -0.1056098 0.0065268 0.0129569
vn 0.2208504 -0.8000141 0.5578554
v -0.1074851 0.0105550 0.0129569
vn -0.2991239 -0.7323803 0.6116732
v -0.1041632 -0.0035191 0.0129569
vn -0.4477757 -0.2335633 0.8631021
v -0.1030063 -0.0047343 0.0129569
vn -0.0604257 -0.8283051 0.5570094
v -0.1065436 0.0106346 0.0129569
vn -0.1912111 -0.5659778 0.8019398
v -0.1061317 0.0105322 0.0129569
vn 0.5940853 0.0199172 0.8041555
v -0.1074321 -0.0053926 0.0129569
vn 0.4582642 0.2210224 0.8608967
v -0.1072070 -0.0064111 0.0129569
vn 0.5540988 -0.2152672 0.8041359
v -0.1072980 -0.0047727 0.0129569
vn 0.4344411 0.7036101 0.5623112
v -0.1081869 0.0065204 0.0129569
vn 0.8141485 0.1630428 0.5572964
v -0.1091726 0.0080727 0.0129569
vn 0.8230477 -0.1025594 0.5586360
v -0.1091867 0.0084969 0.0129569
vn 0.7359331 -0.3833079 0.5581017
v -0.1089120 0.0094011 0.0129569
vn 0.5118150 -0.6510333 0.5605364
v -0.1083309 0.0101417 0.0129569
vn 0.5981930 0.3659090 0.7129346
v -0.1089977 0.0074632 0.0129569
vn 0.1325163 -0.9911770 0.0027623
v -0.0434973 0.0650614 0.1169569
vn -0.7135913 -0.7003996 0.0150958
v 0.0248924 0.0024250 0.1192247
vn -0.9985656 -0.0509213 0.0165453
v 0.0175621 0.0604501 0.1315026
vn -0.8217679 0.4469429 0.3534680
v 0.0262360 -0.0082113 0.1163662
vn -0.8227345 -0.1203219 -0.5555453
v 0.0255408 -0.0027077 0.1241045
vn -0.9936581 -0.1120244 -0.0097085
v 0.0291895 -0.0315907 0.1669569
vn -0.7955232 -0.6011243 -0.0761082
v 0.0248952 0.0024026 0.1198548
vn -0.6081243 0.7881957 0.0945112
v 0.0263211 -0.0088849 0.1182796
vn -0.6054819 0.7740457 0.1850542
v 0.0263120 -0.0088123 0.1178141
vn -0.3111090 0.8988362 0.3087146
v 0.0262959 -0.0086849 0.1173609
vn -0.9721739 0.1962848 0.1278683
v 0.0175340 0.0606729 0.1308297
vn -0.9419146 0.2381440 0.2368214
v 0.0174892 0.0610275 0.1301961
vn -0.9450990 0.1606385 0.2845755
v 0.0173546 0.0620925 0.1291687
vn -0.9383575 0.3043353 -0.1639063
v 0.0175306 0.0606993 0.1335748
vn -0.9862726 0.1553916 -0.0558555
v 0.0175588 0.0604766 0.1328507
vn -0.6156288 0.7848228 -0.0710942
v 0.0263232 -0.0089016 0.1190680
vn -0.3251859 0.9456463 0.0026871
v 0.0263246 -0.0089128 0.1187514
vn -0.6012332 0.7174996 0.3517285
v 0.0262743 -0.0085145 0.1169211
vn -0.3132560 0.8264950 0.4677358
v 0.0262565 -0.0083730 0.1166388
vn -0.9226813 0.2063214 0.3257157
v 0.0174336 0.0614672 0.1296814
vn -0.6422508 -0.7499248 0.1585141
v 0.0249075 0.0023052 0.1183569
vn -0.8954259 0.2969289 -0.3317314
v 0.0174492 0.0613438 0.1346749
vn -0.9453650 0.2295682 -0.2314814
v 0.0174770 0.0611237 0.1343665
vn -0.9220926 0.3036570 -0.2398701
v 0.0175013 0.0609311 0.1340528
vn -0.7178288 -0.5797058 -0.3855685
v 0.0250158 0.0014475 0.1221554
vn -0.6294587 0.7218537 -0.2875918
v 0.0262896 -0.0086352 0.1203220
vn -0.6247075 0.7381962 -0.2545722
v 0.0263021 -0.0087347 0.1200127
vn -0.3433932 0.9222921 -0.1773654
v 0.0263155 -0.0088402 0.1195423
vn -0.6188090 0.2443637 0.7465667
v 0.0259533 -0.0059735 0.1145052
vn -0.9921148 -0.1253329 0.0000000
v 0.0258719 -0.0053290 0.1142720
vn -0.4404154 0.0759044 0.8945797
v 0.0257863 -0.0046516 0.1141144
vn -0.6473638 -0.0244251 0.7617898
v 0.0257202 -0.0041280 0.1140499
vn -0.7752056 -0.6007664 0.1952846
v 0.0249343 0.0020926 0.1176604
vn -0.6697722 -0.1784532 0.7208049
v 0.0255408 -0.0027077 0.1140893
vn -0.7931315 -0.4692997 -0.3882012
v 0.0250710 0.0010111 0.1226303
vn -0.6398149 -0.5000502 -0.5835980
v 0.0251346 0.0005078 0.1230489
vn -0.6032884 0.5081655 0.6146633
v 0.0261453 -0.0074934 0.1155041
vn -0.3477541 0.5487913 0.7601942
v 0.0260986 -0.0071237 0.1151826
vn -0.6102434 0.3669693 0.7020944
v 0.0260471 -0.0067156 0.1148994
vn -0.5210346 -0.2378013 0.8197399
v 0.0254739 -0.0021784 0.1141832
vn -0.8746627 -0.2312720 0.4260028
v 0.0254300 -0.0018306 0.1142715
vn -0.9212161 0.2192954 -0.3213573
v 0.0173914 0.0618011 0.1351951
vn -0.6877362 -0.3909634 -0.6116916
v 0.0252153 -0.0001314 0.1234407
vn -0.3828411 0.8231326 -0.4193870
v 0.0262743 -0.0085145 0.1206262
vn -0.6566640 -0.6277605 0.4179823
v 0.0250158 0.0014475 0.1165011
vn -0.6735181 -0.6611223 0.3305915
v 0.0249701 0.0018099 0.1170649
vn -0.9999633 0.0083490 -0.0019367
v 0.0175688 0.0603968 0.1319714
vn -0.7736174 -0.2963894 -0.5600619
v 0.0253237 -0.0009897 0.1238087
vn -0.6453437 -0.1858632 -0.7409362
v 0.0254519 -0.0020044 0.1240448
vn -0.2711402 0.7422299 -0.6128440
v 0.0261878 -0.0078296 0.1217697
vn -0.6429863 0.6376802 -0.4241846
v 0.0262405 -0.0082468 0.1211401
vn -0.7381777 -0.5019280 0.4507350
v 0.0251177 0.0006414 0.1156150
vn -0.7467222 -0.5299172 0.4019873
v 0.0250710 0.0010111 0.1159777
vn -0.4547509 0.5855408 -0.6710765
v 0.0261453 -0.0074934 0.1221567
vn -0.5958030 -0.4747739 0.6477720
v 0.0252056 -0.0000547 0.1150845
vn -0.5235274 -0.6088870 0.5959663
v 0.0251514 0.0003744 0.1153911
vn -0.6944172 0.2673849 -0.6680495
v 0.0259533 -0.0059735 0.1233250
vn -0.6816717 0.3550263 -0.6397501
v 0.0259921 -0.0062802 0.1231470
vn -0.6745748 0.4137580 -0.6113536
v 0.0260729 -0.0069197 0.1226838
vn -0.7030246 -0.3587571 0.6140438
v 0.0253237 -0.0009897 0.1145764
vn -0.7129042 -0.4022544 0.5744206
v 0.0252630 -0.0005087 0.1148095
vn -0.4555188 -0.3629521 0.8128766
v 0.0253867 -0.0014884 0.1143788
vn -0.4263306 0.2920028 -0.8561405
v 0.0258928 -0.0054947 0.1235571
vn -0.6005567 0.0126015 -0.7994829
v 0.0256306 -0.0034192 0.1240847
vn -0.7213249 0.0835802 -0.6875353
v 0.0257641 -0.0044753 0.1238975
vn -0.1339728 0.9898052 -0.0483422
v 0.0205217 -0.0427652 0.1670271
vn -0.1218048 0.9925449 0.0042740
v -0.0290840 -0.0490318 0.1169569
vn 0.1865386 -0.3378712 -0.9225218
v 0.0123198 -0.0224250 0.1769569
vn 0.1683556 -0.1876923 -0.9676921
v 0.0115498 -0.0229663 0.1769569
vn -0.0537568 -0.0381745 -0.9978241
v 0.0073353 0.0616094 0.1769569
vn 0.1165528 -0.4716020 -0.8740749
v 0.0134596 -0.0220199 0.1769569
vn 0.2294167 -0.1763430 -0.9572206
v 0.0111326 -0.0234403 0.1769569
vn 0.3146953 -0.1458922 -0.9379138
v 0.0107960 -0.0239900 0.1769569
vn 0.0221286 -0.4317022 -0.9017447
v 0.0140472 -0.0219424 0.1769569
vn 0.3683037 -0.0726716 -0.9268609
v 0.0104649 -0.0249440 0.1769569
vn -0.0575713 -0.5477223 -0.8346771
v 0.0146673 -0.0219580 0.1769569
vn 0.4893637 0.0209010 -0.8718293
v 0.0103286 -0.0263802 0.1769569
vn -0.1125760 -0.4792692 -0.8704181
v 0.0160445 -0.0222342 0.1769569
vn -0.3064670 -0.5950975 -0.7429247
v 0.0171581 -0.0226792 0.1769569
vn 0.5266358 0.1188915 -0.8417361
v 0.0104855 -0.0276369 0.1769569
vn 0.6535982 0.2617988 -0.7101203
v 0.0109178 -0.0289689 0.1769569
vn 0.5853634 0.6647297 -0.4642027
v 0.0136124 -0.0326446 0.1769569
vn 0.6588371 0.4116755 -0.6296483
v 0.0116279 -0.0303649 0.1769569
vn 0.5396877 0.4603350 -0.7048609
v 0.0124057 -0.0314390 0.1769569
vn 0.6684114 -0.4266904 0.6092303
v -0.0518838 0.0578000 0.1077265
vn 0.6590937 -0.4644192 0.5915322
v -0.0517653 0.0581972 0.1078938
vn 0.5675753 -0.6698447 0.4787134
v -0.0508735 0.0601930 0.1090287
vn 0.5541945 -0.6954577 0.4573916
v -0.0506496 0.0605573 0.1092965
vn 0.5278154 -0.7313886 0.4318352
v -0.0504028 0.0609224 0.1095871
vn 0.5136256 -0.7595810 0.3990307
v -0.0501456 0.0612693 0.1098858
vn 0.4877266 -0.7841078 0.3837938
v -0.0498735 0.0616048 0.1101978
vn 0.5428434 -0.7889680 0.2878377
v -0.0495872 0.0619282 0.1105224
vn 0.1444501 -0.9893248 0.0192524
v -0.0437713 0.0650209 0.1166800
vn 0.1748056 -0.9835452 0.0456271
v -0.0443913 0.0649069 0.1160506
vn 0.1915457 -0.9791825 0.0671711
v -0.0448154 0.0648040 0.1156170
vn 0.2381277 -0.9686071 0.0713827
v -0.0452302 0.0646839 0.1151904
vn 0.2338863 -0.9659086 0.1109854
v -0.0456437 0.0645446 0.1147627
vn 0.2666237 -0.9409152 0.2087831
v -0.0468538 0.0640144 0.1134957
vn 0.3359594 -0.9318326 0.1371838
v -0.0468149 0.0640345 0.1135368
vn 0.2759988 -0.9486178 0.1547547
v -0.0464464 0.0642144 0.1139249
vn 0.2617147 -0.9566557 0.1277317
v -0.0460466 0.0643891 0.1143435
vn 0.3190513 -0.9264292 0.1998380
v -0.0472175 0.0638157 0.1131099
vn 0.3463124 -0.9137947 0.2122431
v -0.0475874 0.0635929 0.1127150
vn 0.3613383 -0.8997099 0.2448605
v -0.0479512 0.0633517 0.1123240
vn 0.4408320 -0.8744425 0.2025278
v -0.0483108 0.0630896 0.1119343
vn 0.4033641 -0.8674638 0.2912115
v -0.0486417 0.0628259 0.1115729
vn 0.4309760 -0.8463621 0.3129393
v -0.0489742 0.0625365 0.1112069
vn 0.4454304 -0.8292005 0.3376659
v -0.0492841 0.0622421 0.1108624
vn 0.6859693 -0.6087612 0.3985673
v -0.0510898 0.0598041 0.1087654
vn 0.6053475 -0.5987277 0.5244803
v -0.0512792 0.0594256 0.1085300
vn 0.6272855 -0.5600818 0.5411298
v -0.0514627 0.0590154 0.1082967
vn 0.6390150 -0.5176970 0.5689021
v -0.0516168 0.0586259 0.1080949
vn 0.7985528 -0.3391912 0.4972553
v -0.0519906 0.0573771 0.1075676
vn 0.5558712 -0.3354685 0.7605709
v -0.0521112 0.0567518 0.1073695
vn 0.7125747 -0.1500997 0.6853520
v -0.0522304 0.0556594 0.1071143
vn 0.7067695 -0.2151476 0.6739351
v -0.0521984 0.0560943 0.1072006
vn 0.8201519 -0.2368848 0.5208037
v -0.0521515 0.0564974 0.1072977
vn 0.8347983 -0.0079220 0.5504990
v -0.0522378 0.0547913 0.1069982
vn 0.7128059 -0.0990715 0.6943289
v -0.0522436 0.0552275 0.1070471
vn 0.7092047 0.0204542 0.7047058
v -0.0522135 0.0543600 0.1069682
vn 0.6985785 0.1100744 0.7070161
v -0.0402484 -0.0404418 0.1069572
vn 0.5193856 0.2469128 0.8180909
v -0.0400488 -0.0414871 0.1070242
vn 0.8010605 0.2354312 0.5503401
v -0.0401115 -0.0412240 0.1069950
vn 0.7688103 0.3444293 0.5387942
v -0.0398809 -0.0420969 0.1071143
vn 0.4883001 0.3611997 0.7944167
v -0.0397417 -0.0425103 0.1072006
vn 0.7242756 0.4537745 0.5191470
v -0.0395960 -0.0428893 0.1072977
vn 0.4558918 0.4578083 0.7632656
v -0.0394938 -0.0431253 0.1073695
vn 0.6759073 0.5455238 0.4955332
v -0.0392215 -0.0437011 0.1075676
vn 0.5477697 0.5544730 0.6265046
v -0.0390127 -0.0440845 0.1077266
vn 0.6172212 0.6357018 0.4635960
v -0.0387899 -0.0444543 0.1079013
vn 0.5570846 0.7097470 0.4311799
v -0.0382868 -0.0451775 0.1083098
vn 0.4897892 0.6613216 0.5681201
v -0.0385488 -0.0448178 0.1080949
vn 0.4364119 0.7312047 0.5242941
v -0.0380230 -0.0455084 0.1085300
vn 0.4020322 0.7691479 0.4967713
v -0.0377337 -0.0458408 0.1087754
vn 0.3829655 0.7903875 0.4781475
v -0.0374392 -0.0461508 0.1090287
vn 0.4340498 0.8257121 0.3602781
v -0.0371253 -0.0464539 0.1093021
vn 0.2957707 0.8635415 0.4084308
v -0.0364665 -0.0470123 0.1098858
vn 0.3292763 0.8398108 0.4316191
v -0.0368019 -0.0467401 0.1095871
vn 0.2764505 0.8807087 0.3846132
v -0.0361195 -0.0472695 0.1101978
vn 0.2421167 0.9030035 0.3549144
v -0.0357545 -0.0475164 0.1105290
vn 0.2247778 0.9141811 0.3372653
v -0.0353901 -0.0477402 0.1108624
vn 0.2516030 0.9350566 0.2497301
v -0.0350013 -0.0479565 0.1112211
vn 0.1568673 0.9487057 0.2744999
v -0.0342365 -0.0483192 0.1119344
vn 0.1168459 0.9291387 0.3507826
v -0.0346227 -0.0481459 0.1115729
vn 0.1376950 0.9571808 0.2546470
v -0.0342125 -0.0483293 0.1119569
vn 0.0935542 0.9722386 0.2144756
v -0.0334108 -0.0486266 0.1127150
vn 0.1256753 0.9614387 0.2446251
v -0.0338231 -0.0484835 0.1123240
vn 0.0465946 0.9845524 0.1687769
v -0.0325740 -0.0488572 0.1135163
vn 0.0782078 0.9767405 0.1996533
v -0.0329972 -0.0487504 0.1131099
vn 0.0009444 0.9920400 0.1259200
v -0.0317204 -0.0490146 0.1143435
vn 0.0317630 0.9873959 0.1550496
v -0.0321511 -0.0489448 0.1139249
vn -0.0303920 0.9971861 0.0685286
v -0.0308563 -0.0490972 0.1151904
vn -0.0135380 0.9937445 0.1108544
v -0.0312915 -0.0490650 0.1147627
vn -0.0747655 0.9944587 0.0739059
v -0.0302239 -0.0491080 0.1158165
vn -0.0815178 0.9960528 0.0351263
v -0.0299535 -0.0491034 0.1160853
vn -0.1025930 0.9944648 0.0226812
v -0.0295571 -0.0490802 0.1164815
vn -0.0924047 -0.5844322 -0.8061640
v 0.0066331 0.0671750 0.1750927
vn 0.2443219 -0.9397392 -0.2391594
v 0.0061297 0.0711595 0.1687921
vn 0.5415623 -0.8085876 -0.2299922
v 0.0061162 0.0712668 0.1680541
vn 0.0473559 -0.9260983 -0.3742984
v -0.0116151 0.0690705 0.1674962
vn -0.0271544 -0.9662548 -0.2561531
v 0.0061503 0.0709964 0.1695197
vn -0.0271670 -0.9518871 -0.3052423
v 0.0061698 0.0708425 0.1700471
vn 0.0286448 -0.9044675 -0.4255797
v 0.0062277 0.0703838 0.1712147
vn 0.0212214 -0.9314808 -0.3631712
v 0.0061912 0.0706730 0.1705281
vn 0.0104547 -0.8576344 -0.5141536
v 0.0062871 0.0699135 0.1720961
vn 0.0029853 -0.7713447 -0.6364107
v 0.0063541 0.0693831 0.1728950
vn 0.0628080 -0.6014822 -0.7964134
v -0.0278790 0.0645805 0.1734920
vn 0.0463968 -0.7398891 -0.6711270
v 0.0064897 0.0683102 0.1741373
vn -0.0090552 -0.6446117 -0.7644566
v 0.0065591 0.0677608 0.1746369
vn -0.0660286 -0.4935267 -0.8672206
v 0.0067451 0.0662882 0.1756620
vn -0.0982914 -0.5455893 -0.8322687
v 0.0066902 0.0667229 0.1754002
vn -0.0193773 -0.3681209 -0.9295760
v 0.0069142 0.0649499 0.1762967
vn -0.0648469 -0.4341861 -0.8984862
v 0.0068281 0.0656311 0.1760052
vn -0.1008808 -0.1983270 -0.9749305
v 0.0071317 0.0632276 0.1767870
vn -0.0409709 -0.3075056 -0.9506638
v 0.0069744 0.0644727 0.1764675
vn -0.0837001 -0.2623492 -0.9613362
v 0.0070405 0.0639495 0.1766226
vn -0.1614104 -0.1243852 -0.9790174
v 0.0072242 0.0624954 0.1768953
vn 0.1646881 -0.9748491 -0.1501568
v 0.0061105 0.0713283 0.1684079
vn -0.5607044 -0.2457167 -0.7907174
v 0.0131294 0.0630047 0.1749099
vn -0.6334700 -0.1261323 -0.7634176
v 0.0137123 0.0622091 0.1746398
vn -0.5802040 -0.1127712 -0.8066263
v 0.0131228 0.0621347 0.1750978
vn -0.6749906 -0.1877688 -0.7135339
v 0.0142652 0.0622790 0.1741373
vn -0.7145222 -0.1718195 -0.6781859
v 0.0145940 0.0623205 0.1738024
vn -0.7666748 -0.2919982 -0.5717927
v 0.0153229 0.0633992 0.1725899
vn -0.7614688 -0.1495108 -0.6307232
v 0.0149840 0.0623698 0.1733580
vn -0.8345195 -0.1472555 -0.5309360
v 0.0157385 0.0624651 0.1723152
vn -0.8832105 -0.2175766 -0.4154512
v 0.0163460 0.0625419 0.1711989
vn -0.8615702 -0.1663382 -0.4796128
v 0.0160048 0.0624987 0.1718656
vn -0.9142860 -0.1915555 -0.3569141
v 0.0166354 0.0625784 0.1705076
vn -0.9352123 -0.1816932 -0.3039172
v 0.0167974 0.0625989 0.1700471
vn -0.9626771 -0.2649392 -0.0553186
v 0.0172633 0.0626577 0.1675848
vn -0.9668299 -0.2299241 -0.1112425
v 0.0172249 0.0626529 0.1680194
vn -0.9527548 -0.1829870 -0.2424336
v 0.0169580 0.0626192 0.1694944
vn -0.9114959 -0.3530949 -0.2109487
v 0.0166129 0.0636405 0.1696629
vn -0.9641579 -0.2005239 -0.1737521
v 0.0171197 0.0626396 0.1687620
vn -0.4697030 -0.1558968 -0.8689507
v 0.0122317 0.0620221 0.1756686
vn -0.5293424 -0.1186543 -0.8400701
v 0.0126778 0.0620784 0.1754002
vn -0.4206952 -0.1233395 -0.8987786
v 0.0115703 0.0619385 0.1760126
vn -0.3636951 -0.1001748 -0.9261160
v 0.0110140 0.0618683 0.1762547
vn -0.3117715 -0.0888154 -0.9459970
v 0.0105913 0.0618149 0.1764107
vn -0.2575859 -0.0791608 -0.9630073
v 0.0099295 0.0617313 0.1766162
vn -0.2041148 -0.1085274 -0.9729126
v 0.0095249 0.0616801 0.1767113
vn -0.1697755 -0.0975767 -0.9806402
v 0.0090846 0.0616245 0.1768050
vn -0.1091758 -0.1209611 -0.9866352
v 0.0086052 0.0615640 0.1768781
vn -0.0679869 -0.0795293 -0.9945114
v 0.0081055 0.0615008 0.1769280
vn -0.8853816 -0.4326012 -0.1701636
v 0.0164269 0.0651090 0.1686384
vn -0.7012147 -0.5199095 -0.4878443
v 0.0142552 0.0667131 0.1716274
vn -0.2177414 -0.3504772 -0.9109086
v 0.0079040 0.0648098 0.1761930
vn -0.3120201 -0.2547046 -0.9152973
v 0.0103342 0.0630601 0.1762791
vn -0.5866248 -0.7101932 -0.3892263
v 0.0136333 0.0683163 0.1699779
vn -0.7608293 -0.6451490 -0.0701538
v 0.0148952 0.0678189 0.1676882
vn -0.3608929 -0.6133220 -0.7025614
v 0.0102735 0.0669198 0.1745462
vn -0.6122532 -0.7769910 -0.1463939
v 0.0125221 0.0697542 0.1684154
vn -0.8027415 -0.1407567 -0.5794771
v 0.0154385 0.0624272 0.1727637
vn -0.5492938 -0.3947141 -0.7365305
v 0.0132199 0.0647030 0.1741934
vn -0.3021152 -0.9081094 -0.2899376
v 0.0101335 0.0706206 0.1690274
vn -0.1312607 -0.9018840 -0.4115532
v 0.0073349 0.0702575 0.1712246
vn -0.1799417 -0.7007896 -0.6903006
v 0.0080897 0.0685257 0.1737808
vn -0.9457273 0.3196205 -0.0586745
v 0.0292684 -0.0328440 0.1669569
vn -0.9965797 -0.0442244 -0.0698076
v 0.0292610 -0.0324602 0.1669569
vn -0.9933077 -0.0719343 -0.0903625
v 0.0292487 -0.0322161 0.1669569
vn -0.9933359 0.0695259 -0.0919234
v 0.0291759 -0.0342012 0.1669569
vn -0.4834544 0.1475241 -0.8628491
v 0.0292565 -0.0333325 -0.0070431
vn -0.9465925 0.3066769 -0.0995589
v 0.0287843 -0.0359176 0.1669569
vn -0.9630685 0.2572534 -0.0794962
v 0.0289542 -0.0353310 0.1669569
vn -0.9740449 0.2108679 -0.0822876
v 0.0290198 -0.0350595 0.1669569
vn -0.9772088 0.1821176 -0.1090697
v 0.0290913 -0.0347179 0.1669569
vn -0.9000037 0.4246775 -0.0981958
v 0.0283167 -0.0371018 0.1669569
vn -0.9199210 0.3816200 -0.0900642
v 0.0284870 -0.0367192 0.1669569
vn -0.9285927 0.3558971 -0.1051328
v 0.0285662 -0.0365252 0.1669569
vn -0.8450270 0.5292981 -0.0759798
v 0.0276929 -0.0382317 0.1669569
vn -0.8633483 0.4885031 -0.1264691
v 0.0280315 -0.0376616 0.1669569
vn -0.8741500 0.4565872 -0.1654996
v 0.0281142 -0.0375079 0.1669569
vn -0.7641822 0.6426904 -0.0545406
v 0.0269735 -0.0392183 0.1669569
vn -0.7943206 0.6050550 -0.0544357
v 0.0271700 -0.0389731 0.1669569
vn -0.8108904 0.5804372 -0.0744946
v 0.0273586 -0.0387219 0.1669569
vn -0.6706952 0.7347122 -0.1018138
v 0.0259856 -0.0402520 0.1669569
vn -0.6897670 0.7165951 -0.1035040
v 0.0261138 -0.0401337 0.1669569
vn -0.7278281 0.6810704 -0.0800589
v 0.0265818 -0.0396640 0.1669569
vn -0.5407646 0.8384184 -0.0680311
v 0.0246119 -0.0412967 0.1669569
vn -0.5752372 0.8104244 -0.1109706
v 0.0251462 -0.0409342 0.1669569
vn -0.6105691 0.7770255 -0.1530906
v 0.0253144 -0.0408094 0.1669569
vn -0.6303671 0.7603645 -0.1564711
v 0.0256426 -0.0405492 0.1669569
vn -0.4193147 0.9058594 -0.0599498
v 0.0235262 -0.0418923 0.1669569
vn -0.4628776 0.8846716 -0.0556820
v 0.0238393 -0.0417382 0.1669569
vn -0.4876670 0.8701300 -0.0710971
v 0.0240860 -0.0416071 0.1669569
vn -0.3671626 0.9252859 -0.0950662
v 0.0229981 -0.0421222 0.1669569
vn -0.3179611 0.9427036 -0.1010477
v 0.0222920 -0.0423757 0.1669569
vn -0.2520011 0.9630032 -0.0955010
v 0.0217552 -0.0425299 0.1669569
vn -0.2219199 0.9718886 -0.0786389
v 0.0213817 -0.0426182 0.1669569
vn -0.1799201 0.9803202 -0.0812469
v 0.0211422 -0.0426669 0.1669569
vn -0.5004537 -0.5772291 -0.6452540
v 0.0188837 -0.0238256 0.1769281
vn -0.2863956 -0.3952758 -0.8727741
v 0.0181442 -0.0232709 0.1769542
vn -0.3942631 -0.3059367 -0.8665791
v 0.0193673 -0.0242587 0.1768877
vn -0.5884397 -0.2293542 -0.7753293
v 0.0209720 -0.0264173 0.1766400
vn -0.7586407 -0.4679883 -0.4532673
v 0.0205324 -0.0256640 0.1767218
vn -0.6704166 -0.5200112 -0.5292731
v 0.0199593 -0.0249025 0.1768131
vn -0.9104583 0.3243711 0.2566109
v 0.0217696 -0.0313129 0.1765916
vn -0.2913775 0.0622867 -0.9545782
v 0.0227911 -0.0323990 0.1763043
vn -0.9868643 -0.0922919 -0.1325939
v 0.0218589 -0.0296164 0.1765041
vn -0.7034132 -0.1277523 -0.6992061
v 0.0217134 -0.0285049 0.1765057
vn -0.8997231 -0.3201892 -0.2966096
v 0.0213848 -0.0273615 0.1765604
vn -0.9973702 -0.0044713 -0.0723372
v 0.0291608 -0.0315943 0.1677066
vn -0.9911500 -0.0325101 -0.1287043
v 0.0291113 -0.0316006 0.1682103
vn -0.9801941 -0.0509153 -0.1913824
v 0.0290263 -0.0316113 0.1687620
vn -0.9641061 -0.0565810 -0.2594187
v 0.0288646 -0.0316317 0.1694944
vn -0.9461916 -0.0467963 -0.3202056
v 0.0286475 -0.0316592 0.1702121
vn -0.9277384 -0.0256873 -0.3723463
v 0.0284929 -0.0316787 0.1706382
vn -0.9026973 0.0269340 -0.4294324
v 0.0282527 -0.0317090 0.1711989
vn -0.8721011 -0.0142439 -0.4891185
v 0.0279114 -0.0317522 0.1718656
vn -0.8415762 -0.0310808 -0.5392435
v 0.0276451 -0.0317858 0.1723152
vn -0.8071063 -0.0389418 -0.5891206
v 0.0273451 -0.0318237 0.1727637
vn -0.7643864 -0.0352213 -0.6437957
v 0.0268906 -0.0318811 0.1733580
vn -0.7223009 -0.0193628 -0.6913078
v 0.0263922 -0.0319441 0.1739152
vn -0.6837381 0.0043986 -0.7297142
v 0.0260599 -0.0319861 0.1742466
vn -0.6355563 0.0743381 -0.7684674
v 0.0256189 -0.0320418 0.1746398
vn -0.5855910 0.0397128 -0.8096334
v 0.0250294 -0.0321162 0.1750978
vn -0.5357320 0.0162161 -0.8442324
v 0.0245844 -0.0321725 0.1754002
vn -0.4840470 0.0084156 -0.8750015
v 0.0241384 -0.0322288 0.1756686
vn -0.4233606 0.0215472 -0.9057050
v 0.0234769 -0.0323124 0.1760126
vn -0.1020410 0.3475094 -0.9321078
v 0.0197160 -0.0363871 0.1762967
vn -0.0791245 0.2803425 -0.9566334
v 0.0196274 -0.0356859 0.1765350
vn -0.1260886 0.4206746 -0.8984067
v 0.0198020 -0.0370682 0.1760052
vn -0.1036798 0.5675077 -0.8168142
v 0.0199890 -0.0385488 0.1751384
vn -0.1000968 0.5167283 -0.8502779
v 0.0199189 -0.0379936 0.1755021
vn -0.1220179 0.5993467 -0.7911354
v 0.0200362 -0.0389218 0.1748546
vn -0.1499679 0.6915347 -0.7066041
v 0.0201405 -0.0397475 0.1741373
vn -0.1637548 0.7569852 -0.6325803
v 0.0202309 -0.0404635 0.1733614
vn -0.1798433 0.7102900 -0.6805472
v 0.0201820 -0.0400762 0.1738024
vn -0.1540204 0.7928151 -0.5896795
v 0.0202823 -0.0408704 0.1728348
vn -0.1426205 0.8248843 -0.5470150
v 0.0203102 -0.0410909 0.1725111
vn -0.1898657 0.8824288 -0.4304307
v 0.0204024 -0.0418210 0.1712147
vn -0.1562197 0.8536845 -0.4968080
v 0.0203594 -0.0414805 0.1718770
vn -0.1873024 0.9419980 -0.2784918
v 0.0204688 -0.0423466 0.1698214
vn -0.8678421 0.4912671 0.0742077
v 0.0212165 -0.0328888 0.1767585
vn -0.2447755 0.2405615 -0.9392631
v 0.0208616 -0.0352460 0.1764734
vn -0.0824684 0.1376457 -0.9870424
v 0.0194935 -0.0346265 0.1767942
vn -0.0823968 0.2215161 -0.9716694
v 0.0195416 -0.0350071 0.1767113
vn -0.2366739 0.9713560 -0.0212816
v 0.0205140 -0.0427041 0.1680541
vn -0.2082870 0.9507462 -0.2295609
v 0.0204909 -0.0425214 0.1691372
vn -0.3298470 0.9073154 -0.2607293
v 0.0218726 -0.0419579 0.1696602
vn -0.1908736 0.9655768 -0.1767167
v 0.0205013 -0.0426037 0.1687535
vn -0.5833024 0.6256455 -0.5180019
v 0.0205570 -0.0336786 0.1768349
vn -0.4865501 0.8445988 -0.2234323
v 0.0238452 -0.0415741 0.1679783
vn -0.1680530 0.4471734 -0.8785182
v 0.0198722 -0.0376235 0.1757200
vn -0.2359855 0.5157126 -0.8236209
v 0.0209008 -0.0382614 0.1751666
vn -0.7417737 0.6259521 -0.2407402
v 0.0269488 -0.0390246 0.1680022
vn -0.6645610 0.5860810 -0.4635384
v 0.0258233 -0.0388235 0.1709303
vn -0.1496870 0.6415390 -0.7523441
v 0.0200748 -0.0392279 0.1746117
vn -0.4641726 0.2168351 -0.8587936
v 0.0239513 -0.0330364 0.1756727
vn -0.9104998 0.3108600 -0.2726835
v 0.0284295 -0.0355338 0.1692117
vn -0.2906929 0.8150487 -0.5011919
v 0.0213685 -0.0408810 0.1724387
vn -0.5203502 0.3579024 -0.7753332
v 0.0237552 -0.0359476 0.1751243
vn -0.2064088 0.9093285 -0.3612717
v 0.0204390 -0.0421103 0.1705281
vn -0.3809179 0.6684250 -0.6388346
v 0.0229012 -0.0394792 0.1733360
vn -0.7831372 0.1767047 -0.5962144
v 0.0270591 -0.0332535 0.1730324
vn -0.9648274 0.1348080 -0.2256880
v 0.0288352 -0.0327644 0.1694260
vn 0.3199253 0.7896779 -0.5235043
v 0.0156824 -0.0339672 0.1769342
vn 0.1654752 0.7544427 -0.6351647
v 0.0164124 -0.0342281 0.1769050
vn 0.0269401 0.7460843 -0.6653064
v 0.0174874 -0.0344274 0.1768652
vn -0.3564757 0.9311824 -0.0763180
v 0.0191293 -0.0343173 0.1768491
vn 0.5893933 -0.0819990 -0.8036739
v -0.1074321 -0.0053926 0.0029569
vn 0.1262954 0.4890422 -0.8630685
v -0.1072379 0.0060874 0.0029569
vn 0.3141510 0.7676363 -0.5586087
v -0.1057857 -0.0077069 0.0029569
vn 0.4040841 0.4331998 -0.8056388
v -0.1083960 0.0066795 0.0029569
vn 0.5766295 0.1483037 -0.8034329
v -0.1073720 -0.0060241 0.0029569
vn 0.6343756 0.5299647 -0.5627655
v -0.1069681 -0.0068743 0.0029569
vn -0.4665943 0.6829991 -0.5619627
v -0.1038609 -0.0074428 0.0029569
vn -0.0298144 0.8284051 -0.5593354
v -0.1050596 -0.0078273 0.0029569
vn -0.1684092 0.5249277 -0.8343197
v -0.1044365 -0.0077093 0.0029569
vn -0.3503828 -0.7526478 -0.5574524
v -0.1061317 0.0105322 0.0029569
vn -0.1507278 -0.8172944 -0.5561574
v -0.1065436 0.0106346 0.0029569
vn 0.0688925 -0.7002319 -0.7105837
v -0.1069673 0.0106597 0.0029569
vn 0.3641518 -0.7455980 -0.5581014
v -0.1078782 0.0104085 0.0029569
vn -0.4505815 0.5271127 -0.7205058
v -0.1053817 0.0066610 0.0029569
vn -0.7295947 0.3815948 -0.5675182
v -0.1047289 0.0076052 0.0029569
vn -0.7014068 0.0203115 -0.7124717
v -0.1046019 0.0084372 0.0029569
vn 0.7125354 -0.4230599 -0.5597442
v -0.1071573 -0.0044885 0.0029569
vn 0.5461522 0.2334865 -0.8044885
v -0.1089977 0.0074632 0.0029569
vn 0.7016209 0.0472836 -0.7109799
v -0.1091726 0.0080727 0.0029569
vn 0.5704269 -0.1734686 -0.8028212
v -0.1090686 0.0090120 0.0029569
vn 0.6375788 -0.5284829 -0.5605347
v -0.1086336 0.0098468 0.0029569
vn -0.1890348 0.6753309 -0.7128773
v -0.1065027 0.0061213 0.0029569
vn 0.0399097 -0.6934330 -0.7194149
v -0.1054231 -0.0032565 0.0029569
vn 0.4561614 -0.6902059 -0.5617230
v -0.1064829 -0.0036975 0.0029569
vn -0.7021350 0.4421850 -0.5581029
v -0.1032188 -0.0067495 0.0029569
vn -0.8327524 -0.3197008 -0.4520120
v -0.1047840 0.0092589 0.0029569
vn -0.5786250 -0.5953323 -0.5574698
v -0.1053373 0.0100204 0.0029569
vn -0.8164397 0.1421322 -0.5596648
v -0.1028722 -0.0058743 0.0029569
vn -0.6798461 -0.1742795 -0.7123454
v -0.1029417 -0.0049355 0.0029569
vn -0.5923437 -0.5726478 -0.5667483
v -0.1034959 -0.0039302 0.0029569
vn -0.0956980 -0.2939073 -0.9510312
v -0.1044865 -0.0033503 0.0029569
vn 0.4128235 0.6996344 -0.5831711
v 0.0149214 -0.0335866 0.1769539
vn 0.1205887 -0.9111485 0.3940392
v 0.0275587 -0.0366581 0.1958737
vn -0.7979008 -0.5834960 -0.1512838
v 0.0249182 0.0022202 0.1207085
vn -0.7983137 -0.5537596 -0.2367394
v 0.0249560 0.0019211 0.1214226
vn -0.5879651 -0.2768002 -0.7600518
v 0.0253867 -0.0014884 0.1239509
vn -0.5947900 0.5963625 0.5390518
v 0.0262131 -0.0080299 0.1161041
vn -0.5771730 0.4911518 0.6524119
v 0.0261878 -0.0078296 0.1158538
vn -0.8686975 0.2201963 0.4437098
v 0.0259921 -0.0062802 0.1146491
vn -0.6234059 0.2672722 0.7347998
v 0.0259130 -0.0056543 0.1143788
vn -0.6381905 -0.2101776 0.7406337
v 0.0256306 -0.0034192 0.1140299
vn 0.9434846 -0.2874483 0.1649554
v 0.0736994 -0.0204189 0.1086033
vn -0.4091273 -0.8475617 0.3380150
v 0.0742088 -0.0177307 0.1113370
vn 0.5352179 0.0978562 0.8390268
v 0.0301861 0.0942042 0.1331555
# 3336 vertices, 0 vertices normals

f 408//408 1449//1449 1451//1451
f 1534//1534 1451//1451 1463//1463
f 1453//1453 1493//1493 1466//1466
f 1516//1516 1481//1481 3//3
f 1479//1479 1605//1605 1615//1615
f 6//6 1238//1238 5//5
f 6//6 5//5 1281//1281
f 1277//1277 1260//1260 7//7
f 1277//1277 7//7 1278//1278
f 1260//1260 1238//1238 7//7
f 1167//1167 9//9 1254//1254
f 1254//1254 15//15 1213//1213
f 1213//1213 10//10 1167//1167
f 1166//1166 1147//1147 1093//1093
f 1163//1163 18//18 19//19
f 1163//1163 19//19 1106//1106
f 17//17 1092//1092 12//12
f 1031//1031 942//942 926//926
f 20//20 933//933 945//945
f 919//919 21//21 980//980
f 919//919 980//980 883//883
f 19//19 18//18 22//22
f 19//19 22//22 1047//1047
f 19//19 1047//1047 1006//1006
f 1029//1029 1047//1047 23//23
f 1029//1029 23//23 963//963
f 23//23 24//24 963//963
f 838//838 25//25 773//773
f 773//773 25//25 26//26
f 26//26 25//25 697//697
f 628//628 612//612 154//154
f 697//697 32//32 30//30
f 30//30 32//32 33//33
f 646//646 590//590 532//532
f 33//33 34//34 35//35
f 36//36 35//35 37//37
f 36//36 37//37 530//530
f 417//417 432//432 430//430
f 43//43 42//42 44//44
f 409//409 415//415 41//41
f 434//434 41//41 47//47
f 45//45 46//46 44//44
f 49//49 540//540 496//496
f 668//668 689//689 690//690
f 779//779 53//53 761//761
f 725//725 60//60 761//761
f 748//748 788//788 787//787
f 62//62 63//63 1148//1148
f 1259//1259 1198//1198 1197//1197
f 66//66 1237//1237 65//65
f 1731//1731 70//70 1712//1712
f 1820//1820 1880//1880 1907//1907
f 1907//1907 72//72 1767//1767
f 1861//1861 71//71 75//75
f 1861//1861 1924//1924 72//72
f 1991//1991 74//74 1767//1767
f 1991//1991 1767//1767 72//72
f 1943//1943 1988//1988 1957//1957
f 2059//2059 2109//2109 1949//1949
f 1985//1985 1964//1964 1965//1965
f 1982//1982 80//80 2000//2000
f 2015//2015 2064//2064 81//81
f 2114//2114 2155//2155 2183//2183
f 2135//2135 2199//2199 82//82
f 1879//1879 88//88 1935//1935
f 1931//1931 86//86 1932//1932
f 91//91 90//90 1819//1819
f 91//91 1819//1819 1870//1870
f 1596//1596 95//95 1577//1577
f 96//96 97//97 1638//1638
f 1708//1708 1557//1557 1609//1609
f 97//97 98//98 1416//1416
f 101//101 100//100 8//8
f 99//99 98//98 100//100
f 740//740 116//116 835//835
f 108//108 115//115 112//112
f 109//109 107//107 110//110
f 109//109 105//105 107//107
f 108//108 109//109 110//110
f 111//111 109//109 108//108
f 112//112 111//111 108//108
f 115//115 108//108 113//113
f 110//110 103//103 113//113
f 114//114 112//112 115//115
f 737//737 117//117 114//114
f 106//106 117//117 737//737
f 105//105 117//117 106//106
f 118//118 119//119 644//644
f 644//644 119//119 120//120
f 120//120 121//121 644//644
f 644//644 121//121 123//123
f 644//644 123//123 124//124
f 124//124 122//122 644//644
f 644//644 122//122 125//125
f 125//125 126//126 644//644
f 126//126 127//127 644//644
f 127//127 3100//3100 644//644
f 644//644 3100//3100 128//128
f 644//644 128//128 129//129
f 129//129 130//130 644//644
f 131//131 644//644 130//130
f 131//131 133//133 156//156
f 131//131 134//134 133//133
f 157//157 136//136 135//135
f 137//137 1349//1349 1339//1339
f 1257//1257 1230//1230 1258//1258
f 137//137 1339//1339 1283//1283
f 140//140 1187//1187 141//141
f 1327//1327 157//157 137//137
f 1327//1327 136//136 157//157
f 139//139 136//136 1327//1327
f 141//141 139//139 140//140
f 146//146 1160//1160 144//144
f 144//144 1062//1062 146//146
f 145//145 143//143 146//146
f 148//148 149//149 147//147
f 960//960 149//149 148//148
f 1015//1015 148//148 874//874
f 1065//1065 874//874 1062//1062
f 1062//1062 148//148 146//146
f 150//150 862//862 151//151
f 152//152 149//149 960//960
f 153//153 149//149 152//152
f 155//155 153//153 765//765
f 765//765 805//805 766//766
f 155//155 765//765 156//156
f 135//135 158//158 157//157
f 157//157 158//158 1441//1441
f 1441//1441 158//158 159//159
f 1441//1441 159//159 160//160
f 160//160 161//161 1441//1441
f 1441//1441 161//161 162//162
f 1441//1441 162//162 163//163
f 1441//1441 163//163 1526//1526
f 1526//1526 163//163 164//164
f 1526//1526 164//164 165//165
f 1526//1526 165//165 166//166
f 167//167 169//169 166//166
f 166//166 169//169 170//170
f 166//166 170//170 168//168
f 168//168 171//171 166//166
f 1627//1627 166//166 171//171
f 175//175 172//172 173//173
f 175//175 173//173 174//174
f 174//174 1844//1844 1762//1762
f 171//171 178//178 1627//1627
f 172//172 3131//3131 173//173
f 173//173 3131//3131 179//179
f 173//173 179//179 180//180
f 182//182 180//180 181//181
f 182//182 181//181 183//183
f 182//182 183//183 184//184
f 182//182 185//185 1793//1793
f 1793//1793 185//185 186//186
f 1793//1793 186//186 3138//3138
f 1793//1793 3138//3138 187//187
f 187//187 188//188 1793//1793
f 1793//1793 188//188 189//189
f 1793//1793 189//189 190//190
f 1793//1793 190//190 1776//1776
f 190//190 191//191 1776//1776
f 191//191 192//192 1776//1776
f 1776//1776 192//192 193//193
f 193//193 194//194 1776//1776
f 1776//1776 194//194 195//195
f 1764//1764 1629//1629 1528//1528
f 1686//1686 1528//1528 1669//1669
f 1427//1427 1329//1329 1350//1350
f 199//199 196//196 197//197
f 199//199 197//197 1161//1161
f 1188//1188 1217//1217 1241//1241
f 1228//1228 1188//1188 1241//1241
f 1228//1228 201//201 200//200
f 1253//1253 201//201 1228//1228
f 202//202 201//201 1253//1253
f 1356//1356 202//202 1253//1253
f 203//203 1527//1527 206//206
f 206//206 1527//1527 1628//1628
f 1628//1628 1527//1527 1629//1629
f 204//204 202//202 203//203
f 205//205 204//204 203//203
f 206//206 205//205 203//203
f 207//207 206//206 1628//1628
f 208//208 207//207 1628//1628
f 196//196 209//209 197//197
f 197//197 209//209 210//210
f 197//197 210//210 981//981
f 210//210 211//211 981//981
f 981//981 211//211 212//212
f 212//212 213//213 981//981
f 981//981 213//213 214//214
f 214//214 215//215 981//981
f 981//981 215//215 216//216
f 981//981 216//216 217//217
f 981//981 217//217 218//218
f 218//218 219//219 981//981
f 981//981 219//219 220//220
f 981//981 220//220 221//221
f 981//981 221//221 222//222
f 981//981 222//222 223//223
f 223//223 224//224 981//981
f 981//981 224//224 225//225
f 981//981 225//225 226//226
f 884//884 981//981 226//226
f 226//226 227//227 884//884
f 884//884 227//227 228//228
f 884//884 228//228 229//229
f 229//229 230//230 884//884
f 241//241 884//884 230//230
f 241//241 230//230 231//231
f 231//231 232//232 241//241
f 241//241 232//232 233//233
f 241//241 233//233 234//234
f 241//241 234//234 235//235
f 236//236 118//118 644//644
f 589//589 236//236 644//644
f 238//238 236//236 237//237
f 736//736 706//706 662//662
f 241//241 240//240 795//795
f 235//235 240//240 241//241
f 1825//1825 245//245 1881//1881
f 3325//3325 242//242 248//248
f 248//248 242//242 278//278
f 248//248 278//278 244//244
f 1372//1372 1426//1426 1431//1431
f 254//254 3325//3325 248//248
f 249//249 3325//3325 254//254
f 251//251 249//249 254//254
f 1325//1325 254//254 248//248
f 253//253 251//251 254//254
f 255//255 253//253 254//254
f 257//257 255//255 254//254
f 1309//1309 257//257 254//254
f 258//258 257//257 1309//1309
f 252//252 1363//1363 1064//1064
f 259//259 258//258 1309//1309
f 260//260 259//259 1309//1309
f 261//261 259//259 260//260
f 262//262 261//261 260//260
f 263//263 262//262 260//260
f 265//265 263//263 260//260
f 1124//1124 1211//1211 1246//1246
f 1074//1074 1035//1035 1012//1012
f 264//264 263//263 265//265
f 267//267 1318//1318 270//270
f 266//266 264//264 265//265
f 267//267 266//266 265//265
f 269//269 266//266 267//267
f 268//268 269//269 267//267
f 270//270 268//268 267//267
f 271//271 268//268 270//270
f 274//274 271//271 270//270
f 273//273 274//274 270//270
f 273//273 270//270 272//272
f 275//275 274//274 273//273
f 277//277 276//276 273//273
f 242//242 277//277 273//273
f 1536//1536 333//333 1575//1575
f 1575//1575 280//280 1563//1563
f 1540//1540 319//319 1499//1499
f 284//284 337//337 279//279
f 1626//1626 1616//1616 1502//1502
f 285//285 283//283 337//337
f 284//284 285//285 337//337
f 286//286 285//285 284//284
f 288//288 286//286 284//284
f 287//287 286//286 288//288
f 289//289 287//287 288//288
f 290//290 289//289 288//288
f 1442//1442 291//291 281//281
f 292//292 290//290 288//288
f 293//293 292//292 288//288
f 295//295 288//288 284//284
f 294//294 293//293 288//288
f 297//297 294//294 288//288
f 297//297 288//288 295//295
f 296//296 294//294 297//297
f 299//299 297//297 295//295
f 3034//3034 296//296 297//297
f 300//300 304//304 297//297
f 305//305 304//304 300//300
f 306//306 305//305 300//300
f 307//307 306//306 300//300
f 308//308 307//307 300//300
f 311//311 308//308 300//300
f 311//311 300//300 301//301
f 310//310 309//309 311//311
f 313//313 312//312 311//311
f 314//314 313//313 311//311
f 315//315 311//311 316//316
f 316//316 311//311 302//302
f 1362//1362 318//318 302//302
f 320//320 317//317 316//316
f 319//319 1250//1250 1499//1499
f 323//323 316//316 318//318
f 3332//3332 322//322 323//323
f 324//324 3332//3332 323//323
f 325//325 324//324 323//323
f 326//326 325//325 323//323
f 329//329 326//326 323//323
f 329//329 323//323 318//318
f 328//328 327//327 329//329
f 3334//3334 328//328 329//329
f 330//330 3334//3334 329//329
f 331//331 3334//3334 330//330
f 332//332 331//331 330//330
f 335//335 334//334 330//330
f 336//336 335//335 330//330
f 337//337 336//336 330//330
f 337//337 330//330 1536//1536
f 3335//3335 336//336 337//337
f 1536//1536 330//330 333//333
f 338//338 3335//3335 337//337
f 339//339 338//338 337//337
f 340//340 339//339 337//337
f 282//282 340//340 337//337
f 341//341 342//342 343//343
f 343//343 345//345 344//344
f 2317//2317 341//341 344//344
f 2317//2317 344//344 2309//2309
f 344//344 345//345 346//346
f 346//346 347//347 344//344
f 344//344 347//347 349//349
f 344//344 349//349 422//422
f 349//349 350//350 422//422
f 422//422 350//350 351//351
f 2314//2314 351//351 352//352
f 352//352 353//353 2314//2314
f 2314//2314 353//353 355//355
f 355//355 353//353 354//354
f 355//355 354//354 358//358
f 2252//2252 2118//2118 2180//2180
f 355//355 358//358 356//356
f 356//356 358//358 359//359
f 359//359 360//360 356//356
f 360//360 361//361 356//356
f 356//356 361//361 362//362
f 362//362 363//363 421//421
f 421//421 363//363 3336//3336
f 421//421 3336//3336 365//365
f 421//421 365//365 364//364
f 364//364 365//365 366//366
f 364//364 366//366 367//367
f 367//367 368//368 364//364
f 364//364 368//368 370//370
f 370//370 368//368 369//369
f 370//370 372//372 373//373
f 2315//2315 373//373 376//376
f 376//376 377//377 2315//2315
f 378//378 379//379 377//377
f 377//377 379//379 380//380
f 380//380 381//381 377//377
f 377//377 381//381 374//374
f 374//374 381//381 382//382
f 374//374 382//382 383//383
f 374//374 383//383 341//341
f 383//383 384//384 341//341
f 437//437 440//440 477//477
f 393//393 392//392 418//418
f 386//386 392//392 393//393
f 547//547 582//582 583//583
f 583//583 582//582 506//506
f 584//584 506//506 609//609
f 546//546 584//584 609//609
f 609//609 574//574 546//546
f 505//505 502//502 504//504
f 483//483 504//504 503//503
f 483//483 503//503 482//482
f 520//520 482//482 503//503
f 520//520 521//521 572//572
f 609//609 610//610 522//522
f 609//609 522//522 574//574
f 582//582 524//524 642//642
f 538//538 550//550 526//526
f 525//525 526//526 512//512
f 509//509 511//511 527//527
f 582//582 547//547 399//399
f 399//399 547//547 538//538
f 399//399 538//538 508//508
f 402//402 975//975 939//939
f 974//974 954//954 401//401
f 1024//1024 969//969 997//997
f 7//7 1238//1238 404//404
f 1371//1371 1330//1330 1360//1360
f 1449//1449 1466//1466 1//1
f 1466//1466 1449//1449 1453//1453
f 434//434 42//42 409//409
f 419//419 420//420 410//410
f 427//427 439//439 414//414
f 466//466 495//495 479//479
f 40//40 447//447 416//416
f 40//40 416//416 417//417
f 417//417 416//416 441//441
f 42//42 442//442 415//415
f 443//443 387//387 427//427
f 386//386 387//387 443//443
f 415//415 409//409 42//42
f 39//39 417//417 430//430
f 434//434 44//44 42//42
f 439//439 387//387 419//419
f 409//409 41//41 434//434
f 39//39 40//40 417//417
f 418//418 388//388 389//389
f 386//386 443//443 388//388
f 393//393 418//418 420//420
f 393//393 420//420 419//419
f 388//388 418//418 392//392
f 41//41 415//415 40//40
f 387//387 393//393 419//419
f 392//392 386//386 388//388
f 387//387 386//386 393//393
f 2315//2315 370//370 373//373
f 2316//2316 364//364 370//370
f 422//422 2314//2314 2301//2301
f 2301//2301 2310//2310 2302//2302
f 2314//2314 422//422 351//351
f 413//413 424//424 467//467
f 490//490 425//425 471//471
f 458//458 443//443 427//427
f 481//481 498//498 412//412
f 39//39 430//430 531//531
f 39//39 531//531 38//38
f 38//38 531//531 530//530
f 435//435 438//438 428//428
f 481//481 436//436 437//437
f 438//438 498//498 479//479
f 436//436 439//439 410//410
f 410//410 420//420 437//437
f 418//418 389//389 440//440
f 459//459 440//440 389//389
f 420//420 440//440 437//437
f 442//442 447//447 415//415
f 389//389 388//388 443//443
f 447//447 442//442 433//433
f 420//420 418//418 440//440
f 432//432 417//417 441//441
f 439//439 419//419 410//410
f 40//40 415//415 447//447
f 427//427 387//387 439//439
f 454//454 532//532 432//432
f 468//468 494//494 491//491
f 444//444 559//559 445//445
f 468//468 551//551 413//413
f 413//413 551//551 424//424
f 433//433 429//429 473//473
f 446//446 429//429 433//433
f 434//434 47//47 45//45
f 447//447 433//433 416//416
f 495//495 416//416 433//433
f 439//439 436//436 412//412
f 440//440 425//425 449//449
f 457//457 425//425 459//459
f 425//425 457//457 471//471
f 561//561 626//626 552//552
f 450//450 492//492 454//454
f 492//492 450//450 493//493
f 493//493 552//552 492//492
f 465//465 569//569 545//545
f 458//458 413//413 467//467
f 458//458 427//427 414//414
f 389//389 443//443 458//458
f 414//414 439//439 412//412
f 433//433 473//473 435//435
f 435//435 495//495 433//433
f 411//411 412//412 498//498
f 498//498 438//438 411//411
f 459//459 389//389 458//458
f 410//410 437//437 436//436
f 458//458 457//457 459//459
f 442//442 446//446 433//433
f 428//428 438//438 479//479
f 434//434 45//45 44//44
f 454//454 432//432 441//441
f 446//446 442//442 42//42
f 462//462 488//488 487//487
f 518//518 464//464 493//493
f 529//529 562//562 589//589
f 570//570 500//500 453//453
f 457//457 467//467 471//471
f 457//457 458//458 467//467
f 578//578 560//560 469//469
f 438//438 494//494 468//468
f 48//48 577//577 533//533
f 470//470 494//494 473//473
f 488//488 461//461 464//464
f 533//533 496//496 48//48
f 46//46 45//45 50//50
f 475//475 479//479 497//497
f 437//437 477//477 481//481
f 436//436 481//481 412//412
f 440//440 459//459 425//425
f 634//634 672//672 654//654
f 493//493 453//453 500//500
f 454//454 441//441 456//456
f 472//472 464//464 461//461
f 493//493 464//464 472//472
f 42//42 43//43 446//446
f 454//454 456//456 431//431
f 435//435 473//473 438//438
f 413//413 414//414 412//412
f 454//454 431//431 450//450
f 45//45 47//47 474//474
f 466//466 441//441 416//416
f 453//453 493//493 450//450
f 495//495 435//435 428//428
f 497//497 580//580 594//594
f 480//480 448//448 476//476
f 546//546 575//575 584//584
f 546//546 505//505 507//507
f 507//507 505//505 499//499
f 507//507 499//499 485//485
f 484//484 504//504 483//483
f 606//606 482//482 595//595
f 490//490 485//485 449//449
f 449//449 485//485 484//484
f 484//484 483//483 486//486
f 483//483 581//581 486//486
f 449//449 390//390 440//440
f 518//518 493//493 500//500
f 487//487 464//464 518//518
f 464//464 487//487 488//488
f 453//453 450//450 431//431
f 466//466 416//416 495//495
f 485//485 424//424 507//507
f 485//485 490//490 424//424
f 412//412 411//411 468//468
f 413//413 412//412 468//468
f 438//438 468//468 411//411
f 551//551 575//575 424//424
f 472//472 552//552 493//493
f 473//473 429//429 470//470
f 438//438 473//473 494//494
f 46//46 43//43 44//44
f 43//43 496//496 446//446
f 490//490 471//471 467//467
f 461//461 488//488 460//460
f 428//428 479//479 495//495
f 414//414 413//413 458//458
f 460//460 489//489 587//587
f 454//454 492//492 532//532
f 472//472 461//461 561//561
f 533//533 429//429 496//496
f 534//534 593//593 50//50
f 534//534 50//50 45//45
f 497//497 479//479 498//498
f 390//390 477//477 440//440
f 555//555 537//537 456//456
f 466//466 456//456 441//441
f 501//501 555//555 475//475
f 502//502 522//522 521//521
f 502//502 520//520 503//503
f 502//502 503//503 504//504
f 397//397 396//396 511//511
f 511//511 509//509 397//397
f 511//511 396//396 512//512
f 396//396 525//525 512//512
f 511//511 550//550 527//527
f 525//525 510//510 523//523
f 449//449 425//425 490//490
f 510//510 525//525 396//396
f 505//505 504//504 499//499
f 467//467 424//424 490//490
f 460//460 488//488 489//489
f 429//429 446//446 496//496
f 481//481 448//448 498//498
f 485//485 499//499 484//484
f 390//390 449//449 486//486
f 518//518 545//545 569//569
f 599//599 562//562 519//519
f 456//456 537//537 431//431
f 399//399 508//508 398//398
f 539//539 523//523 510//510
f 507//507 424//424 575//575
f 502//502 521//521 520//520
f 502//502 505//505 546//546
f 396//396 397//397 539//539
f 526//526 525//525 508//508
f 550//550 511//511 512//512
f 557//557 395//395 586//586
f 559//559 528//528 551//551
f 491//491 551//551 468//468
f 529//529 587//587 489//489
f 430//430 432//432 590//590
f 432//432 532//532 590//590
f 578//578 629//629 560//560
f 50//50 579//579 43//43
f 50//50 43//43 46//46
f 603//603 534//534 474//474
f 466//466 479//479 475//475
f 448//448 497//497 498//498
f 477//477 390//390 476//476
f 510//510 396//396 539//539
f 481//481 477//477 476//476
f 481//481 476//476 448//448
f 466//466 475//475 456//456
f 546//546 507//507 575//575
f 43//43 49//49 496//496
f 534//534 45//45 474//474
f 561//561 461//461 460//460
f 429//429 533//533 470//470
f 565//565 534//534 603//603
f 482//482 520//520 595//595
f 595//595 520//520 553//553
f 499//499 504//504 484//484
f 483//483 482//482 596//596
f 484//484 486//486 449//449
f 543//543 542//542 544//544
f 544//544 426//426 541//541
f 541//541 535//535 607//607
f 607//607 535//535 554//554
f 568//568 604//604 554//554
f 486//486 542//542 476//476
f 476//476 390//390 486//486
f 517//517 536//536 516//516
f 452//452 478//478 566//566
f 487//487 518//518 569//569
f 566//566 478//478 463//463
f 569//569 566//566 487//487
f 488//488 462//462 489//489
f 570//570 545//545 500//500
f 431//431 537//537 453//453
f 453//453 537//537 570//570
f 555//555 456//456 475//475
f 399//399 398//398 394//394
f 524//524 582//582 573//573
f 598//598 611//611 550//550
f 522//522 571//571 521//521
f 574//574 522//522 502//502
f 546//546 574//574 502//502
f 573//573 548//548 539//539
f 524//524 585//585 642//642
f 550//550 512//512 526//526
f 551//551 528//528 423//423
f 538//538 526//526 508//508
f 494//494 470//470 469//469
f 500//500 545//545 518//518
f 523//523 539//539 548//548
f 523//523 508//508 525//525
f 509//509 527//527 549//549
f 552//552 564//564 492//492
f 494//494 469//469 491//491
f 533//533 578//578 470//470
f 470//470 578//578 469//469
f 579//579 49//49 43//43
f 540//540 48//48 496//496
f 497//497 501//501 475//475
f 497//497 448//448 580//580
f 448//448 480//480 580//580
f 542//542 543//543 480//480
f 480//480 476//476 542//542
f 581//581 542//542 486//486
f 607//607 594//594 544//544
f 556//556 553//553 520//520
f 570//570 465//465 545//545
f 571//571 572//572 521//521
f 583//583 575//575 423//423
f 394//394 582//582 399//399
f 398//398 523//523 548//548
f 549//549 573//573 397//397
f 527//527 611//611 549//549
f 460//460 587//587 576//576
f 460//460 576//576 561//561
f 472//472 561//561 552//552
f 590//590 530//530 531//531
f 530//530 590//590 36//36
f 430//430 590//590 531//531
f 593//593 579//579 50//50
f 523//523 398//398 508//508
f 539//539 397//397 573//573
f 397//397 509//509 549//549
f 597//597 426//426 596//596
f 596//596 426//426 581//581
f 641//641 605//605 631//631
f 631//631 630//630 553//553
f 462//462 519//519 489//489
f 465//465 570//570 537//537
f 465//465 537//537 625//625
f 572//572 556//556 520//520
f 394//394 398//398 548//548
f 558//558 549//549 611//611
f 611//611 527//527 550//550
f 423//423 538//538 547//547
f 587//587 645//645 576//576
f 663//663 589//589 563//563
f 532//532 492//492 564//564
f 559//559 491//491 445//445
f 445//445 491//491 469//469
f 49//49 579//579 540//540
f 565//565 639//639 592//592
f 534//534 592//592 593//593
f 562//562 489//489 519//519
f 584//584 575//575 583//583
f 562//562 529//529 489//489
f 566//566 463//463 487//487
f 452//452 569//569 635//635
f 675//675 516//516 622//622
f 652//652 622//622 660//660
f 506//506 636//636 609//609
f 573//573 394//394 548//548
f 584//584 583//583 506//506
f 506//506 582//582 643//643
f 582//582 394//394 573//573
f 571//571 522//522 610//610
f 558//558 585//585 549//549
f 524//524 573//573 549//549
f 575//575 551//551 423//423
f 618//618 617//617 577//577
f 618//618 577//577 48//48
f 540//540 579//579 52//52
f 579//579 593//593 592//592
f 579//579 592//592 52//52
f 497//497 594//594 501//501
f 501//501 455//455 555//555
f 482//482 606//606 596//596
f 596//596 581//581 483//483
f 426//426 544//544 542//542
f 542//542 581//581 426//426
f 487//487 463//463 462//462
f 423//423 547//547 583//583
f 559//559 551//551 491//491
f 572//572 571//571 536//536
f 524//524 549//549 585//585
f 558//558 557//557 586//586
f 598//598 538//538 423//423
f 588//588 601//601 599//599
f 599//599 519//519 588//588
f 686//686 529//529 589//589
f 638//638 36//36 590//590
f 469//469 560//560 445//445
f 540//540 618//618 48//48
f 52//52 592//592 51//51
f 501//501 604//604 455//455
f 543//543 594//594 580//580
f 515//515 514//514 671//671
f 597//597 541//541 426//426
f 635//635 465//465 625//625
f 555//555 625//625 537//537
f 578//578 533//533 577//577
f 543//543 580//580 480//480
f 501//501 594//594 604//604
f 610//610 609//609 636//636
f 558//558 586//586 585//585
f 528//528 598//598 423//423
f 645//645 587//587 529//529
f 614//614 663//663 563//563
f 589//589 562//562 563//563
f 564//564 623//623 27//27
f 626//626 561//561 667//667
f 667//667 561//561 627//627
f 578//578 577//577 629//629
f 602//602 639//639 565//565
f 602//602 565//565 603//603
f 52//52 51//51 619//619
f 606//606 640//640 596//596
f 597//597 596//596 640//640
f 519//519 462//462 608//608
f 599//599 563//563 562//562
f 635//635 569//569 465//465
f 543//543 544//544 594//594
f 462//462 463//463 608//608
f 572//572 536//536 556//556
f 592//592 534//534 565//565
f 444//444 528//528 559//559
f 557//557 598//598 661//661
f 645//645 628//628 576//576
f 529//529 686//686 645//645
f 563//563 613//613 614//614
f 599//599 613//613 563//563
f 646//646 532//532 564//564
f 564//564 552//552 623//623
f 626//626 623//623 552//552
f 591//591 445//445 560//560
f 592//592 639//639 51//51
f 630//630 631//631 695//695
f 630//630 606//606 553//553
f 544//544 541//541 607//607
f 556//556 517//517 553//553
f 631//631 553//553 517//517
f 600//600 601//601 621//621
f 600//600 680//680 620//620
f 455//455 625//625 555//555
f 622//622 536//536 571//571
f 599//599 601//601 613//613
f 519//519 608//608 588//588
f 595//595 553//553 606//606
f 556//556 536//536 517//517
f 637//637 614//614 613//613
f 612//612 628//628 645//645
f 627//627 576//576 628//628
f 445//445 710//710 444//444
f 639//639 602//602 54//54
f 607//607 604//604 594//594
f 606//606 630//630 640//640
f 569//569 452//452 566//566
f 651//651 608//608 463//463
f 637//637 615//615 666//666
f 601//601 588//588 621//621
f 624//624 588//588 608//608
f 651//651 624//624 608//608
f 568//568 657//657 604//604
f 455//455 604//604 625//625
f 625//625 604//604 657//657
f 516//516 536//536 622//622
f 598//598 550//550 538//538
f 444//444 616//616 528//528
f 589//589 644//644 686//686
f 611//611 557//557 558//558
f 571//571 610//610 622//622
f 664//664 27//27 623//623
f 561//561 576//576 627//627
f 36//36 638//638 35//35
f 31//31 33//33 638//638
f 444//444 710//710 616//616
f 445//445 591//591 710//710
f 52//52 618//618 540//540
f 517//517 647//647 631//631
f 707//707 678//678 716//716
f 601//601 600//600 637//637
f 625//625 657//657 635//635
f 647//647 516//516 671//671
f 636//636 506//506 643//643
f 586//586 395//395 585//585
f 611//611 598//598 557//557
f 610//610 660//660 622//622
f 610//610 636//636 660//660
f 516//516 647//647 517//517
f 616//616 661//661 528//528
f 601//601 637//637 613//613
f 689//689 710//710 591//591
f 690//690 591//591 560//560
f 597//597 535//535 541//541
f 554//554 604//604 607//607
f 621//621 624//624 650//650
f 635//635 657//657 451//451
f 719//719 770//770 735//735
f 643//643 674//674 659//659
f 528//528 661//661 598//598
f 646//646 638//638 590//590
f 629//629 690//690 560//560
f 640//640 630//630 695//695
f 651//651 463//463 478//478
f 600//600 615//615 637//637
f 588//588 624//624 621//621
f 452//452 632//632 478//478
f 653//653 711//711 658//658
f 653//653 658//658 659//659
f 674//674 643//643 642//642
f 661//661 616//616 685//685
f 645//645 686//686 612//612
f 131//131 686//686 644//644
f 626//626 667//667 623//623
f 628//628 28//28 627//627
f 35//35 638//638 33//33
f 639//639 54//54 51//51
f 602//602 55//55 54//54
f 647//647 641//641 631//631
f 745//745 648//648 649//649
f 654//654 651//651 632//632
f 632//632 651//651 478//478
f 673//673 621//621 650//650
f 651//651 650//650 624//624
f 652//652 675//675 622//622
f 640//640 535//535 597//597
f 582//582 642//642 643//643
f 693//693 619//619 669//669
f 669//669 619//619 51//51
f 685//685 616//616 670//670
f 554//554 535//535 391//391
f 647//647 671//671 641//641
f 654//654 632//632 567//567
f 654//654 567//567 648//648
f 656//656 673//673 650//650
f 567//567 635//635 451//451
f 652//652 659//659 691//691
f 659//659 652//652 660//660
f 636//636 643//643 659//659
f 636//636 659//659 660//660
f 653//653 659//659 674//674
f 585//585 674//674 642//642
f 684//684 674//674 661//661
f 661//661 674//674 395//395
f 614//614 637//637 666//666
f 236//236 663//663 706//706
f 663//663 236//236 589//589
f 236//236 238//238 237//237
f 564//564 27//27 646//646
f 692//692 27//27 664//664
f 665//665 664//664 667//667
f 638//638 646//646 31//31
f 51//51 54//54 669//669
f 621//621 673//673 600//600
f 600//600 673//673 680//680
f 667//667 664//664 623//623
f 650//650 651//651 654//654
f 567//567 632//632 635//635
f 635//635 632//632 452//452
f 612//612 686//686 720//720
f 662//662 717//717 732//732
f 238//238 236//236 706//706
f 27//27 31//31 646//646
f 692//692 757//757 709//709
f 690//690 689//689 591//591
f 629//629 577//577 617//617
f 760//760 797//797 822//822
f 669//669 54//54 57//57
f 55//55 57//57 54//54
f 702//702 451//451 568//568
f 640//640 695//695 391//391
f 648//648 634//634 654//654
f 656//656 678//678 677//677
f 656//656 672//672 678//678
f 656//656 650//650 672//672
f 672//672 650//650 654//654
f 677//677 673//673 656//656
f 717//717 666//666 615//615
f 451//451 649//649 567//567
f 652//652 681//681 675//675
f 395//395 557//557 661//661
f 568//568 451//451 657//657
f 52//52 617//617 618//618
f 615//615 600//600 620//620
f 666//666 663//663 614//614
f 585//585 395//395 674//674
f 391//391 535//535 640//640
f 391//391 729//729 554//554
f 729//729 568//568 554//554
f 750//750 701//701 758//758
f 675//675 515//515 671//671
f 675//675 671//671 516//516
f 705//705 655//655 677//677
f 705//705 677//677 678//678
f 675//675 681//681 515//515
f 515//515 682//682 746//746
f 691//691 683//683 681//681
f 659//659 658//658 691//691
f 28//28 628//628 154//154
f 131//131 720//720 686//686
f 627//627 696//696 667//667
f 30//30 33//33 29//29
f 698//698 616//616 710//710
f 629//629 726//726 690//690
f 55//55 56//56 57//57
f 677//677 680//680 673//673
f 31//31 29//29 33//33
f 52//52 715//715 617//617
f 684//684 653//653 674//674
f 695//695 631//631 605//605
f 661//661 685//685 684//684
f 681//681 652//652 691//691
f 684//684 711//711 653//653
f 685//685 670//670 719//719
f 696//696 28//28 721//721
f 662//662 706//706 666//666
f 742//742 664//664 665//665
f 696//696 665//665 667//667
f 668//668 710//710 689//689
f 714//714 629//629 617//617
f 617//617 715//715 714//714
f 715//715 52//52 619//619
f 698//698 670//670 616//616
f 694//694 670//670 698//698
f 53//53 669//669 57//57
f 605//605 641//641 703//703
f 743//743 704//704 707//707
f 680//680 679//679 620//620
f 717//717 662//662 666//666
f 238//238 706//706 736//736
f 729//729 702//702 568//568
f 706//706 663//663 666//666
f 627//627 28//28 696//696
f 27//27 709//709 31//31
f 709//709 29//29 31//31
f 751//751 745//745 701//701
f 701//701 745//745 702//702
f 605//605 758//758 695//695
f 703//703 758//758 605//605
f 648//648 700//700 722//722
f 722//722 716//716 634//634
f 634//634 716//716 672//672
f 677//677 655//655 680//680
f 705//705 704//704 655//655
f 717//717 615//615 620//620
f 567//567 649//649 648//648
f 451//451 702//702 649//649
f 682//682 515//515 681//681
f 684//684 685//685 719//719
f 28//28 154//154 721//721
f 715//715 619//619 693//693
f 648//648 745//745 700//700
f 672//672 716//716 678//678
f 704//704 679//679 655//655
f 705//705 707//707 704//704
f 722//722 634//634 648//648
f 718//718 658//658 711//711
f 684//684 719//719 711//711
f 711//711 719//719 735//735
f 692//692 709//709 27//27
f 742//742 738//738 664//664
f 772//772 687//687 742//742
f 30//30 767//767 697//697
f 778//778 779//779 61//61
f 714//714 726//726 629//629
f 693//693 669//669 53//53
f 729//729 701//701 702//702
f 729//729 391//391 695//695
f 679//679 680//680 655//655
f 691//691 658//658 718//718
f 113//113 103//103 756//756
f 712//712 107//107 106//106
f 106//106 107//107 105//105
f 737//737 114//114 115//115
f 723//723 759//759 696//696
f 29//29 709//709 757//757
f 668//668 690//690 688//688
f 688//688 727//727 668//668
f 690//690 726//726 688//688
f 715//715 693//693 714//714
f 726//726 714//714 693//693
f 695//695 758//758 729//729
f 514//514 513//513 671//671
f 717//717 620//620 708//708
f 745//745 649//649 702//702
f 683//683 764//764 682//682
f 746//746 514//514 515//515
f 681//681 683//683 682//682
f 664//664 738//738 692//692
f 735//735 718//718 711//711
f 724//724 723//723 721//721
f 723//723 696//696 721//721
f 154//154 724//724 721//721
f 713//713 723//723 724//724
f 724//724 154//154 612//612
f 724//724 612//612 766//766
f 766//766 720//720 765//765
f 737//737 712//712 106//106
f 107//107 712//712 103//103
f 107//107 103//103 110//110
f 738//738 739//739 692//692
f 665//665 696//696 759//759
f 30//30 29//29 767//767
f 57//57 725//725 53//53
f 725//725 57//57 56//56
f 703//703 641//641 513//513
f 513//513 641//641 671//671
f 704//704 743//743 633//633
f 678//678 707//707 705//705
f 708//708 620//620 679//679
f 691//691 718//718 683//683
f 698//698 668//668 727//727
f 131//131 156//156 720//720
f 710//710 668//668 698//698
f 726//726 778//778 688//688
f 726//726 693//693 53//53
f 727//727 688//688 778//778
f 896//896 728//728 879//879
f 847//847 728//728 867//867
f 783//783 801//801 800//800
f 802//802 789//789 785//785
f 799//799 749//749 751//751
f 701//701 729//729 758//758
f 707//707 744//744 743//743
f 776//776 732//732 708//708
f 717//717 708//708 732//732
f 707//707 716//716 744//744
f 722//722 744//744 716//716
f 748//748 764//764 735//735
f 732//732 755//755 662//662
f 808//808 737//737 113//113
f 738//738 742//742 687//687
f 742//742 665//665 759//759
f 767//767 26//26 697//697
f 757//757 767//767 29//29
f 704//704 733//733 679//679
f 113//113 108//108 110//110
f 732//732 754//754 755//755
f 239//239 736//736 662//662
f 712//712 116//116 103//103
f 103//103 116//116 740//740
f 103//103 740//740 756//756
f 919//919 854//854 872//872
f 872//872 854//854 823//823
f 872//872 823//823 856//856
f 914//914 856//856 844//844
f 757//757 692//692 739//739
f 670//670 694//694 770//770
f 727//727 774//774 698//698
f 698//698 774//774 694//694
f 513//513 750//750 703//703
f 837//837 825//825 864//864
f 700//700 744//744 722//722
f 745//745 751//751 700//700
f 777//777 731//731 768//768
f 747//747 746//746 682//682
f 763//763 747//747 764//764
f 764//764 683//683 735//735
f 748//748 735//735 770//770
f 770//770 719//719 670//670
f 759//759 713//713 819//819
f 759//759 723//723 713//713
f 720//720 766//766 612//612
f 683//683 718//718 735//735
f 733//733 708//708 679//679
f 744//744 700//700 749//749
f 753//753 777//777 752//752
f 786//786 777//777 753//753
f 746//746 786//786 753//753
f 764//764 747//747 682//682
f 240//240 239//239 755//755
f 755//755 239//239 662//662
f 737//737 116//116 712//712
f 771//771 116//116 737//737
f 113//113 737//737 115//115
f 687//687 739//739 738//738
f 694//694 797//797 770//770
f 778//778 61//61 727//727
f 752//752 514//514 753//753
f 746//746 753//753 514//514
f 764//764 748//748 734//734
f 759//759 772//772 742//742
f 760//760 748//748 770//770
f 770//770 797//797 760//760
f 774//774 822//822 797//797
f 726//726 53//53 779//779
f 774//774 727//727 61//61
f 750//750 758//758 703//703
f 514//514 752//752 513//513
f 776//776 815//815 754//754
f 868//868 815//815 841//841
f 837//837 775//775 814//814
f 776//776 754//754 732//732
f 633//633 733//733 704//704
f 749//749 700//700 751//751
f 752//752 777//777 782//782
f 59//59 786//786 747//747
f 747//747 786//786 746//746
f 787//787 763//763 734//734
f 794//794 713//713 724//724
f 150//150 819//819 713//713
f 156//156 765//765 720//720
f 773//773 767//767 757//757
f 26//26 767//767 773//773
f 798//798 752//752 782//782
f 782//782 777//777 768//768
f 813//813 768//768 731//731
f 734//734 763//763 764//764
f 760//760 788//788 748//748
f 757//757 811//811 773//773
f 774//774 797//797 694//694
f 701//701 750//750 751//751
f 513//513 752//752 798//798
f 699//699 633//633 743//743
f 800//800 784//784 699//699
f 785//785 744//744 749//749
f 787//787 734//734 748//748
f 726//726 779//779 778//778
f 725//725 761//761 53//53
f 786//786 730//730 777//777
f 724//724 766//766 794//794
f 798//798 799//799 750//750
f 513//513 798//798 750//750
f 775//775 754//754 815//815
f 633//633 699//699 784//784
f 699//699 743//743 785//785
f 840//840 816//816 676//676
f 784//784 676//676 733//733
f 633//633 784//784 733//733
f 747//747 763//763 792//792
f 794//794 150//150 713//713
f 687//687 772//772 940//940
f 785//785 743//743 744//744
f 708//708 816//816 776//776
f 811//811 757//757 739//739
f 777//777 730//730 731//731
f 916//916 946//946 790//790
f 800//800 789//789 783//783
f 799//799 785//785 749//749
f 909//909 848//848 861//861
f 804//804 788//788 760//760
f 788//788 817//817 787//787
f 787//787 817//817 763//763
f 771//771 737//737 808//808
f 795//795 755//755 754//754
f 795//795 240//240 755//755
f 775//775 837//837 754//754
f 756//756 810//810 104//104
f 113//113 796//796 808//808
f 808//808 796//796 806//806
f 781//781 798//798 782//782
f 789//789 699//699 785//785
f 676//676 816//816 708//708
f 733//733 676//676 708//708
f 750//750 799//799 751//751
f 113//113 756//756 796//796
f 739//739 687//687 811//811
f 832//832 839//839 813//813
f 832//832 813//813 731//731
f 799//799 798//798 781//781
f 800//800 801//801 946//946
f 784//784 916//916 676//676
f 946//946 801//801 897//897
f 783//783 789//789 802//802
f 802//802 785//785 799//799
f 799//799 781//781 802//802
f 847//847 780//780 781//781
f 847//847 781//781 782//782
f 730//730 832//832 731//731
f 803//803 730//730 909//909
f 792//792 59//59 747//747
f 794//794 766//766 805//805
f 805//805 150//150 794//794
f 864//864 795//795 754//754
f 837//837 864//864 754//754
f 756//756 104//104 796//796
f 796//796 104//104 806//806
f 823//823 807//807 856//856
f 855//855 838//838 811//811
f 940//940 811//811 687//687
f 773//773 811//811 838//838
f 759//759 819//819 772//772
f 776//776 816//816 815//815
f 835//835 771//771 844//844
f 740//740 835//835 810//810
f 835//835 116//116 771//771
f 779//779 761//761 61//61
f 829//829 813//813 826//826
f 826//826 889//889 888//888
f 784//784 800//800 946//946
f 828//828 782//782 768//768
f 828//828 768//768 829//829
f 730//730 786//786 909//909
f 909//909 786//786 59//59
f 59//59 792//792 834//834
f 763//763 817//817 792//792
f 817//817 788//788 804//804
f 810//810 756//756 740//740
f 813//813 829//829 768//768
f 815//815 814//814 775//775
f 61//61 58//58 774//774
f 699//699 789//789 800//800
f 817//817 833//833 792//792
f 817//817 842//842 833//833
f 804//804 820//820 918//918
f 822//822 820//820 760//760
f 150//150 151//151 819//819
f 152//152 862//862 805//805
f 151//151 882//882 818//818
f 854//854 875//875 809//809
f 809//809 835//835 807//807
f 810//810 809//809 875//875
f 810//810 875//875 104//104
f 824//824 1104//1104 957//957
f 865//865 825//825 866//866
f 940//940 772//772 812//812
f 819//819 812//812 772//772
f 867//867 783//783 780//780
f 783//783 802//802 780//780
f 830//830 909//909 917//917
f 834//834 833//833 848//848
f 832//832 730//730 803//803
f 804//804 842//842 817//817
f 818//818 819//819 151//151
f 810//810 835//835 809//809
f 813//813 839//839 826//826
f 807//807 835//835 844//844
f 877//877 812//812 819//819
f 877//877 819//819 818//818
f 805//805 765//765 152//152
f 930//930 884//884 864//864
f 807//807 844//844 856//856
f 808//808 806//806 741//741
f 808//808 741//741 771//771
f 771//771 741//741 844//844
f 58//58 845//845 822//822
f 774//774 58//58 822//822
f 781//781 780//780 802//802
f 946//946 916//916 784//784
f 841//841 815//815 816//816
f 840//840 915//915 891//891
f 841//841 816//816 840//840
f 867//867 801//801 783//783
f 847//847 782//782 879//879
f 828//828 829//829 827//827
f 826//826 839//839 889//889
f 839//839 832//832 803//803
f 834//834 792//792 833//833
f 820//820 822//822 845//845
f 815//815 868//868 814//814
f 834//834 848//848 59//59
f 862//862 150//150 805//805
f 1015//1015 874//874 881//881
f 843//843 881//881 882//882
f 152//152 765//765 153//153
f 809//809 807//807 823//823
f 809//809 823//823 854//854
f 811//811 940//940 855//855
f 846//846 845//845 58//58
f 887//887 846//846 58//58
f 908//908 761//761 60//60
f 888//888 827//827 826//826
f 676//676 916//916 840//840
f 728//728 847//847 879//879
f 59//59 848//848 909//909
f 842//842 821//821 833//833
f 820//820 804//804 760//760
f 843//843 151//151 862//862
f 61//61 761//761 908//908
f 850//850 851//851 876//876
f 741//741 806//806 876//876
f 850//850 876//876 806//806
f 850//850 806//806 104//104
f 931//931 852//852 934//934
f 852//852 1017//1017 853//853
f 1016//1016 1017//1017 1018//1018
f 924//924 851//851 850//850
f 876//876 914//914 844//844
f 872//872 856//856 886//886
f 940//940 812//812 836//836
f 741//741 876//876 844//844
f 839//839 830//830 889//889
f 859//859 927//927 888//888
f 879//879 827//827 896//896
f 837//837 814//814 866//866
f 867//867 780//780 847//847
f 803//803 830//830 839//839
f 793//793 861//861 848//848
f 848//848 833//833 793//793
f 833//833 821//821 793//793
f 854//854 883//883 875//875
f 884//884 795//795 864//864
f 241//241 795//795 884//884
f 868//868 1034//1034 866//866
f 875//875 850//850 104//104
f 829//829 826//826 827//827
f 828//828 879//879 782//782
f 841//841 840//840 891//891
f 916//916 915//915 840//840
f 889//889 869//869 888//888
f 821//821 870//870 793//793
f 804//804 849//849 842//842
f 870//870 821//821 842//842
f 875//875 883//883 924//924
f 990//990 931//931 976//976
f 850//850 875//875 924//924
f 886//886 856//856 914//914
f 877//877 818//818 857//857
f 857//857 818//818 858//858
f 857//857 858//858 920//920
f 857//857 920//920 943//943
f 855//855 906//906 838//838
f 894//894 827//827 888//888
f 879//879 828//828 827//827
f 25//25 838//838 906//906
f 862//862 152//152 873//873
f 843//843 882//882 151//151
f 21//21 933//933 880//880
f 951//951 881//881 874//874
f 882//882 858//858 818//818
f 922//922 914//914 876//876
f 872//872 886//886 911//911
f 887//887 1033//1033 846//846
f 61//61 887//887 58//58
f 893//893 791//791 890//890
f 860//860 868//868 841//841
f 893//893 890//890 728//728
f 909//909 830//830 803//803
f 893//893 728//728 896//896
f 895//895 892//892 894//894
f 895//895 894//894 927//927
f 896//896 894//894 892//892
f 897//897 867//867 728//728
f 861//861 968//968 909//909
f 849//849 870//870 842//842
f 872//872 911//911 919//919
f 873//873 843//843 862//862
f 882//882 920//920 858//858
f 921//921 969//969 901//901
f 899//899 403//403 939//939
f 403//403 899//899 901//901
f 825//825 863//863 864//864
f 903//903 990//990 1020//1020
f 904//904 1020//1020 990//990
f 977//977 904//904 937//937
f 924//924 923//923 851//851
f 882//882 881//881 880//880
f 845//845 846//846 907//907
f 887//887 61//61 978//978
f 908//908 978//978 61//61
f 830//830 869//869 889//889
f 869//869 830//830 831//831
f 814//814 868//868 866//866
f 891//891 928//928 860//860
f 793//793 898//898 861//861
f 849//849 804//804 918//918
f 837//837 866//866 825//825
f 841//841 891//891 860//860
f 896//896 892//892 791//791
f 896//896 791//791 893//893
f 791//791 895//895 947//947
f 894//894 896//896 827//827
f 917//917 968//968 1009//1009
f 1079//1079 910//910 1098//1098
f 793//793 870//870 871//871
f 911//911 21//21 919//919
f 920//920 882//882 880//880
f 152//152 960//960 873//873
f 403//403 400//400 402//402
f 403//403 402//402 939//939
f 876//876 955//955 922//922
f 851//851 955//955 876//876
f 900//900 899//899 939//939
f 855//855 885//885 906//906
f 869//869 859//859 888//888
f 1012//1012 915//915 790//790
f 820//820 845//845 918//918
f 901//901 400//400 403//403
f 890//890 897//897 728//728
f 793//793 871//871 898//898
f 871//871 870//870 936//936
f 919//919 883//883 854//854
f 901//901 899//899 921//921
f 400//400 901//901 954//954
f 400//400 954//954 974//974
f 1129//1129 949//949 1104//1104
f 929//929 923//923 924//924
f 900//900 929//929 921//921
f 885//885 855//855 940//940
f 878//878 941//941 836//836
f 857//857 878//878 877//877
f 925//925 878//878 943//943
f 943//943 878//878 857//857
f 867//867 897//897 801//801
f 1003//1003 946//946 897//897
f 928//928 915//915 1012//1012
f 895//895 791//791 892//892
f 918//918 845//845 907//907
f 877//877 836//836 812//812
f 830//830 917//917 831//831
f 899//899 900//900 921//921
f 1129//1129 1156//1156 949//949
f 825//825 865//865 949//949
f 937//937 934//934 932//932
f 914//914 922//922 932//932
f 905//905 955//955 851//851
f 905//905 923//923 912//912
f 920//920 880//880 933//933
f 911//911 944//944 933//933
f 932//932 944//944 914//914
f 914//914 944//944 886//886
f 21//21 911//911 933//933
f 877//877 878//878 836//836
f 887//887 978//978 1042//1042
f 978//978 908//908 62//62
f 891//891 915//915 928//928
f 791//791 947//947 890//890
f 968//968 917//917 909//909
f 910//910 968//968 898//898
f 959//959 918//918 907//907
f 980//980 874//874 1023//1023
f 888//888 927//927 894//894
f 929//929 924//924 883//883
f 923//923 905//905 851//851
f 868//868 860//860 1034//1034
f 400//400 975//975 402//402
f 976//976 934//934 937//937
f 922//922 937//937 932//932
f 938//938 937//937 922//922
f 913//913 923//923 929//929
f 913//913 929//929 900//900
f 913//913 900//900 939//939
f 940//940 836//836 885//885
f 943//943 920//920 933//933
f 944//944 932//932 945//945
f 944//944 911//911 886//886
f 926//926 878//878 991//991
f 991//991 878//878 925//925
f 885//885 836//836 941//941
f 885//885 963//963 906//906
f 846//846 1033//1033 907//907
f 947//947 967//967 1003//1003
f 898//898 968//968 861//861
f 910//910 898//898 871//871
f 21//21 880//880 951//951
f 873//873 960//960 950//950
f 1053//1053 1041//1041 948//948
f 948//948 972//972 1024//1024
f 24//24 906//906 963//963
f 932//932 993//993 945//945
f 1021//1021 927//927 966//966
f 1010//1010 895//895 927//927
f 1022//1022 866//866 1034//1034
f 1003//1003 790//790 946//946
f 967//967 947//947 1004//1004
f 895//895 1004//1004 947//947
f 968//968 910//910 1079//1079
f 918//918 979//979 849//849
f 873//873 1015//1015 843//843
f 1015//1015 881//881 843//843
f 921//921 929//929 980//980
f 929//929 883//883 980//980
f 863//863 825//825 949//949
f 974//974 975//975 400//400
f 938//938 922//922 955//955
f 938//938 955//955 905//905
f 956//956 977//977 912//912
f 956//956 912//912 962//962
f 913//913 939//939 962//962
f 866//866 1022//1022 865//865
f 930//930 864//864 863//863
f 917//917 769//769 831//831
f 1042//1042 1033//1033 887//887
f 769//769 935//935 869//869
f 769//769 869//869 831//831
f 935//935 859//859 869//869
f 1021//1021 1010//1010 927//927
f 860//860 928//928 1035//1035
f 916//916 790//790 915//915
f 967//967 958//958 1051//1051
f 1003//1003 897//897 890//890
f 1003//1003 890//890 947//947
f 1014//1014 1098//1098 910//910
f 849//849 979//979 870//870
f 21//21 951//951 980//980
f 961//961 971//971 965//965
f 930//930 981//981 884//884
f 401//401 902//902 974//974
f 999//999 401//401 964//964
f 965//965 401//401 954//954
f 965//965 964//964 401//401
f 938//938 977//977 937//937
f 976//976 904//904 990//990
f 977//977 938//938 912//912
f 933//933 944//944 945//945
f 934//934 993//993 932//932
f 941//941 878//878 926//926
f 912//912 938//938 905//905
f 913//913 962//962 923//923
f 923//923 962//962 912//912
f 979//979 918//918 959//959
f 966//966 1049//1049 1109//1109
f 935//935 966//966 859//859
f 928//928 1012//1012 1035//1035
f 860//860 1035//1035 1034//1034
f 1015//1015 950//950 148//148
f 998//998 997//997 980//980
f 921//921 997//997 969//969
f 1022//1022 957//957 865//865
f 1036//1036 1026//1026 970//970
f 1084//1084 970//970 1128//1128
f 903//903 1005//1005 953//953
f 975//975 974//974 902//902
f 962//962 975//975 988//988
f 975//975 962//962 939//939
f 942//942 885//885 941//941
f 943//943 20//20 925//925
f 964//964 965//965 971//971
f 1042//1042 978//978 62//62
f 1004//1004 895//895 1010//1010
f 1014//1014 871//871 936//936
f 873//873 950//950 1015//1015
f 881//881 951//951 880//880
f 965//965 954//954 961//961
f 943//943 933//933 20//20
f 927//927 859//859 966//966
f 871//871 1014//1014 910//910
f 968//968 1079//1079 1009//1009
f 936//936 870//870 1013//1013
f 1024//1024 972//972 954//954
f 1024//1024 954//954 969//969
f 969//969 954//954 901//901
f 972//972 961//961 954//954
f 1169//1169 987//987 1123//1123
f 975//975 902//902 988//988
f 962//962 988//988 1020//1020
f 885//885 942//942 1029//1029
f 20//20 945//945 993//993
f 959//959 907//907 1070//1070
f 148//148 950//950 960//960
f 972//972 971//971 961//961
f 980//980 997//997 921//921
f 998//998 1025//1025 997//997
f 197//197 981//981 930//930
f 930//930 863//863 982//982
f 992//992 993//993 852//852
f 1019//1019 852//852 931//931
f 931//931 934//934 976//976
f 999//999 964//964 1000//1000
f 999//999 1000//1000 1045//1045
f 941//941 926//926 942//942
f 992//992 20//20 993//993
f 973//973 1041//1041 1048//1048
f 885//885 1029//1029 963//963
f 971//971 973//973 964//964
f 790//790 1003//1003 1050//1050
f 874//874 980//980 951//951
f 1033//1033 1070//1070 907//907
f 401//401 953//953 902//902
f 988//988 902//902 1005//1005
f 956//956 962//962 1020//1020
f 1027//1027 1000//1000 1032//1032
f 926//926 991//991 1031//1031
f 1071//1071 1108//1108 1039//1039
f 1000//1000 973//973 1032//1032
f 1049//1049 935//935 769//769
f 1049//1049 966//966 935//935
f 1044//1044 769//769 1009//1009
f 917//917 1009//1009 769//769
f 1004//1004 1010//1010 1073//1073
f 1004//1004 1077//1077 967//967
f 1025//1025 1053//1053 948//948
f 1025//1025 948//948 1024//1024
f 949//949 982//982 863//863
f 956//956 904//904 977//977
f 973//973 1000//1000 964//964
f 979//979 1013//1013 870//870
f 1018//1018 1017//1017 952//952
f 934//934 852//852 993//993
f 956//956 1020//1020 904//904
f 992//992 852//852 1037//1037
f 1007//1007 942//942 1031//1031
f 1092//1092 1116//1116 1031//1031
f 991//991 925//925 20//20
f 1037//1037 989//989 992//992
f 1028//1028 1027//1027 1032//1032
f 1032//1032 973//973 1008//1008
f 1008//1008 1048//1048 1040//1040
f 769//769 1044//1044 1049//1049
f 1022//1022 1034//1034 1060//1060
f 1012//1012 790//790 1050//1050
f 148//148 1062//1062 874//874
f 973//973 971//971 1041//1041
f 971//971 972//972 948//948
f 982//982 1069//1069 930//930
f 949//949 865//865 957//957
f 1023//1023 998//998 980//980
f 1025//1025 1024//1024 997//997
f 1028//1028 1057//1057 1027//1027
f 992//992 991//991 20//20
f 1008//1008 1038//1038 1032//1032
f 1082//1082 1038//1038 1040//1040
f 1008//1008 973//973 1048//1048
f 1041//1041 971//971 948//948
f 1021//1021 966//966 1059//1059
f 966//966 1109//1109 1059//1059
f 967//967 1051//1051 1003//1003
f 1022//1022 1060//1060 957//957
f 1014//1014 936//936 1054//1054
f 1023//1023 874//874 1065//1065
f 902//902 953//953 1005//1005
f 904//904 976//976 937//937
f 988//988 1005//1005 1020//1020
f 853//853 1037//1037 852//852
f 853//853 1030//1030 1037//1037
f 989//989 1037//1037 1030//1030
f 1058//1058 991//991 992//992
f 989//989 1058//1058 992//992
f 1038//1038 1082//1082 1028//1028
f 1028//1028 1082//1082 1057//1057
f 1057//1057 1082//1082 1026//1026
f 1039//1039 1082//1082 1040//1040
f 1029//1029 1081//1081 1047//1047
f 1049//1049 1044//1044 1043//1043
f 1004//1004 1073//1073 1077//1077
f 1052//1052 1097//1097 1043//1043
f 1137//1137 1079//1079 1098//1098
f 1013//1013 1054//1054 936//936
f 148//148 147//147 146//146
f 998//998 1023//1023 1065//1065
f 998//998 1065//1065 1053//1053
f 147//147 145//145 146//146
f 1011//1011 1034//1034 1035//1035
f 942//942 1081//1081 1029//1029
f 1069//1069 1126//1126 197//197
f 930//930 1069//1069 197//197
f 1045//1045 1036//1036 999//999
f 1017//1017 852//852 1019//1019
f 1027//1027 1045//1045 1000//1000
f 853//853 1016//1016 1091//1091
f 1091//1091 1046//1046 1030//1030
f 1038//1038 1028//1028 1032//1032
f 1040//1040 1038//1038 1008//1008
f 1071//1071 1040//1040 1001//1001
f 1001//1001 1040//1040 1048//1048
f 1043//1043 1044//1044 1052//1052
f 1051//1051 1075//1075 1050//1050
f 967//967 1077//1077 958//958
f 957//957 1060//1060 1114//1114
f 957//957 1114//1114 824//824
f 1074//1074 1011//1011 1035//1035
f 1073//1073 1010//1010 1021//1021
f 1048//1048 1041//1041 1001//1001
f 942//942 1007//1007 1081//1081
f 1098//1098 1014//1014 1190//1190
f 1065//1065 1062//1062 144//144
f 1129//1129 1162//1162 198//198
f 198//198 1162//1162 1127//1127
f 1104//1104 949//949 957//957
f 953//953 401//401 999//999
f 1017//1017 1019//1019 952//952
f 952//952 1019//1019 990//990
f 1020//1020 1005//1005 903//903
f 853//853 1091//1091 1030//1030
f 1046//1046 16//16 1030//1030
f 1007//1007 1031//1031 1116//1116
f 1031//1031 991//991 1058//1058
f 989//989 16//16 1058//1058
f 1030//1030 16//16 989//989
f 1071//1071 1039//1039 1040//1040
f 1012//1012 1050//1050 1075//1075
f 1025//1025 998//998 1053//1053
f 1003//1003 1051//1051 1050//1050
f 1034//1034 1011//1011 1060//1060
f 1021//1021 1063//1063 1110//1110
f 1009//1009 1112//1112 1044//1044
f 1125//1125 1100//1100 1101//1101
f 994//994 1103//1103 1066//1066
f 1080//1080 1072//1072 1053//1053
f 990//990 1019//1019 931//931
f 1057//1057 1045//1045 1027//1027
f 1107//1107 1081//1081 1007//1007
f 1092//1092 1031//1031 1058//1058
f 1001//1001 1041//1041 1053//1053
f 1071//1071 1001//1001 1072//1072
f 1049//1049 1043//1043 1109//1109
f 949//949 1156//1156 982//982
f 1108//1108 1071//1071 1067//1067
f 1068//1068 1067//1067 1071//1071
f 1071//1071 1072//1072 1068//1068
f 1117//1117 959//959 1070//1070
f 1011//1011 996//996 1060//1060
f 1111//1111 1051//1051 958//958
f 1021//1021 1110//1110 1073//1073
f 1114//1114 1060//1060 996//996
f 1137//1137 1112//1112 1079//1079
f 1009//1009 1079//1079 1112//1112
f 1065//1065 1080//1080 1053//1053
f 1080//1080 1065//1065 144//144
f 1069//1069 1055//1055 1126//1126
f 953//953 999//999 903//903
f 903//903 999//999 1083//1083
f 1036//1036 1083//1083 999//999
f 952//952 990//990 903//903
f 952//952 903//903 1018//1018
f 1081//1081 1107//1107 1006//1006
f 1092//1092 1058//1058 16//16
f 1090//1090 1026//1026 1082//1082
f 1090//1090 1082//1082 1088//1088
f 1047//1047 1081//1081 1006//1006
f 1072//1072 1001//1001 1053//1053
f 1085//1085 1119//1119 1149//1149
f 1046//1046 1146//1146 1144//1144
f 1046//1046 1091//1091 1146//1146
f 1093//1093 1106//1106 1094//1094
f 17//17 1116//1116 1092//1092
f 1046//1046 1092//1092 16//16
f 1117//1117 1125//1125 959//959
f 1033//1033 1042//1042 1148//1148
f 1059//1059 1063//1063 1021//1021
f 1171//1171 1118//1118 1063//1063
f 1011//1011 1074//1074 996//996
f 762//762 1074//1074 1075//1075
f 1075//1075 1074//1074 1012//1012
f 762//762 996//996 1074//1074
f 1098//1098 1190//1190 1141//1141
f 1014//1014 1054//1054 1099//1099
f 1099//1099 1054//1054 1101//1101
f 198//198 1055//1055 1156//1156
f 1069//1069 982//982 1156//1156
f 1016//1016 853//853 1017//1017
f 1125//1125 1013//1013 979//979
f 1039//1039 1095//1095 1082//1082
f 1044//1044 1112//1112 1052//1052
f 979//979 959//959 1125//1125
f 144//144 1115//1115 1080//1080
f 1156//1156 1055//1055 1069//1069
f 1036//1036 1084//1084 1083//1083
f 1057//1057 1026//1026 1045//1045
f 1146//1146 1145//1145 13//13
f 1116//1116 1107//1107 1007//1007
f 1105//1105 1107//1107 1116//1116
f 1144//1144 1092//1092 1046//1046
f 1158//1158 1091//1091 1016//1016
f 1105//1105 1006//1006 1107//1107
f 995//995 1095//1095 1108//1108
f 1148//1148 1042//1042 62//62
f 1134//1134 1077//1077 1073//1073
f 1075//1075 1174//1174 762//762
f 1075//1075 1111//1111 1135//1135
f 1110//1110 1118//1118 1096//1096
f 1043//1043 1061//1061 1109//1109
f 1190//1190 1014//1014 1099//1099
f 1039//1039 1108//1108 1095//1095
f 1054//1054 1013//1013 1101//1101
f 1095//1095 1088//1088 1082//1082
f 1109//1109 1061//1061 1059//1059
f 1002//1002 958//958 1077//1077
f 1114//1114 996//996 1076//1076
f 1097//1097 1052//1052 1112//1112
f 1112//1112 1113//1113 1097//1097
f 1125//1125 1101//1101 1013//1013
f 1161//1161 197//197 1126//1126
f 1123//1123 987//987 1088//1088
f 1088//1088 987//987 1089//1089
f 1088//1088 1089//1089 1090//1090
f 1116//1116 17//17 1105//1105
f 1144//1144 12//12 1092//1092
f 1088//1088 1095//1095 1123//1123
f 1102//1102 1068//1068 1072//1072
f 1061//1061 1078//1078 1059//1059
f 1160//1160 146//146 143//143
f 1036//1036 1045//1045 1026//1026
f 1091//1091 1158//1158 1146//1146
f 1063//1063 1118//1118 1110//1110
f 970//970 1026//1026 1090//1090
f 1168//1168 1094//1094 17//17
f 13//13 1144//1144 1146//1146
f 1178//1178 1121//1121 1177//1177
f 1018//1018 1122//1122 1164//1164
f 1018//1018 1164//1164 1016//1016
f 1123//1123 1130//1130 1169//1169
f 1130//1130 1123//1123 1095//1095
f 1130//1130 1095//1095 995//995
f 1006//1006 1105//1105 19//19
f 1103//1103 994//994 1131//1131
f 1080//1080 1115//1115 1102//1102
f 1103//1103 1131//1131 1102//1102
f 1131//1131 1067//1067 1068//1068
f 1131//1131 1068//1068 1102//1102
f 1102//1102 1072//1072 1080//1080
f 1204//1204 1117//1117 1070//1070
f 1148//1148 1070//1070 1033//1033
f 1002//1002 1077//1077 1134//1134
f 1175//1175 996//996 762//762
f 1076//1076 996//996 1175//1175
f 1174//1174 1075//1075 1135//1135
f 1114//1114 1191//1191 824//824
f 1127//1127 1162//1162 1180//1180
f 1016//1016 1164//1164 1158//1158
f 1083//1083 1018//1018 903//903
f 1051//1051 1111//1111 1075//1075
f 1110//1110 1134//1134 1073//1073
f 970//970 1084//1084 1036//1036
f 1108//1108 1067//1067 995//995
f 1083//1083 1122//1122 1018//1018
f 1122//1122 1084//1084 1128//1128
f 1090//1090 1085//1085 1177//1177
f 970//970 1177//1177 1128//1128
f 1090//1090 1177//1177 970//970
f 11//11 1093//1093 1094//1094
f 994//994 1130//1130 995//995
f 1094//1094 1105//1105 17//17
f 1094//1094 1106//1106 1105//1105
f 995//995 1131//1131 994//994
f 1131//1131 995//995 1067//1067
f 1184//1184 1132//1132 1066//1066
f 1115//1115 1103//1103 1102//1102
f 1170//1170 1118//1118 1171//1171
f 1078//1078 1063//1063 1059//1059
f 1240//1240 1318//1318 1287//1287
f 762//762 1174//1174 1175//1175
f 1368//1368 270//270 1318//1318
f 1110//1110 1096//1096 1134//1134
f 1105//1105 1106//1106 19//19
f 1084//1084 1122//1122 1083//1083
f 1111//1111 958//958 1002//1002
f 1115//1115 1133//1133 1103//1103
f 1129//1129 1104//1104 1162//1162
f 1301//1301 1056//1056 1064//1064
f 1064//1064 1056//1056 1180//1180
f 1104//1104 824//824 1162//1162
f 1143//1143 1158//1158 1164//1164
f 1157//1157 1122//1122 1128//1128
f 1178//1178 1085//1085 1149//1149
f 1120//1120 1153//1153 1145//1145
f 1146//1146 1158//1158 1143//1143
f 987//987 1119//1119 1089//1089
f 1130//1130 994//994 1169//1169
f 1148//1148 1204//1204 1070//1070
f 1063//1063 1172//1172 1171//1171
f 1089//1089 1085//1085 1090//1090
f 1098//1098 1141//1141 1137//1137
f 1097//1097 1061//1061 1043//1043
f 1086//1086 1149//1149 1119//1119
f 1151//1151 1201//1201 1150//1150
f 1214//1214 1151//1151 1230//1230
f 1153//1153 1201//1201 1151//1151
f 12//12 1144//1144 1152//1152
f 1152//1152 1144//1144 13//13
f 17//17 12//12 1183//1183
f 1152//1152 13//13 1153//1153
f 13//13 1145//1145 1153//1153
f 1145//1145 1143//1143 1120//1120
f 1154//1154 65//65 1155//1155
f 63//63 1154//1154 1197//1197
f 1172//1172 1140//1140 1199//1199
f 1172//1172 1199//1199 1171//1171
f 1222//1222 1172//1172 1078//1078
f 1205//1205 1111//1111 1002//1002
f 1111//1111 1139//1139 1135//1135
f 1118//1118 1170//1170 1096//1096
f 1113//1113 1176//1176 1097//1097
f 1100//1100 1125//1125 1117//1117
f 1185//1185 1100//1100 1210//1210
f 142//142 1187//1187 1208//1208
f 1208//1208 1160//1160 142//142
f 1129//1129 198//198 1156//1156
f 1121//1121 1157//1157 1177//1177
f 987//987 1169//1169 1087//1087
f 1119//1119 1085//1085 1089//1089
f 1063//1063 1078//1078 1172//1172
f 1176//1176 1061//1061 1097//1097
f 1160//1160 1208//1208 1159//1159
f 1157//1157 1121//1121 1164//1164
f 1164//1164 1122//1122 1157//1157
f 1236//1236 1165//1165 1183//1183
f 1168//1168 1183//1183 1165//1165
f 1087//1087 1086//1086 1119//1119
f 987//987 1087//1087 1119//1119
f 1066//1066 1087//1087 1169//1169
f 1066//1066 1103//1103 1133//1133
f 1136//1136 1191//1191 1076//1076
f 1114//1114 1076//1076 1191//1191
f 1137//1137 1141//1141 1113//1113
f 1137//1137 1113//1113 1112//1112
f 1146//1146 1143//1143 1145//1145
f 994//994 1066//1066 1169//1169
f 1148//1148 63//63 1197//1197
f 1117//1117 1210//1210 1100//1100
f 1205//1205 1002//1002 1206//1206
f 1115//1115 144//144 1160//1160
f 1157//1157 1128//1128 1177//1177
f 1168//1168 11//11 1094//1094
f 1147//1147 10//10 1213//1213
f 10//10 1147//1147 1166//1166
f 11//11 1166//1166 1093//1093
f 1106//1106 1093//1093 1163//1163
f 1216//1216 1210//1210 1117//1117
f 1198//1198 1216//1216 1117//1117
f 1198//1198 1117//1117 1204//1204
f 1222//1222 1140//1140 1172//1172
f 1002//1002 1134//1134 1206//1206
f 1306//1306 1140//1140 1248//1248
f 1078//1078 1207//1207 1222//1222
f 1162//1162 824//824 1186//1186
f 1301//1301 1064//1064 1326//1326
f 1159//1159 1208//1208 1219//1219
f 1159//1159 1231//1231 1133//1133
f 200//200 199//199 1161//1161
f 1142//1142 1161//1161 1126//1126
f 1164//1164 1121//1121 1143//1143
f 1178//1178 1177//1177 1085//1085
f 1168//1168 17//17 1183//1183
f 1160//1160 1133//1133 1115//1115
f 1179//1179 1248//1248 1209//1209
f 1299//1299 1222//1222 1345//1345
f 1101//1101 1185//1185 1099//1099
f 1186//1186 1180//1180 1162//1162
f 1264//1264 1180//1180 1186//1186
f 1160//1160 1159//1159 1133//1133
f 1231//1231 1184//1184 1133//1133
f 1147//1147 1163//1163 1093//1093
f 983//983 1193//1193 1200//1200
f 1182//1182 1149//1149 1086//1086
f 1194//1194 1182//1182 1086//1086
f 1183//1183 12//12 1152//1152
f 1195//1195 1194//1194 1087//1087
f 1087//1087 1066//1066 1132//1132
f 1167//1167 1254//1254 1213//1213
f 1168//1168 1165//1165 11//11
f 1184//1184 1066//1066 1133//1133
f 986//986 1184//1184 1231//1231
f 1268//1268 1210//1210 1216//1216
f 1155//1155 1197//1197 1154//1154
f 1139//1139 1174//1174 1135//1135
f 1318//1318 267//267 1124//1124
f 1318//1318 1124//1124 1246//1246
f 1204//1204 1148//1148 1197//1197
f 14//14 18//18 1163//1163
f 1087//1087 1194//1194 1086//1086
f 1171//1171 1199//1199 1170//1170
f 1175//1175 1136//1136 1076//1076
f 1206//1206 1134//1134 1173//1173
f 1061//1061 1176//1176 1078//1078
f 1185//1185 1101//1101 1100//1100
f 1136//1136 1211//1211 1191//1191
f 1326//1326 1064//1064 1363//1363
f 1186//1186 1252//1252 1264//1264
f 824//824 1191//1191 1186//1186
f 1266//1266 1196//1196 1208//1208
f 1266//1266 1208//1208 1187//1187
f 1055//1055 198//198 1189//1189
f 1143//1143 1121//1121 1120//1120
f 1120//1120 1121//1121 1193//1193
f 1193//1193 1121//1121 1200//1200
f 1200//1200 1121//1121 1178//1178
f 1202//1202 984//984 1200//1200
f 1178//1178 1182//1182 1200//1200
f 1153//1153 1151//1151 1152//1152
f 1151//1151 1214//1214 1152//1152
f 1176//1176 1207//1207 1078//1078
f 1113//1113 1223//1223 1176//1176
f 1223//1223 1190//1190 1262//1262
f 1142//1142 1126//1126 1192//1192
f 1192//1192 1126//1126 1055//1055
f 1147//1147 14//14 1163//1163
f 1178//1178 1149//1149 1182//1182
f 1236//1236 1203//1203 1165//1165
f 1183//1183 1214//1214 1236//1236
f 1183//1183 1152//1152 1214//1214
f 1153//1153 1120//1120 1201//1201
f 1175//1175 1139//1139 1224//1224
f 1111//1111 1205//1205 1139//1139
f 1134//1134 1096//1096 1173//1173
f 1113//1113 1141//1141 1223//1223
f 1087//1087 1132//1132 1195//1195
f 14//14 1147//1147 1213//1213
f 1194//1194 1215//1215 1182//1182
f 1202//1202 1215//1215 1218//1218
f 1132//1132 1184//1184 986//986
f 1165//1165 1166//1166 11//11
f 1165//1165 1203//1203 1166//1166
f 1206//1206 1245//1245 1205//1205
f 1138//1138 1205//1205 1245//1245
f 1174//1174 1139//1139 1175//1175
f 1175//1175 1224//1224 1136//1136
f 1220//1220 1173//1173 1096//1096
f 1206//1206 1173//1173 1245//1245
f 1190//1190 1099//1099 1225//1225
f 1225//1225 1099//1099 1185//1185
f 1252//1252 1186//1186 1211//1211
f 1142//1142 1188//1188 1161//1161
f 1189//1189 1192//1192 1055//1055
f 1170//1170 1220//1220 1096//1096
f 1199//1199 1221//1221 1170//1170
f 1298//1298 1245//1245 1261//1261
f 1261//1261 1173//1173 1220//1220
f 1176//1176 1288//1288 1207//1207
f 1222//1222 1207//1207 1345//1345
f 1248//1248 1330//1330 1209//1209
f 1191//1191 1211//1211 1186//1186
f 1196//1196 1219//1219 1208//1208
f 1188//1188 1228//1228 200//200
f 200//200 1161//1161 1188//1188
f 1192//1192 1189//1189 1242//1242
f 1212//1212 1290//1290 1189//1189
f 1127//1127 1189//1189 198//198
f 1213//1213 15//15 14//14
f 1202//1202 1200//1200 1182//1182
f 1215//1215 1202//1202 1182//1182
f 1218//1218 1215//1215 1195//1195
f 1218//1218 1195//1195 1132//1132
f 986//986 1218//1218 1132//1132
f 1198//1198 1204//1204 1197//1197
f 1216//1216 1198//1198 64//64
f 1190//1190 1225//1225 1262//1262
f 1215//1215 1194//1194 1195//1195
f 1159//1159 1219//1219 1231//1231
f 1141//1141 1190//1190 1223//1223
f 1193//1193 1181//1181 1120//1120
f 142//142 141//141 1187//1187
f 1193//1193 983//983 1181//1181
f 1181//1181 983//983 1258//1258
f 1236//1236 1214//1214 1230//1230
f 985//985 1218//1218 986//986
f 10//10 1203//1203 1265//1265
f 1220//1220 1170//1170 1221//1221
f 1139//1139 1205//1205 1138//1138
f 1211//1211 1136//1136 1224//1224
f 1288//1288 1176//1176 1223//1223
f 1120//1120 1181//1181 1201//1201
f 1211//1211 1124//1124 1252//1252
f 1220//1220 1221//1221 1297//1297
f 1246//1246 1287//1287 1318//1318
f 1223//1223 1262//1262 1288//1288
f 1210//1210 1226//1226 1185//1185
f 1180//1180 1264//1264 1064//1064
f 1192//1192 1217//1217 1188//1188
f 1212//1212 1189//1189 1127//1127
f 1200//1200 984//984 983//983
f 1229//1229 1236//1236 1230//1230
f 1230//1230 1151//1151 1150//1150
f 985//985 1202//1202 1218//1218
f 10//10 1310//1310 1167//1167
f 1203//1203 10//10 1166//1166
f 1196//1196 1232//1232 1219//1219
f 1188//1188 1142//1142 1192//1192
f 1180//1180 1212//1212 1127//1127
f 1150//1150 1201//1201 1181//1181
f 1231//1231 985//985 986//986
f 984//984 1202//1202 985//985
f 984//984 985//985 1244//1244
f 1285//1285 1265//1265 1313//1313
f 1269//1269 1216//1216 64//64
f 1216//1216 1269//1269 1268//1268
f 1259//1259 1197//1197 1155//1155
f 1221//1221 1199//1199 1140//1140
f 1138//1138 1287//1287 1246//1246
f 1173//1173 1261//1261 1245//1245
f 1226//1226 1225//1225 1185//1185
f 1228//1228 1241//1241 1253//1253
f 1290//1290 1212//1212 1056//1056
f 1187//1187 140//140 1266//1266
f 1242//1242 1243//1243 1192//1192
f 1242//1242 1189//1189 1290//1290
f 1301//1301 1290//1290 1056//1056
f 1180//1180 1056//1056 1212//1212
f 1229//1229 1313//1313 1203//1203
f 1294//1294 1235//1235 1257//1257
f 1258//1258 1230//1230 1150//1150
f 1203//1203 1236//1236 1229//1229
f 65//65 1237//1237 1155//1155
f 4//4 1278//1278 7//7
f 6//6 404//404 1238//1238
f 5//5 1238//1238 1260//1260
f 1246//1246 1211//1211 1224//1224
f 1140//1140 1299//1299 1248//1248
f 1330//1330 1247//1247 1209//1209
f 1225//1225 1308//1308 1289//1289
f 1252//1252 1263//1263 1264//1264
f 1181//1181 1258//1258 1150//1150
f 1262//1262 1225//1225 1289//1289
f 1307//1307 1360//1360 1330//1330
f 1288//1288 1262//1262 1300//1300
f 1243//1243 1357//1357 1192//1192
f 1313//1313 1256//1256 1285//1285
f 1230//1230 1257//1257 1229//1229
f 1257//1257 1235//1235 1229//1229
f 985//985 1231//1231 1244//1244
f 64//64 1198//1198 1259//1259
f 1314//1314 64//64 1259//1259
f 4//4 7//7 404//404
f 1260//1260 1286//1286 405//405
f 1221//1221 1140//1140 1306//1306
f 1252//1252 1124//1124 260//260
f 983//983 1255//1255 1258//1258
f 1224//1224 1139//1139 1138//1138
f 1226//1226 1210//1210 1268//1268
f 1220//1220 1297//1297 1261//1261
f 1252//1252 1309//1309 1263//1263
f 1064//1064 1264//1264 252//252
f 1427//1427 1243//1243 1329//1329
f 1357//1357 1217//1217 1192//1192
f 1329//1329 1242//1242 1290//1290
f 1292//1292 8//8 9//9
f 1310//1310 1293//1293 1167//1167
f 1203//1203 1313//1313 1265//1265
f 10//10 1265//1265 1310//1310
f 1237//1237 1259//1259 1155//1155
f 1314//1314 1269//1269 64//64
f 1281//1281 1276//1276 6//6
f 404//404 6//6 1276//1276
f 1273//1273 1272//1272 1421//1421
f 5//5 1260//1260 405//405
f 1222//1222 1299//1299 1140//1140
f 1276//1276 1321//1321 1343//1343
f 1343//1343 1321//1321 1342//1342
f 1366//1366 1322//1322 1275//1275
f 1281//1281 5//5 405//405
f 1260//1260 1277//1277 1286//1286
f 1124//1124 267//267 265//265
f 1221//1221 1305//1305 1297//1297
f 1240//1240 1287//1287 1298//1298
f 1379//1379 1308//1308 1296//1296
f 1296//1296 1226//1226 1268//1268
f 1329//1329 1243//1243 1242//1242
f 1244//1244 1255//1255 984//984
f 1257//1257 138//138 1294//1294
f 1257//1257 1258//1258 138//138
f 1267//1267 1283//1283 1339//1339
f 1244//1244 1231//1231 1284//1284
f 1219//1219 1232//1232 1284//1284
f 1266//1266 1282//1282 1196//1196
f 1196//1196 1282//1282 1267//1267
f 1227//1227 1312//1312 1323//1323
f 1284//1284 1231//1231 1219//1219
f 1138//1138 1245//1245 1298//1298
f 983//983 984//984 1255//1255
f 1282//1282 1266//1266 140//140
f 9//9 1167//1167 1293//1293
f 1285//1285 1310//1310 1265//1265
f 1244//1244 138//138 1255//1255
f 1284//1284 138//138 1244//1244
f 1270//1270 1314//1314 1259//1259
f 1286//1286 1277//1277 1278//1278
f 1138//1138 1246//1246 1224//1224
f 1300//1300 1207//1207 1288//1288
f 260//260 1309//1309 1252//1252
f 4//4 404//404 1276//1276
f 138//138 1258//1258 1255//1255
f 1124//1124 265//265 260//260
f 1269//1269 1227//1227 1268//1268
f 1322//1322 1315//1315 1286//1286
f 1287//1287 1138//1138 1298//1298
f 1207//1207 1300//1300 1345//1345
f 1283//1283 1282//1282 140//140
f 140//140 139//139 1327//1327
f 1335//1335 1290//1290 1301//1301
f 138//138 1284//1284 1311//1311
f 1352//1352 1291//1291 1320//1320
f 1232//1232 1311//1311 1284//1284
f 1312//1312 1227//1227 1269//1269
f 1237//1237 1270//1270 1259//1259
f 1278//1278 1322//1322 1286//1286
f 1226//1226 1308//1308 1225//1225
f 1327//1327 1283//1283 140//140
f 1217//1217 1328//1328 1241//1241
f 138//138 1291//1291 1294//1294
f 1295//1295 1381//1381 1339//1339
f 1339//1339 1381//1381 1352//1352
f 1315//1315 1276//1276 1281//1281
f 1298//1298 1261//1261 1297//1297
f 1283//1283 1267//1267 1282//1282
f 405//405 1286//1286 1315//1315
f 1289//1289 1300//1300 1262//1262
f 1229//1229 1235//1235 1313//1313
f 1281//1281 405//405 1315//1315
f 1305//1305 1324//1324 1297//1297
f 1304//1304 1305//1305 1221//1221
f 1304//1304 1221//1221 1306//1306
f 1300//1300 1289//1289 1346//1346
f 1443//1443 1331//1331 1251//1251
f 1328//1328 1217//1217 1357//1357
f 1235//1235 1294//1294 1353//1353
f 1320//1320 1232//1232 1267//1267
f 1308//1308 1226//1226 1296//1296
f 1232//1232 1196//1196 1267//1267
f 1253//1253 1241//1241 1356//1356
f 1328//1328 1356//1356 1241//1241
f 101//101 8//8 1292//1292
f 1311//1311 1232//1232 1320//1320
f 1312//1312 1332//1332 1323//1323
f 4//4 1343//1343 1278//1278
f 1343//1343 4//4 1276//1276
f 1297//1297 1324//1324 1298//1298
f 1179//1179 1344//1344 1316//1316
f 1300//1300 1361//1361 1345//1345
f 1319//1319 1289//1289 1308//1308
f 1346//1346 1249//1249 303//303
f 1268//1268 1227//1227 1296//1296
f 1285//1285 1293//1293 1310//1310
f 1293//1293 1292//1292 9//9
f 1517//1517 1454//1454 1455//1455
f 1376//1376 1467//1467 1456//1456
f 1240//1240 1368//1368 1318//1318
f 1307//1307 1330//1330 1248//1248
f 1319//1319 1346//1346 1289//1289
f 1251//1251 1308//1308 1379//1379
f 1325//1325 1309//1309 254//254
f 1325//1325 1263//1263 1309//1309
f 252//252 1264//1264 1263//1263
f 1327//1327 137//137 1283//1283
f 1293//1293 1256//1256 1338//1338
f 1256//1256 1313//1313 1234//1234
f 1256//1256 1234//1234 1338//1338
f 1291//1291 1352//1352 1294//1294
f 1311//1311 1291//1291 138//138
f 1320//1320 1267//1267 1339//1339
f 1323//1323 1296//1296 1227//1227
f 1270//1270 1312//1312 1314//1314
f 1302//1302 1303//1303 1315//1315
f 1303//1303 1276//1276 1315//1315
f 1302//1302 1315//1315 1322//1322
f 1248//1248 1179//1179 1306//1306
f 1293//1293 1285//1285 1256//1256
f 1234//1234 1353//1353 1461//1461
f 1364//1364 1332//1332 1312//1312
f 1275//1275 1322//1322 1278//1278
f 1343//1343 1275//1275 1278//1278
f 1276//1276 1303//1303 1321//1321
f 1324//1324 1305//1305 1376//1376
f 1298//1298 1324//1324 1240//1240
f 1209//1209 1344//1344 1179//1179
f 1330//1330 1371//1371 1247//1247
f 1308//1308 1251//1251 1319//1319
f 1348//1348 1325//1325 244//244
f 244//244 1325//1325 248//248
f 1460//1460 1337//1337 1328//1328
f 1357//1357 1460//1460 1328//1328
f 1335//1335 1372//1372 256//256
f 1234//1234 1313//1313 1235//1235
f 1235//1235 1353//1353 1234//1234
f 1352//1352 1373//1373 1353//1353
f 1352//1352 1353//1353 1294//1294
f 1320//1320 1291//1291 1311//1311
f 1304//1304 1376//1376 1305//1305
f 1263//1263 1325//1325 252//252
f 1312//1312 1269//1269 1314//1314
f 1299//1299 1307//1307 1248//1248
f 1388//1388 1460//1460 1357//1357
f 1290//1290 1335//1335 1329//1329
f 1329//1329 1335//1335 1350//1350
f 1292//1292 1401//1401 1399//1399
f 1296//1296 1323//1323 1334//1334
f 1280//1280 1321//1321 1303//1303
f 1247//1247 1344//1344 1209//1209
f 1304//1304 1306//1306 1375//1375
f 1332//1332 1477//1477 1430//1430
f 1372//1372 1335//1335 1326//1326
f 1326//1326 1335//1335 1301//1301
f 1380//1380 1350//1350 256//256
f 242//242 273//273 278//278
f 1427//1427 1357//1357 1243//1243
f 1326//1326 1336//1336 1372//1372
f 1339//1339 1352//1352 1320//1320
f 66//66 1412//1412 1237//1237
f 1472//1472 1579//1579 1553//1553
f 1553//1553 1500//1500 1390//1390
f 1342//1342 1358//1358 1343//1343
f 1274//1274 1302//1302 1322//1322
f 1303//1303 1302//1302 1280//1280
f 1665//1665 245//245 1354//1354
f 1359//1359 278//278 272//272
f 272//272 278//278 273//273
f 1317//1317 1376//1376 1375//1375
f 1179//1179 1375//1375 1306//1306
f 1299//1299 1377//1377 1307//1307
f 1360//1360 1307//1307 1377//1377
f 406//406 1377//1377 1345//1345
f 1249//1249 1331//1331 303//303
f 303//303 1331//1331 1378//1378
f 1251//1251 1365//1365 1443//1443
f 1296//1296 1334//1334 1379//1379
f 1363//1363 250//250 1326//1326
f 1319//1319 1249//1249 1346//1346
f 1359//1359 244//244 278//278
f 1444//1444 247//247 1347//1347
f 1325//1325 1348//1348 252//252
f 202//202 1356//1356 203//203
f 1350//1350 1335//1335 256//256
f 1233//1233 1351//1351 1402//1402
f 1338//1338 1292//1292 1293//1293
f 1233//1233 1338//1338 1234//1234
f 1280//1280 1342//1342 1321//1321
f 1541//1541 1354//1354 1519//1519
f 1369//1369 1541//1541 1519//1519
f 1359//1359 272//272 1368//1368
f 1387//1387 1247//1247 1393//1393
f 1394//1394 1393//1393 1370//1370
f 1370//1370 1355//1355 1371//1371
f 1304//1304 1375//1375 1376//1376
f 1345//1345 1377//1377 1299//1299
f 1394//1394 407//407 406//406
f 1300//1300 1346//1346 1361//1361
f 1361//1361 1346//1346 1362//1362
f 1249//1249 1319//1319 1251//1251
f 1379//1379 1365//1365 1251//1251
f 1334//1334 1323//1323 1385//1385
f 272//272 270//270 1368//1368
f 1334//1334 1374//1374 1379//1379
f 1827//1827 1617//1617 1395//1395
f 1372//1372 1431//1431 256//256
f 256//256 1431//1431 1380//1380
f 1350//1350 1380//1380 1606//1606
f 1372//1372 1336//1336 247//247
f 1326//1326 250//250 1336//1336
f 1328//1328 1337//1337 1356//1356
f 100//100 101//101 1399//1399
f 1274//1274 1322//1322 1366//1366
f 1368//1368 1369//1369 1359//1359
f 1370//1370 1371//1371 1360//1360
f 1377//1377 407//407 1360//1360
f 1371//1371 1355//1355 1247//1247
f 1359//1359 1473//1473 1348//1348
f 1359//1359 1348//1348 244//244
f 101//101 1292//1292 1399//1399
f 1381//1381 1373//1373 1352//1352
f 1312//1312 1270//1270 1364//1364
f 1274//1274 1366//1366 1383//1383
f 1414//1414 1273//1273 1413//1413
f 1275//1275 1343//1343 1358//1358
f 1302//1302 1279//1279 1280//1280
f 1369//1369 1473//1473 1359//1359
f 1240//1240 1324//1324 1239//1239
f 1338//1338 1401//1401 1292//1292
f 66//66 1420//1420 1412//1412
f 1427//1427 1388//1388 1357//1357
f 1332//1332 1385//1385 1323//1323
f 1412//1412 1364//1364 1237//1237
f 1364//1364 1270//1270 1237//1237
f 1279//1279 1302//1302 1274//1274
f 1274//1274 1383//1383 1414//1414
f 1341//1341 1340//1340 1358//1358
f 1279//1279 1341//1341 1280//1280
f 1280//1280 1341//1341 1342//1342
f 1324//1324 1376//1376 1456//1456
f 1368//1368 1240//1240 1239//1239
f 1541//1541 1239//1239 1456//1456
f 1316//1316 1375//1375 1179//1179
f 1316//1316 1344//1344 1387//1387
f 1247//1247 1355//1355 1393//1393
f 1362//1362 1346//1346 303//303
f 1372//1372 247//247 1426//1426
f 252//252 246//246 1363//1363
f 1392//1392 1382//1382 1384//1384
f 1382//1382 1271//1271 1383//1383
f 1462//1462 1565//1565 1477//1477
f 1420//1420 67//67 1412//1412
f 1374//1374 1469//1469 1379//1379
f 1275//1275 1358//1358 1384//1384
f 1366//1366 1275//1275 1384//1384
f 1383//1383 1366//1366 1382//1382
f 1341//1341 1358//1358 1342//1342
f 1369//1369 1368//1368 1239//1239
f 1239//1239 1324//1324 1456//1456
f 1370//1370 1360//1360 407//407
f 406//406 1361//1361 1406//1406
f 1406//1406 1361//1361 1362//1362
f 301//301 1406//1406 302//302
f 1406//1406 1362//1362 302//302
f 1443//1443 1378//1378 1331//1331
f 1469//1469 1365//1365 1379//1379
f 1348//1348 1408//1408 252//252
f 1524//1524 1474//1474 1426//1426
f 1345//1345 1361//1361 406//406
f 1251//1251 1331//1331 1249//1249
f 1387//1387 1344//1344 1247//1247
f 1412//1412 1477//1477 1364//1364
f 1414//1414 1383//1383 1273//1273
f 1273//1273 1383//1383 1272//1272
f 1272//1272 1383//1383 1271//1271
f 1428//1428 1434//1434 1391//1391
f 1392//1392 1422//1422 1391//1391
f 1392//1392 1391//1391 1434//1434
f 1340//1340 1367//1367 1358//1358
f 1366//1366 1384//1384 1382//1382
f 1370//1370 1393//1393 1355//1355
f 1394//1394 1370//1370 407//407
f 406//406 407//407 1377//1377
f 301//301 299//299 1406//1406
f 1365//1365 1250//1250 1443//1443
f 1397//1397 1525//1525 1398//1398
f 1350//1350 1606//1606 1427//1427
f 1339//1339 1349//1349 1295//1295
f 1356//1356 1337//1337 203//203
f 1401//1401 1402//1402 1503//1503
f 1400//1400 1402//1402 1432//1432
f 1402//1402 1351//1351 1432//1432
f 1401//1401 1338//1338 1402//1402
f 102//102 1530//1530 1461//1461
f 1461//1461 1530//1530 1351//1351
f 1530//1530 1432//1432 1351//1351
f 1233//1233 1234//1234 1461//1461
f 301//301 302//302 311//311
f 246//246 250//250 1363//1363
f 1402//1402 1338//1338 1233//1233
f 1389//1389 1279//1279 1274//1274
f 252//252 1408//1408 246//246
f 1624//1624 1404//1404 1502//1502
f 1393//1393 1405//1405 1387//1387
f 1317//1317 1375//1375 1403//1403
f 1467//1467 1376//1376 1317//1317
f 250//250 1347//1347 1336//1336
f 1347//1347 247//247 1336//1336
f 1407//1407 246//246 1408//1408
f 1458//1458 1349//1349 137//137
f 1621//1621 1559//1559 1587//1587
f 1570//1570 1534//1534 1410//1410
f 1446//1446 1417//1417 1411//1411
f 1279//1279 1389//1389 1341//1341
f 1414//1414 1389//1389 1274//1274
f 1421//1421 1435//1435 1273//1273
f 1273//1273 1435//1435 1424//1424
f 1472//1472 1508//1508 1340//1340
f 1389//1389 1340//1340 1341//1341
f 1382//1382 1392//1392 1434//1434
f 1353//1353 1373//1373 1461//1461
f 1399//1399 1401//1401 99//99
f 1608//1608 1400//1400 1432//1432
f 1419//1419 1471//1471 1418//1418
f 1419//1419 1334//1334 1385//1385
f 1387//1387 1405//1405 1316//1316
f 1393//1393 1394//1394 1405//1405
f 246//246 1347//1347 250//250
f 1475//1475 1347//1347 246//246
f 1458//1458 1295//1295 1349//1349
f 1334//1334 1419//1419 1374//1374
f 302//302 318//318 316//316
f 1422//1422 1423//1423 1390//1390
f 1392//1392 1384//1384 1423//1423
f 1423//1423 1384//1384 1367//1367
f 1423//1423 1422//1422 1392//1392
f 1424//1424 1413//1413 1273//1273
f 1404//1404 1403//1403 1375//1375
f 1317//1317 1455//1455 1467//1467
f 406//406 1406//1406 1442//1442
f 295//295 1442//1442 299//299
f 299//299 301//301 300//300
f 303//303 318//318 1362//1362
f 1388//1388 1427//1427 1606//1606
f 1468//1468 1426//1426 247//247
f 1439//1439 246//246 1407//1407
f 1441//1441 137//137 157//157
f 1512//1512 1527//1527 1337//1337
f 1486//1486 1434//1434 1428//1428
f 1422//1422 1428//1428 1391//1391
f 1418//1418 1374//1374 1419//1419
f 1569//1569 1695//1695 1639//1639
f 1619//1619 1429//1429 1652//1652
f 1652//1652 1506//1506 1505//1505
f 1477//1477 1533//1533 1430//1430
f 1455//1455 1317//1317 1403//1403
f 1418//1418 1469//1469 1374//1374
f 1434//1434 1271//1271 1382//1382
f 1351//1351 1233//1233 1461//1461
f 1411//1411 1421//1421 1272//1272
f 1490//1490 1499//1499 1469//1469
f 1272//1272 1271//1271 1446//1446
f 1272//1272 1446//1446 1411//1411
f 1496//1496 1446//1446 1486//1486
f 1434//1434 1486//1486 1271//1271
f 1385//1385 1333//1333 1419//1419
f 1332//1332 1333//1333 1385//1385
f 1358//1358 1367//1367 1384//1384
f 1340//1340 1413//1413 1424//1424
f 1394//1394 1404//1404 1405//1405
f 1442//1442 1406//1406 299//299
f 1522//1522 1437//1437 1396//1396
f 1522//1522 1650//1650 1521//1521
f 1593//1593 1581//1581 1915//1915
f 1407//1407 1617//1617 1439//1439
f 1444//1444 1398//1398 1440//1440
f 1445//1445 1525//1525 1438//1438
f 1437//1437 1438//1438 1543//1543
f 1512//1512 1337//1337 1460//1460
f 1389//1389 1414//1414 1413//1413
f 1400//1400 1503//1503 1402//1402
f 1348//1348 1473//1473 1408//1408
f 1436//1436 1468//1468 1438//1438
f 1438//1438 1468//1468 1457//1457
f 1445//1445 1438//1438 1457//1457
f 1457//1457 247//247 1444//1444
f 1457//1457 1444//1444 1445//1445
f 1444//1444 1440//1440 1445//1445
f 1347//1347 1475//1475 1398//1398
f 1458//1458 1459//1459 1295//1295
f 1527//1527 203//203 1337//1337
f 1388//1388 1512//1512 1460//1460
f 100//100 1399//1399 99//99
f 1471//1471 1433//1433 1418//1418
f 1504//1504 1498//1498 1476//1476
f 1428//1428 1478//1478 1476//1476
f 1271//1271 1486//1486 1446//1446
f 408//408 1447//1447 1453//1453
f 408//408 1453//1453 1449//1449
f 1472//1472 1448//1448 1452//1452
f 1449//1449 1//1 1451//1451
f 1463//1463 1451//1451 1448//1448
f 1469//1469 1499//1499 1365//1365
f 1340//1340 1389//1389 1413//1413
f 1424//1424 1472//1472 1340//1340
f 1424//1424 1448//1448 1472//1472
f 1895//1895 1809//1809 1896//1896
f 1541//1541 1369//1369 1239//1239
f 1375//1375 1316//1316 1404//1404
f 1316//1316 1405//1405 1404//1404
f 1624//1624 1517//1517 1403//1403
f 299//299 300//300 297//297
f 1583//1583 1373//1373 1381//1381
f 1364//1364 1477//1477 1332//1332
f 1444//1444 1347//1347 1398//1398
f 1500//1500 1509//1509 1490//1490
f 1478//1478 1428//1428 1450//1450
f 1451//1451 1//1 1452//1452
f 1707//1707 1454//1454 1517//1517
f 1425//1425 1394//1394 406//406
f 1426//1426 1474//1474 1431//1431
f 102//102 1461//1461 1373//1373
f 1373//1373 1583//1583 1598//1598
f 1381//1381 1295//1295 1583//1583
f 1598//1598 102//102 1373//1373
f 1490//1490 1418//1418 1470//1470
f 1419//1419 1333//1333 1471//1471
f 1477//1477 1412//1412 67//67
f 67//67 1462//1462 1477//1477
f 1421//1421 1464//1464 1465//1465
f 1495//1495 1417//1417 1514//1514
f 1421//1421 1465//1465 1435//1435
f 1448//1448 1451//1451 1452//1452
f 1425//1425 1404//1404 1394//1394
f 99//99 1416//1416 98//98
f 1464//1464 1421//1421 1411//1411
f 1369//1369 1519//1519 1473//1473
f 1425//1425 1502//1502 1404//1404
f 1425//1425 406//406 1442//1442
f 295//295 291//291 1442//1442
f 333//333 303//303 1378//1378
f 1575//1575 333//333 1378//1378
f 329//329 318//318 333//333
f 333//333 318//318 303//303
f 1457//1457 1468//1468 247//247
f 1525//1525 1445//1445 1440//1440
f 1401//1401 1503//1503 1529//1529
f 1469//1469 1418//1418 1490//1490
f 1430//1430 1333//1333 1332//1332
f 1508//1508 1367//1367 1340//1340
f 1452//1452 1572//1572 1472//1472
f 1422//1422 1450//1450 1428//1428
f 1423//1423 1367//1367 1390//1390
f 1470//1470 1476//1476 1478//1478
f 1403//1403 1517//1517 1455//1455
f 1618//1618 1431//1431 1474//1474
f 1650//1650 1396//1396 1439//1439
f 99//99 1401//1401 1529//1529
f 1411//1411 1417//1417 1464//1464
f 1471//1471 1507//1507 1433//1433
f 1476//1476 1498//1498 1486//1486
f 1424//1424 1435//1435 1448//1448
f 1465//1465 1448//1448 1435//1435
f 1490//1490 1470//1470 1478//1478
f 1479//1479 1515//1515 1605//1605
f 1501//1501 1481//1481 1491//1491
f 1466//1466 1492//1492 1//1
f 1441//1441 1458//1458 137//137
f 1418//1418 1433//1433 1470//1470
f 1365//1365 1499//1499 1250//1250
f 1380//1380 1431//1431 1618//1618
f 1437//1437 1543//1543 1396//1396
f 1494//1494 1396//1396 1543//1543
f 1556//1556 1400//1400 1482//1482
f 1485//1485 1484//1484 1602//1602
f 1485//1485 1602//1602 1570//1570
f 1484//1484 1485//1485 1488//1488
f 1496//1496 1417//1417 1446//1446
f 1483//1483 1417//1417 1496//1496
f 1486//1486 1498//1498 1496//1496
f 1493//1493 1453//1453 1447//1447
f 408//408 1451//1451 1534//1534
f 1450//1450 1422//1422 1390//1390
f 1478//1478 1450//1450 1500//1500
f 1452//1452 1480//1480 1572//1572
f 1501//1501 1480//1480 1//1
f 1//1 1480//1480 1452//1452
f 1491//1491 2//2 1572//1572
f 1501//1501 1491//1491 1572//1572
f 1510//1510 1562//1562 3//3
f 1492//1492 1466//1466 1493//1493
f 1624//1624 1403//1403 1404//1404
f 330//330 329//329 333//333
f 1378//1378 1443//1443 1250//1250
f 1428//1428 1476//1476 1486//1486
f 1478//1478 1500//1500 1490//1490
f 1501//1501 1//1 1492//1492
f 1525//1525 1440//1440 1398//1398
f 1398//1398 1475//1475 1397//1397
f 1672//1672 1459//1459 1458//1458
f 1513//1513 1416//1416 99//99
f 1410//1410 1464//1464 1417//1417
f 1647//1647 1538//1538 1545//1545
f 1483//1483 1514//1514 1417//1417
f 1470//1470 1433//1433 1504//1504
f 1470//1470 1504//1504 1476//1476
f 1471//1471 1333//1333 1532//1532
f 1430//1430 1532//1532 1333//1333
f 68//68 1462//1462 67//67
f 1410//1410 1465//1465 1464//1464
f 1463//1463 1448//1448 1465//1465
f 1500//1500 1450//1450 1390//1390
f 1480//1480 1501//1501 1572//1572
f 1481//1481 1501//1501 1492//1492
f 1425//1425 1442//1442 1502//1502
f 281//281 1502//1502 1442//1442
f 1250//1250 1575//1575 1378//1378
f 1575//1575 1250//1250 280//280
f 280//280 1250//1250 319//319
f 1474//1474 1564//1564 1618//1618
f 1543//1543 1438//1438 1525//1525
f 1526//1526 1576//1576 1441//1441
f 1576//1576 1458//1458 1441//1441
f 1416//1416 1513//1513 1630//1630
f 1416//1416 1630//1630 97//97
f 1400//1400 1556//1556 1557//1557
f 1557//1557 1503//1503 1400//1400
f 1675//1675 1652//1652 1505//1505
f 1533//1533 1477//1477 1386//1386
f 1386//1386 1558//1558 1533//1533
f 1386//1386 1477//1477 1565//1565
f 408//408 1539//1539 1447//1447
f 1540//1540 1578//1578 319//319
f 1390//1390 1367//1367 1508//1508
f 1492//1492 3//3 1481//1481
f 1511//1511 1456//1456 1467//1467
f 1530//1530 1608//1608 1432//1432
f 1473//1473 1519//1519 1395//1395
f 1617//1617 1407//1407 1408//1408
f 1564//1564 1474//1474 1524//1524
f 1436//1436 1438//1438 1437//1437
f 1475//1475 1439//1439 1494//1494
f 246//246 1439//1439 1475//1475
f 1607//1607 1530//1530 102//102
f 1583//1583 1631//1631 1598//1598
f 1671//1671 1583//1583 1459//1459
f 1613//1613 1599//1599 1633//1633
f 1544//1544 1496//1496 1498//1498
f 1471//1471 1532//1532 1507//1507
f 1463//1463 1465//1465 1410//1410
f 1553//1553 1509//1509 1500//1500
f 1508//1508 1553//1553 1390//1390
f 284//284 279//279 291//291
f 295//295 284//284 291//291
f 1542//1542 1752//1752 1582//1582
f 1691//1691 1537//1537 1554//1554
f 1523//1523 1522//1522 1524//1524
f 1426//1426 1468//1468 1524//1524
f 1528//1528 1527//1527 1512//1512
f 1528//1528 1629//1629 1527//1527
f 1669//1669 1512//1512 1388//1388
f 1529//1529 1513//1513 99//99
f 1557//1557 1415//1415 1529//1529
f 1557//1557 1529//1529 1503//1503
f 1531//1531 1743//1743 1802//1802
f 1483//1483 1487//1487 1514//1514
f 1487//1487 1483//1483 1544//1544
f 1544//1544 1599//1599 1487//1487
f 1504//1504 1433//1433 1507//1507
f 1600//1600 1515//1515 1566//1566
f 1493//1493 1447//1447 1510//1510
f 1495//1495 1410//1410 1417//1417
f 1535//1535 1545//1545 1510//1510
f 1463//1463 1410//1410 1534//1534
f 1578//1578 1540//1540 1560//1560
f 1490//1490 1509//1509 1540//1540
f 1493//1493 3//3 1492//1492
f 1562//1562 1510//1510 1545//1545
f 1497//1497 1498//1498 1504//1504
f 1540//1540 1499//1499 1490//1490
f 1496//1496 1544//1544 1483//1483
f 1395//1395 1408//1408 1473//1473
f 1564//1564 1524//1524 1522//1522
f 1468//1468 1436//1436 1523//1523
f 1543//1543 1525//1525 1397//1397
f 1397//1397 1475//1475 1494//1494
f 1691//1691 1582//1582 1537//1537
f 1482//1482 1400//1400 1608//1608
f 1459//1459 1583//1583 1295//1295
f 1459//1459 1672//1672 1671//1671
f 1514//1514 1487//1487 1485//1485
f 1485//1485 1495//1495 1514//1514
f 1489//1489 1506//1506 1429//1429
f 1565//1565 1462//1462 1586//1586
f 1462//1462 68//68 1586//1586
f 1515//1515 1538//1538 1566//1566
f 1538//1538 1515//1515 1545//1545
f 1547//1547 1566//1566 1538//1538
f 1410//1410 1485//1485 1570//1570
f 1535//1535 1447//1447 1539//1539
f 1447//1447 1535//1535 1510//1510
f 1539//1539 408//408 1534//1534
f 1553//1553 1508//1508 1472//1472
f 1561//1561 1560//1560 1553//1553
f 3//3 1493//1493 1510//1510
f 1511//1511 1541//1541 1456//1456
f 1455//1455 1454//1454 1467//1467
f 281//281 1626//1626 1502//1502
f 337//337 1536//1536 279//279
f 291//291 1536//1536 1563//1563
f 1551//1551 1550//1550 280//280
f 1468//1468 1523//1523 1524//1524
f 1617//1617 1581//1581 1650//1650
f 1576//1576 1526//1526 1636//1636
f 1610//1610 1672//1672 1458//1458
f 1537//1537 1564//1564 1554//1554
f 1708//1708 1630//1630 1513//1513
f 1599//1599 1489//1489 1429//1429
f 1507//1507 1430//1430 1533//1533
f 1759//1759 1726//1726 1698//1698
f 1658//1658 1552//1552 1601//1601
f 1535//1535 1635//1635 1545//1545
f 1495//1495 1485//1485 1410//1410
f 1509//1509 1560//1560 1540//1540
f 1995//1995 1993//1993 1690//1690
f 1622//1622 1578//1578 1560//1560
f 1573//1573 1571//1571 1622//1622
f 1560//1560 1509//1509 1553//1553
f 1481//1481 1516//1516 1491//1491
f 1454//1454 1511//1511 1467//1467
f 1498//1498 1497//1497 1544//1544
f 1430//1430 1507//1507 1532//1532
f 1536//1536 291//291 279//279
f 1519//1519 1591//1591 1395//1395
f 1395//1395 1617//1617 1408//1408
f 1494//1494 1543//1543 1397//1397
f 1576//1576 1610//1610 1458//1458
f 1669//1669 1528//1528 1512//1512
f 1537//1537 1618//1618 1564//1564
f 1606//1606 1669//1669 1388//1388
f 1513//1513 1529//1529 1415//1415
f 1485//1485 1487//1487 1488//1488
f 1544//1544 1489//1489 1599//1599
f 1544//1544 1497//1497 1489//1489
f 1507//1507 1506//1506 1504//1504
f 1506//1506 1489//1489 1504//1504
f 1687//1687 1507//1507 1533//1533
f 1559//1559 1600//1600 1567//1567
f 1547//1547 1409//1409 1567//1567
f 1479//1479 1615//1615 3//3
f 1354//1354 1591//1591 1519//1519
f 1530//1530 1607//1607 1608//1608
f 1545//1545 1515//1515 1562//1562
f 1547//1547 1567//1567 1566//1566
f 1489//1489 1497//1497 1504//1504
f 1494//1494 1439//1439 1396//1396
f 1627//1627 1526//1526 166//166
f 1606//1606 1380//1380 1618//1618
f 1638//1638 97//97 1630//1630
f 1610//1610 1584//1584 1672//1672
f 1488//1488 1487//1487 1599//1599
f 1613//1613 1488//1488 1599//1599
f 1586//1586 1641//1641 1565//1565
f 1565//1565 1641//1641 1386//1386
f 1409//1409 1587//1587 1567//1567
f 1734//1734 1813//1813 1770//1770
f 1551//1551 319//319 1578//1578
f 1623//1623 1571//1571 1664//1664
f 1649//1649 1664//1664 1571//1571
f 1572//1572 1579//1579 1472//1472
f 1579//1579 1572//1572 2//2
f 1491//1491 1516//1516 2//2
f 1516//1516 3//3 1615//1615
f 1516//1516 1615//1615 1614//1614
f 3//3 1562//1562 1479//1479
f 1515//1515 1479//1479 1562//1562
f 281//281 291//291 1590//1590
f 291//291 1563//1563 1590//1590
f 1536//1536 1575//1575 1563//1563
f 1436//1436 1437//1437 1523//1523
f 1576//1576 1594//1594 1610//1610
f 1415//1415 1708//1708 1513//1513
f 1630//1630 1670//1670 1638//1638
f 1577//1577 94//94 1638//1638
f 1613//1613 1484//1484 1488//1488
f 1587//1587 1559//1559 1567//1567
f 1539//1539 1534//1534 1570//1570
f 1589//1589 1649//1649 1603//1603
f 1603//1603 1649//1649 1571//1571
f 1573//1573 1622//1622 1561//1561
f 1579//1579 1573//1573 1561//1561
f 1561//1561 1553//1553 1579//1579
f 1516//1516 1614//1614 1603//1603
f 1647//1647 1547//1547 1538//1538
f 1600//1600 1566//1566 1567//1567
f 1502//1502 1616//1616 1624//1624
f 1590//1590 1626//1626 281//281
f 1518//1518 1728//1728 1580//1580
f 1798//1798 1625//1625 1580//1580
f 1563//1563 280//280 1550//1550
f 1564//1564 1522//1522 1554//1554
f 1637//1637 1606//1606 1618//1618
f 1753//1753 1582//1582 1752//1752
f 1607//1607 102//102 1694//1694
f 1558//1558 1653//1653 1687//1687
f 1647//1647 1635//1635 1648//1648
f 1647//1647 1648//1648 1646//1646
f 1535//1535 1602//1602 1635//1635
f 1535//1535 1539//1539 1602//1602
f 1571//1571 1551//1551 1578//1578
f 1571//1571 1578//1578 1622//1622
f 1622//1622 1560//1560 1561//1561
f 1541//1541 1665//1665 1354//1354
f 1635//1635 1647//1647 1545//1545
f 1636//1636 1526//1526 1627//1627
f 1511//1511 1665//1665 1541//1541
f 1594//1594 1576//1576 1636//1636
f 177//177 1667//1667 1595//1595
f 92//92 1819//1819 1806//1806
f 1638//1638 1597//1597 1577//1577
f 102//102 1598//1598 1694//1694
f 1429//1429 1619//1619 1599//1599
f 1600//1600 1605//1605 1515//1515
f 1559//1559 1601//1601 1600//1600
f 1552//1552 1643//1643 1546//1546
f 1621//1621 1656//1656 1658//1658
f 1621//1621 1658//1658 1601//1601
f 1602//1602 1539//1539 1570//1570
f 1551//1551 280//280 319//319
f 1573//1573 2//2 1516//1516
f 1573//1573 1516//1516 1603//1603
f 1573//1573 1579//1579 2//2
f 1755//1755 1557//1557 1556//1556
f 1624//1624 1625//1625 1707//1707
f 1707//1707 1706//1706 1735//1735
f 1549//1549 1689//1689 1550//1550
f 1482//1482 1531//1531 1556//1556
f 1708//1708 1415//1415 1557//1557
f 1557//1557 1755//1755 1609//1609
f 96//96 1638//1638 94//94
f 1583//1583 1671//1671 1631//1631
f 1709//1709 1584//1584 1610//1610
f 1612//1612 1602//1602 1484//1484
f 1599//1599 1619//1619 1633//1633
f 1506//1506 1507//1507 1687//1687
f 1605//1605 1600//1600 1604//1604
f 1604//1604 1600//1600 1601//1601
f 1587//1587 1645//1645 1620//1620
f 1681//1681 1680//1680 1661//1661
f 1588//1588 1645//1645 1663//1663
f 1551//1551 1571//1571 1623//1623
f 178//178 1595//1595 1666//1666
f 1598//1598 1631//1631 1674//1674
f 1594//1594 1632//1632 1610//1610
f 1625//1625 1624//1624 1616//1616
f 1911//1911 1913//1913 1555//1555
f 1523//1523 1437//1437 1522//1522
f 1396//1396 1650//1650 1522//1522
f 1595//1595 1667//1667 1666//1666
f 1666//1666 1627//1627 178//178
f 1606//1606 1637//1637 1669//1669
f 1608//1608 1723//1723 1757//1757
f 1723//1723 1608//1608 1607//1607
f 1805//1805 1694//1694 1598//1598
f 1709//1709 1632//1632 1779//1779
f 1484//1484 1613//1613 1716//1716
f 1687//1687 1505//1505 1506//1506
f 1533//1533 1558//1558 1687//1687
f 1641//1641 1558//1558 1386//1386
f 1605//1605 1604//1604 1615//1615
f 1589//1589 1603//1603 1614//1614
f 1559//1559 1621//1621 1601//1601
f 1621//1621 1587//1587 1620//1620
f 1409//1409 1663//1663 1587//1587
f 1663//1663 1682//1682 1588//1588
f 1647//1647 1682//1682 1547//1547
f 1604//1604 1589//1589 1615//1615
f 1517//1517 1624//1624 1707//1707
f 1614//1614 1615//1615 1589//1589
f 1610//1610 1632//1632 1709//1709
f 1506//1506 1652//1652 1429//1429
f 1518//1518 1580//1580 1626//1626
f 1518//1518 1626//1626 1590//1590
f 1556//1556 1531//1531 1755//1755
f 1651//1651 1613//1613 1633//1633
f 1641//1641 1653//1653 1558//1558
f 1711//1711 1640//1640 1758//1758
f 1634//1634 1653//1653 1641//1641
f 1641//1641 1586//1586 1677//1677
f 1604//1604 1552//1552 1649//1649
f 1645//1645 1587//1587 1663//1663
f 1547//1547 1682//1682 1409//1409
f 1612//1612 1484//1484 1716//1716
f 1648//1648 1635//1635 1602//1602
f 1482//1482 1743//1743 1531//1531
f 1607//1607 1694//1694 1723//1723
f 1626//1626 1580//1580 1616//1616
f 1798//1798 1580//1580 1854//1854
f 1591//1591 1827//1827 1395//1395
f 208//208 1628//1628 1668//1668
f 1537//1537 1582//1582 1618//1618
f 1805//1805 1598//1598 1674//1674
f 1639//1639 1633//1633 1619//1619
f 1585//1585 1505//1505 1687//1687
f 1505//1505 1585//1585 1675//1675
f 1758//1758 1640//1640 1634//1634
f 1649//1649 1589//1589 1604//1604
f 1656//1656 1621//1621 1620//1620
f 1604//1604 1601//1601 1552//1552
f 1713//1713 1698//1698 1657//1657
f 1642//1642 1657//1657 1660//1660
f 1698//1698 1643//1643 1657//1657
f 1620//1620 1644//1644 1660//1660
f 1644//1644 1620//1620 1645//1645
f 1703//1703 1725//1725 1760//1760
f 1647//1647 1646//1646 1682//1682
f 1602//1602 1612//1612 1648//1648
f 1552//1552 1664//1664 1649//1649
f 1735//1735 1511//1511 1454//1454
f 1482//1482 1608//1608 1790//1790
f 1707//1707 1735//1735 1454//1454
f 1590//1590 1563//1563 1518//1518
f 1689//1689 1563//1563 1550//1550
f 1650//1650 1439//1439 1617//1617
f 1632//1632 1594//1594 1636//1636
f 1651//1651 1716//1716 1613//1613
f 1675//1675 1639//1639 1652//1652
f 1639//1639 1619//1619 1652//1652
f 1697//1697 1758//1758 1729//1729
f 1643//1643 1658//1658 1656//1656
f 1552//1552 1658//1658 1643//1643
f 1702//1702 1679//1679 1678//1678
f 1659//1659 1770//1770 1769//1769
f 1894//1894 1875//1875 1921//1921
f 1688//1688 1661//1661 1714//1714
f 1644//1644 1645//1645 1679//1679
f 1679//1679 1645//1645 1662//1662
f 1714//1714 1661//1661 1680//1680
f 1645//1645 1588//1588 1662//1662
f 1682//1682 1663//1663 1409//1409
f 1603//1603 1571//1571 1573//1573
f 1637//1637 1789//1789 1669//1669
f 1667//1667 1788//1788 1666//1666
f 1800//1800 1629//1629 1764//1764
f 1669//1669 1789//1789 1686//1686
f 1608//1608 1757//1757 1790//1790
f 1639//1639 1695//1695 1651//1651
f 1651//1651 1633//1633 1639//1639
f 1696//1696 1639//1639 1675//1675
f 1676//1676 1585//1585 1568//1568
f 1687//1687 1653//1653 1568//1568
f 1677//1677 1655//1655 1641//1641
f 1620//1620 1657//1657 1656//1656
f 1660//1660 1644//1644 1679//1679
f 1678//1678 1679//1679 1662//1662
f 1662//1662 1588//1588 1681//1681
f 1682//1682 1646//1646 1703//1703
f 1717//1717 1550//1550 1551//1551
f 1809//1809 1511//1511 1735//1735
f 1737//1737 1728//1728 1518//1518
f 2027//2027 1996//1996 1974//1974
f 1974//1974 1775//1775 2027//2027
f 1737//1737 1518//1518 1689//1689
f 1518//1518 1563//1563 1689//1689
f 1761//1761 1783//1783 1854//1854
f 1671//1671 1745//1745 1631//1631
f 1641//1641 1655//1655 1634//1634
f 1764//1764 1528//1528 1686//1686
f 1618//1618 1582//1582 1637//1637
f 1670//1670 1708//1708 1803//1803
f 1631//1631 1745//1745 1674//1674
f 1672//1672 1745//1745 1671//1671
f 1672//1672 1584//1584 1745//1745
f 1696//1696 1675//1675 1585//1585
f 1585//1585 1687//1687 1568//1568
f 1634//1634 1640//1640 1653//1653
f 1729//1729 1758//1758 1634//1634
f 1643//1643 1656//1656 1657//1657
f 1660//1660 1657//1657 1620//1620
f 1701//1701 1678//1678 1688//1688
f 1733//1733 1688//1688 1714//1714
f 1678//1678 1662//1662 1661//1661
f 1683//1683 1646//1646 1612//1612
f 1612//1612 1646//1646 1648//1648
f 245//245 1591//1591 1354//1354
f 1809//1809 1665//1665 1511//1511
f 177//177 176//176 1762//1762
f 1660//1660 1679//1679 1642//1642
f 1625//1625 1616//1616 1580//1580
f 1708//1708 1670//1670 1630//1630
f 1790//1790 1743//1743 1482//1482
f 1692//1692 1757//1757 1818//1818
f 1695//1695 1716//1716 1651//1651
f 1696//1696 1569//1569 1639//1639
f 1546//1546 1732//1732 1664//1664
f 1546//1546 1664//1664 1552//1552
f 1546//1546 1643//1643 1698//1698
f 1679//1679 1702//1702 1642//1642
f 1681//1681 1661//1661 1662//1662
f 1715//1715 1588//1588 1682//1682
f 1646//1646 1683//1683 1703//1703
f 1683//1683 1612//1612 1716//1716
f 1549//1549 1719//1719 1784//1784
f 1719//1719 1549//1549 1717//1717
f 1689//1689 1549//1549 1784//1784
f 1582//1582 1691//1691 1542//1542
f 1628//1628 1629//1629 1668//1668
f 1708//1708 1609//1609 1803//1803
f 1585//1585 1747//1747 1696//1696
f 1568//1568 1640//1640 1711//1711
f 1640//1640 1568//1568 1653//1653
f 1634//1634 1655//1655 1729//1729
f 1677//1677 1731//1731 1655//1655
f 1657//1657 1642//1642 1713//1713
f 1702//1702 1713//1713 1642//1642
f 1733//1733 1714//1714 1773//1773
f 1611//1611 1716//1716 1695//1695
f 1717//1717 1551//1551 1623//1623
f 1717//1717 1623//1623 1727//1727
f 1722//1722 2039//2039 2017//2017
f 1593//1593 1650//1650 1581//1581
f 177//177 1762//1762 1667//1667
f 1637//1637 1582//1582 1753//1753
f 1673//1673 1745//1745 1724//1724
f 1830//1830 1877//1877 1829//1829
f 1664//1664 1732//1732 1727//1727
f 1782//1782 1695//1695 1569//1569
f 1695//1695 1782//1782 1611//1611
f 1725//1725 1782//1782 1813//1813
f 1585//1585 1676//1676 1747//1747
f 1688//1688 1678//1678 1661//1661
f 1715//1715 1681//1681 1588//1588
f 1681//1681 1715//1715 1680//1680
f 1760//1760 1680//1680 1715//1715
f 1611//1611 1725//1725 1683//1683
f 1725//1725 1703//1703 1683//1683
f 1683//1683 1716//1716 1611//1611
f 1717//1717 1823//1823 1719//1719
f 1623//1623 1664//1664 1727//1727
f 1625//1625 1706//1706 1707//1707
f 1863//1863 1581//1581 1617//1617
f 1827//1827 1863//1863 1617//1617
f 1521//1521 1554//1554 1522//1522
f 1593//1593 1592//1592 1521//1521
f 1650//1650 1593//1593 1521//1521
f 1627//1627 1751//1751 1636//1636
f 1636//1636 1751//1751 1632//1632
f 175//175 174//174 176//176
f 2043//2043 1738//1738 2077//2077
f 1670//1670 1597//1597 1638//1638
f 1665//1665 1809//1809 1881//1881
f 1703//1703 1715//1715 1682//1682
f 1550//1550 1717//1717 1549//1549
f 1730//1730 1729//1729 1655//1655
f 1546//1546 1698//1698 1726//1726
f 1546//1546 1726//1726 1732//1732
f 1759//1759 1713//1713 1702//1702
f 1701//1701 1702//1702 1678//1678
f 1680//1680 1760//1760 1773//1773
f 1737//1737 1736//1736 1728//1728
f 174//174 1762//1762 176//176
f 1800//1800 1668//1668 1629//1629
f 2078//2078 2079//2079 2001//2001
f 2079//2079 2043//2043 1741//1741
f 1757//1757 1723//1723 1693//1693
f 1743//1743 1790//1790 1802//1802
f 1609//1609 1755//1755 1803//1803
f 1577//1577 95//95 94//94
f 1805//1805 1693//1693 1694//1694
f 1694//1694 1693//1693 1723//1723
f 1805//1805 1674//1674 1791//1791
f 1754//1754 1709//1709 1817//1817
f 1779//1779 1817//1817 1709//1709
f 1747//1747 1710//1710 1696//1696
f 1807//1807 1786//1786 1676//1676
f 1760//1760 1715//1715 1703//1703
f 1689//1689 1784//1784 1737//1737
f 1737//1737 1784//1784 1704//1704
f 1592//1592 1799//1799 1521//1521
f 1686//1686 1836//1836 1740//1740
f 1789//1789 1753//1753 1866//1866
f 1866//1866 1753//1753 1902//1902
f 1724//1724 1746//1746 1673//1673
f 1794//1794 1597//1597 1670//1670
f 1710//1710 1782//1782 1569//1569
f 1710//1710 1569//1569 1696//1696
f 1782//1782 1725//1725 1611//1611
f 1676//1676 1568//1568 1756//1756
f 1712//1712 1730//1730 1655//1655
f 1712//1712 1655//1655 1731//1731
f 1680//1680 1773//1773 1714//1714
f 1784//1784 1719//1719 1852//1852
f 1727//1727 1765//1765 1717//1717
f 245//245 1665//1665 1881//1881
f 1521//1521 1799//1799 1554//1554
f 1764//1764 1740//1740 1800//1800
f 1686//1686 1740//1740 1764//1764
f 1789//1789 1836//1836 1686//1686
f 1753//1753 1789//1789 1637//1637
f 1531//1531 1802//1802 1744//1744
f 1670//1670 1803//1803 1804//1804
f 1584//1584 1709//1709 1724//1724
f 1747//1747 1676//1676 1786//1786
f 1759//1759 1698//1698 1713//1713
f 1701//1701 1759//1759 1702//1702
f 1733//1733 1701//1701 1688//1688
f 1734//1734 1771//1771 1760//1760
f 1813//1813 1760//1760 1725//1725
f 1823//1823 1717//1717 1765//1765
f 1666//1666 1858//1858 1751//1751
f 182//182 1763//1763 173//173
f 182//182 173//173 180//180
f 1812//1812 1793//1793 1776//1776
f 2162//2162 2211//2211 2152//2152
f 1676//1676 1756//1756 1807//1807
f 1766//1766 1797//1797 1787//1787
f 1701//1701 1795//1795 1759//1759
f 1733//1733 1700//1700 1701//1701
f 1767//1767 1906//1906 1888//1888
f 1832//1832 1894//1894 1769//1769
f 1769//1769 1710//1710 1832//1832
f 1771//1771 1773//1773 1760//1760
f 1625//1625 1574//1574 1706//1706
f 1704//1704 1736//1736 1737//1737
f 1691//1691 1554//1554 1799//1799
f 1691//1691 1799//1799 1542//1542
f 1542//1542 1799//1799 1555//1555
f 1627//1627 1666//1666 1751//1751
f 1830//1830 1788//1788 1762//1762
f 1762//1762 1788//1788 1667//1667
f 173//173 1763//1763 1865//1865
f 1776//1776 208//208 1668//1668
f 1812//1812 1776//1776 1668//1668
f 1668//1668 1800//1800 1812//1812
f 1903//1903 1746//1746 1754//1754
f 1584//1584 1724//1724 1745//1745
f 1806//1806 95//95 1596//1596
f 1786//1786 1710//1710 1747//1747
f 1726//1726 1765//1765 1732//1732
f 1825//1825 1591//1591 245//245
f 1666//1666 1829//1829 1858//1858
f 1790//1790 1757//1757 1848//1848
f 1596//1596 1577//1577 1597//1597
f 1745//1745 1673//1673 1674//1674
f 1709//1709 1754//1754 1724//1724
f 1758//1758 1792//1792 1711//1711
f 1820//1820 1654//1654 1697//1697
f 1699//1699 1787//1787 1700//1700
f 1822//1822 1823//1823 1853//1853
f 1727//1727 1732//1732 1765//1765
f 1825//1825 1827//1827 1591//1591
f 1829//1829 1666//1666 1788//1788
f 1830//1830 1829//1829 1788//1788
f 1740//1740 1777//1777 1800//1800
f 1744//1744 1804//1804 1803//1803
f 1744//1744 1803//1803 1755//1755
f 1670//1670 1804//1804 1794//1794
f 1746//1746 1724//1724 1754//1754
f 1597//1597 1851//1851 1596//1596
f 1710//1710 1813//1813 1782//1782
f 1730//1730 1697//1697 1729//1729
f 1712//1712 1821//1821 1730//1730
f 1820//1820 1838//1838 1880//1880
f 1773//1773 1771//1771 1733//1733
f 1822//1822 1719//1719 1823//1823
f 1704//1704 1784//1784 1852//1852
f 173//173 1865//1865 174//174
f 1531//1531 1744//1744 1755//1755
f 1632//1632 1751//1751 1779//1779
f 1726//1726 1759//1759 1795//1795
f 1765//1765 1726//1726 1795//1795
f 1793//1793 1763//1763 182//182
f 1837//1837 1851//1851 1597//1597
f 1711//1711 1756//1756 1568//1568
f 1697//1697 1792//1792 1758//1758
f 1701//1701 1700//1700 1787//1787
f 1796//1796 1860//1860 1808//1808
f 1700//1700 1733//1733 1771//1771
f 1771//1771 1772//1772 1699//1699
f 1821//1821 1712//1712 70//70
f 1735//1735 1706//1706 1896//1896
f 1882//1882 1706//1706 1574//1574
f 1740//1740 1836//1836 1814//1814
f 1760//1760 1813//1813 1734//1734
f 1872//1872 1817//1817 1779//1779
f 1904//1904 1972//1972 1849//1849
f 1904//1904 1849//1849 1744//1744
f 1794//1794 1837//1837 1597//1597
f 1791//1791 1674//1674 1673//1673
f 1818//1818 1693//1693 1850//1850
f 92//92 1806//1806 1596//1596
f 1786//1786 1807//1807 1710//1710
f 1697//1697 1730//1730 1820//1820
f 1719//1719 1822//1822 1852//1852
f 1808//1808 1909//1909 1908//1908
f 1859//1859 1720//1720 1853//1853
f 1766//1766 1823//1823 1765//1765
f 1795//1795 1797//1797 1765//1765
f 1728//1728 1736//1736 1854//1854
f 1761//1761 1883//1883 1705//1705
f 1810//1810 1824//1824 1912//1912
f 1785//1785 1915//1915 1581//1581
f 1818//1818 1757//1757 1693//1693
f 1728//1728 1854//1854 1580//1580
f 1780//1780 1781//1781 1746//1746
f 1754//1754 1817//1817 1778//1778
f 1848//1848 1802//1802 1790//1790
f 2082//2082 2072//2072 1971//1971
f 1851//1851 92//92 1596//1596
f 1710//1710 1770//1770 1813//1813
f 1820//1820 1730//1730 1821//1821
f 1795//1795 1701//1701 1787//1787
f 1787//1787 1797//1797 1795//1795
f 1771//1771 1699//1699 1700//1700
f 1772//1772 1771//1771 1734//1734
f 1761//1761 1826//1826 1548//1548
f 1825//1825 1834//1834 1827//1827
f 1863//1863 1785//1785 1581//1581
f 1762//1762 1844//1844 1864//1864
f 1793//1793 1812//1812 1763//1763
f 1792//1792 1697//1697 1654//1654
f 1801//1801 1848//1848 1868//1868
f 1886//1886 1818//1818 1850//1850
f 1805//1805 1850//1850 1693//1693
f 1781//1781 1869//1869 1791//1791
f 1870//1870 1819//1819 92//92
f 93//93 1887//1887 92//92
f 1832//1832 1807//1807 1756//1756
f 1838//1838 1820//1820 1821//1821
f 70//70 1838//1838 1821//1821
f 1797//1797 1766//1766 1765//1765
f 1896//1896 1809//1809 1735//1735
f 1824//1824 1881//1881 1895//1895
f 1882//1882 1896//1896 1706//1706
f 1574//1574 1625//1625 1798//1798
f 1826//1826 1704//1704 1852//1852
f 1592//1592 1593//1593 1915//1915
f 1592//1592 1915//1915 1911//1911
f 1865//1865 1835//1835 1844//1844
f 1763//1763 1812//1812 1846//1846
f 1846//1846 1878//1878 1928//1928
f 1757//1757 1692//1692 1848//1848
f 1772//1772 1734//1734 1770//1770
f 1592//1592 1911//1911 1799//1799
f 1846//1846 1857//1857 1763//1763
f 1752//1752 1902//1902 1753//1753
f 1872//1872 1779//1779 1858//1858
f 1867//1867 1778//1778 1872//1872
f 1817//1817 1872//1872 1778//1778
f 1692//1692 1868//1868 1848//1848
f 1744//1744 1849//1849 1804//1804
f 1791//1791 1850//1850 1805//1805
f 1779//1779 1751//1751 1858//1858
f 1876//1876 1756//1756 1711//1711
f 1796//1796 1808//1808 1766//1766
f 1796//1796 1766//1766 1787//1787
f 1787//1787 1699//1699 1796//1796
f 1822//1822 1833//1833 1852//1852
f 1968//1968 2041//2041 1969//1969
f 1841//1841 1842//1842 2074//2074
f 1969//1969 1775//1775 1974//1974
f 1826//1826 1761//1761 1736//1736
f 1555//1555 1897//1897 1542//1542
f 174//174 1865//1865 1844//1844
f 1807//1807 1832//1832 1710//1710
f 1845//1845 1915//1915 1785//1785
f 1800//1800 1878//1878 1812//1812
f 1866//1866 1847//1847 1836//1836
f 1789//1789 1866//1866 1836//1836
f 1742//1742 1847//1847 1866//1866
f 1804//1804 1849//1849 1874//1874
f 1858//1858 1829//1829 1877//1877
f 1877//1877 1828//1828 1858//1858
f 1859//1859 1766//1766 1808//1808
f 1876//1876 1871//1871 1756//1756
f 1699//1699 1772//1772 1860//1860
f 1704//1704 1826//1826 1736//1736
f 1783//1783 1951//1951 1685//1685
f 1884//1884 1839//1839 1862//1862
f 1911//1911 1555//1555 1799//1799
f 2086//2086 2075//2075 2166//2166
f 1830//1830 1762//1762 1864//1864
f 1839//1839 1826//1826 1852//1852
f 1770//1770 1710//1710 1769//1769
f 1854//1854 1783//1783 1798//1798
f 1761//1761 1854//1854 1736//1736
f 1862//1862 1967//1967 1884//1884
f 1839//1839 1884//1884 1548//1548
f 1864//1864 1899//1899 1830//1830
f 1763//1763 1857//1857 1865//1865
f 1902//1902 1752//1752 1897//1897
f 1804//1804 1874//1874 1794//1794
f 1781//1781 1791//1791 1673//1673
f 1828//1828 1917//1917 1858//1858
f 93//93 1851//1851 1837//1837
f 1871//1871 1832//1832 1756//1756
f 1772//1772 1770//1770 1659//1659
f 1909//1909 1860//1860 1772//1772
f 1909//1909 1772//1772 1659//1659
f 1833//1833 1862//1862 1839//1839
f 1833//1833 1839//1839 1852//1852
f 1823//1823 1859//1859 1853//1853
f 1823//1823 1766//1766 1859//1859
f 1863//1863 1827//1827 1834//1834
f 1843//1843 1785//1785 1863//1863
f 1542//1542 1897//1897 1752//1752
f 1878//1878 1800//1800 1777//1777
f 1794//1794 1874//1874 1837//1837
f 2031//2031 2157//2157 2065//2065
f 1934//1934 1931//1931 1930//1930
f 93//93 1837//1837 1920//1920
f 1850//1850 1791//1791 1869//1869
f 1711//1711 1792//1792 1876//1876
f 1778//1778 1903//1903 1754//1754
f 1796//1796 1699//1699 1860//1860
f 1746//1746 1781//1781 1673//1673
f 1874//1874 1930//1930 1837//1837
f 93//93 92//92 1851//1851
f 1838//1838 1861//1861 1880//1880
f 71//71 1861//1861 1838//1838
f 1839//1839 1548//1548 1826//1826
f 1831//1831 1692//1692 1818//1818
f 1818//1818 1886//1886 1831//1831
f 1814//1814 1836//1836 1847//1847
f 1987//1987 1815//1815 2043//2043
f 1867//1867 1903//1903 1778//1778
f 1917//1917 1872//1872 1858//1858
f 1873//1873 1874//1874 1849//1849
f 1780//1780 1746//1746 1903//1903
f 1934//1934 1874//1874 1873//1873
f 1876//1876 1768//1768 1871//1871
f 1654//1654 1876//1876 1792//1792
f 1834//1834 1748//1748 1843//1843
f 1843//1843 1748//1748 1890//1890
f 1890//1890 1855//1855 1843//1843
f 1885//1885 1740//1740 1814//1814
f 70//70 71//71 1838//1838
f 1835//1835 1865//1865 1857//1857
f 1878//1878 1846//1846 1812//1812
f 1979//1979 1917//1917 1828//1828
f 1917//1917 1867//1867 1872//1872
f 1942//1942 1801//1801 1918//1918
f 1869//1869 1929//1929 1886//1886
f 1907//1907 1876//1876 1654//1654
f 1654//1654 1820//1820 1907//1907
f 1809//1809 1895//1895 1881//1881
f 1761//1761 1548//1548 1883//1883
f 1843//1843 1863//1863 1834//1834
f 1870//1870 1887//1887 91//91
f 1887//1887 1870//1870 92//92
f 1574//1574 1927//1927 1882//1882
f 1783//1783 1685//1685 1798//1798
f 1884//1884 1967//1967 1883//1883
f 2070//2070 1855//1855 1890//1890
f 1830//1830 1899//1899 1877//1877
f 1999//1999 1899//1899 1900//1900
f 1864//1864 1900//1900 1899//1899
f 1886//1886 1850//1850 1869//1869
f 1919//1919 1929//1929 1869//1869
f 93//93 1892//1892 1887//1887
f 90//90 91//91 1887//1887
f 1859//1859 1808//1808 1908//1908
f 1832//1832 1871//1871 1875//1875
f 1768//1768 1875//1875 1871//1871
f 1909//1909 1894//1894 1922//1922
f 1894//1894 1659//1659 1769//1769
f 1920//1920 1932//1932 1892//1892
f 1908//1908 1721//1721 1720//1720
f 1894//1894 1832//1832 1875//1875
f 1907//1907 1888//1888 1876//1876
f 1768//1768 1889//1889 1875//1875
f 1909//1909 1808//1808 1860//1860
f 1861//1861 72//72 1880//1880
f 1883//1883 1548//1548 1884//1884
f 1833//1833 1822//1822 1718//1718
f 1824//1824 1825//1825 1881//1881
f 1896//1896 1882//1882 1927//1927
f 1798//1798 1685//1685 1684//1684
f 1783//1783 1705//1705 1951//1951
f 1705//1705 1783//1783 1761//1761
f 1967//1967 1690//1690 1883//1883
f 1901//1901 1864//1864 1844//1844
f 1857//1857 1846//1846 1940//1940
f 1816//1816 1814//1814 1847//1847
f 1742//1742 1866//1866 1902//1902
f 1801//1801 1904//1904 1802//1802
f 1801//1801 1802//1802 1848//1848
f 90//90 1879//1879 89//89
f 1937//1937 88//88 1932//1932
f 1887//1887 1879//1879 90//90
f 1574//1574 1798//1798 1684//1684
f 1835//1835 1975//1975 1844//1844
f 1777//1777 1740//1740 1885//1885
f 1801//1801 1868//1868 1918//1918
f 1692//1692 1918//1918 1868//1868
f 1802//1802 1904//1904 1744//1744
f 1920//1920 1837//1837 1930//1930
f 1879//1879 1893//1893 89//89
f 88//88 1879//1879 1887//1887
f 1720//1720 1859//1859 1908//1908
f 1945//1945 1922//1922 1921//1921
f 1888//1888 1768//1768 1876//1876
f 1880//1880 72//72 1907//1907
f 1909//1909 1659//1659 1894//1894
f 1825//1825 1810//1810 1834//1834
f 1574//1574 1684//1684 1927//1927
f 1684//1684 1685//1685 1974//1974
f 1898//1898 1897//1897 1555//1555
f 1898//1898 1555//1555 1913//1913
f 1975//1975 1901//1901 1844//1844
f 1901//1901 1975//1975 2019//2019
f 1901//1901 1900//1900 1864//1864
f 1940//1940 1835//1835 1857//1857
f 1897//1897 1742//1742 1902//1902
f 1903//1903 1867//1867 1916//1916
f 1886//1886 1933//1933 1831//1831
f 1853//1853 1720//1720 2017//2017
f 1939//1939 1989//1989 1768//1768
f 1907//1907 1767//1767 1888//1888
f 1861//1861 75//75 1924//1924
f 1910//1910 1840//1840 1862//1862
f 1910//1910 1862//1862 1833//1833
f 1810//1810 1825//1825 1824//1824
f 1883//1883 1690//1690 1705//1705
f 1810//1810 1748//1748 1834//1834
f 1855//1855 1845//1845 1843//1843
f 1843//1843 1845//1845 1785//1785
f 1892//1892 88//88 1887//1887
f 1781//1781 1919//1919 1869//1869
f 1996//1996 1896//1896 1927//1927
f 1690//1690 1951//1951 1705//1705
f 1914//1914 2001//2001 1741//1741
f 1911//1911 1915//1915 1845//1845
f 1999//1999 1877//1877 1899//1899
f 1846//1846 1928//1928 1940//1940
f 1940//1940 1976//1976 1835//1835
f 1777//1777 1928//1928 1878//1878
f 1816//1816 1847//1847 1742//1742
f 1780//1780 1941//1941 1781//1781
f 1891//1891 1867//1867 1917//1917
f 1918//1918 1692//1692 1831//1831
f 1781//1781 1941//1941 1919//1919
f 1849//1849 1953//1953 1873//1873
f 1874//1874 1934//1934 1930//1930
f 2050//2050 2134//2134 1923//1923
f 2050//2050 1923//1923 1938//1938
f 2084//2084 2050//2050 1936//1936
f 1905//1905 1963//1963 86//86
f 1909//1909 1922//1922 1908//1908
f 73//73 1924//1924 75//75
f 1853//1853 1718//1718 1822//1822
f 87//87 1893//1893 85//85
f 87//87 85//85 2000//2000
f 1962//1962 2033//2033 1937//1937
f 88//88 1892//1892 1932//1932
f 1921//1921 1922//1922 1894//1894
f 1924//1924 73//73 1947//1947
f 2069//2069 1950//1950 1966//1966
f 2017//2017 1718//1718 1853//1853
f 1998//1998 1748//1748 1810//1810
f 1998//1998 1810//1810 1912//1912
f 1901//1901 1961//1961 1900//1900
f 2004//2004 1976//1976 1928//1928
f 1739//1739 1885//1885 1814//1814
f 1815//1815 1987//1987 1816//1816
f 1898//1898 1914//1914 1897//1897
f 1916//1916 1780//1780 1903//1903
f 1919//1919 2057//2057 1929//1929
f 1931//1931 1920//1920 1930//1930
f 1934//1934 1983//1983 1931//1931
f 93//93 1920//1920 1892//1892
f 88//88 1937//1937 1935//1935
f 1840//1840 1967//1967 1862//1862
f 1929//1929 1933//1933 1886//1886
f 1953//1953 1934//1934 1873//1873
f 2106//2106 2084//2084 2065//2065
f 1893//1893 1879//1879 1935//1935
f 1893//1893 1935//1935 85//85
f 2084//2084 1936//1936 1905//1905
f 1905//1905 1936//1936 1963//1963
f 1888//1888 1906//1906 1939//1939
f 1888//1888 1939//1939 1768//1768
f 1718//1718 1910//1910 1833//1833
f 1928//1928 1976//1976 1940//1940
f 1928//1928 1777//1777 1885//1885
f 1897//1897 1914//1914 1742//1742
f 1742//1742 1815//1815 1816//1816
f 1828//1828 1877//1877 2036//2036
f 1520//1520 1815//1815 1742//1742
f 1867//1867 1891//1891 1916//1916
f 2058//2058 1923//1923 1954//1954
f 86//86 1963//1963 1962//1962
f 2111//2111 2110//2110 2109//2109
f 1949//1949 1958//1958 2059//2059
f 1906//1906 1767//1767 74//74
f 1906//1906 74//74 1939//1939
f 1722//1722 1721//1721 1946//1946
f 2067//2067 2018//2018 1944//1944
f 2051//2051 69//69 2022//2022
f 1922//1922 1946//1946 1908//1908
f 1924//1924 1947//1947 1991//1991
f 2026//2026 1910//1910 1718//1718
f 1974//1974 1685//1685 2023//2023
f 1811//1811 2053//2053 1912//1912
f 1914//1914 1898//1898 1952//1952
f 1913//1913 1911//1911 1845//1845
f 1913//1913 1845//1845 1855//1855
f 1835//1835 2024//2024 1975//1975
f 1814//1814 1816//1816 1739//1739
f 1742//1742 1914//1914 1520//1520
f 1942//1942 1904//1904 1801//1801
f 1918//1918 1831//1831 1933//1933
f 1941//1941 2083//2083 1919//1919
f 1780//1780 2072//2072 1941//1941
f 1932//1932 1920//1920 1931//1931
f 2058//2058 1954//1954 2066//2066
f 2058//2058 2066//2066 1955//1955
f 2011//2011 2009//2009 1955//1955
f 1935//1935 2009//2009 85//85
f 1943//1943 1957//1957 1956//1956
f 76//76 1959//1959 2021//2021
f 1721//1721 2017//2017 1720//1720
f 1989//1989 1889//1889 1768//1768
f 1721//1721 1908//1908 1946//1946
f 1992//1992 1956//1956 1957//1957
f 1956//1956 1991//1991 1947//1947
f 1910//1910 1973//1973 1840//1840
f 1973//1973 1910//1910 2026//2026
f 1811//1811 1912//1912 1824//1824
f 1996//1996 1811//1811 1896//1896
f 1912//1912 1960//1960 1998//1998
f 2019//2019 2049//2049 1961//1961
f 1928//1928 1885//1885 1977//1977
f 1962//1962 1963//1963 1938//1938
f 76//76 1986//1986 1965//1965
f 1959//1959 77//77 2015//2015
f 77//77 79//79 2015//2015
f 74//74 1991//1991 1990//1990
f 1840//1840 1995//1995 1967//1967
f 1824//1824 1895//1895 1811//1811
f 1896//1896 1811//1811 1895//1895
f 2023//2023 1969//1969 1974//1974
f 2178//2178 2209//2209 1970//1970
f 2132//2132 2075//2075 2094//2094
f 1952//1952 1898//1898 1913//1913
f 1913//1913 1855//1855 2003//2003
f 2045//2045 1916//1916 1891//1891
f 1933//1933 2057//2057 2037//2037
f 1961//1961 1999//1999 1900//1900
f 1901//1901 2019//2019 1961//1961
f 1917//1917 1979//1979 1891//1891
f 1947//1947 1943//1943 1956//1956
f 1927//1927 1684//1684 1974//1974
f 1951//1951 1690//1690 1993//1993
f 1914//1914 1741//1741 1520//1520
f 1835//1835 1976//1976 2024//2024
f 2042//2042 1977//1977 1739//1739
f 1739//1739 1816//1816 2077//2077
f 2029//2029 2140//2140 2080//2080
f 1979//1979 2062//2062 2045//2045
f 2025//2025 1942//1942 1918//1918
f 1999//1999 2036//2036 1877//1877
f 1978//1978 1961//1961 2049//2049
f 1981//1981 79//79 80//80
f 1962//1962 1932//1932 86//86
f 1905//1905 1983//1983 2084//2084
f 2011//2011 1982//1982 2009//2009
f 1964//1964 1958//1958 1988//1988
f 1985//1985 1984//1984 1964//1964
f 1984//1984 1986//1986 2059//2059
f 2016//2016 78//78 2097//2097
f 2135//2135 2110//2110 2091//2091
f 2060//2060 78//78 2021//2021
f 1984//1984 1985//1985 1986//1986
f 1986//1986 78//78 2016//2016
f 1959//1959 2015//2015 2021//2021
f 2017//2017 2026//2026 1718//1718
f 72//72 1924//1924 1991//1991
f 1927//1927 1974//1974 1996//1996
f 1849//1849 1972//1972 1953//1953
f 1928//1928 1977//1977 2004//2004
f 1977//1977 1885//1885 1739//1739
f 1952//1952 2002//2002 1914//1914
f 2031//2031 1953//1953 1972//1972
f 1982//1982 1981//1981 80//80
f 2011//2011 1981//1981 1982//1982
f 1953//1953 2032//2032 1934//1934
f 86//86 1931//1931 1905//1905
f 2060//2060 2021//2021 2015//2015
f 79//79 1981//1981 2015//2015
f 1957//1957 1988//1988 1958//1958
f 1984//1984 2059//2059 1964//1964
f 76//76 2021//2021 1986//1986
f 1985//1985 1965//1965 1986//1986
f 1722//1722 2017//2017 1721//1721
f 1889//1889 2068//2068 1921//1921
f 1889//1889 1921//1921 1875//1875
f 2034//2034 1989//1989 1939//1939
f 2034//2034 1939//1939 74//74
f 1690//1690 1967//1967 1995//1995
f 2053//2053 1811//1811 1996//1996
f 85//85 2009//2009 2000//2000
f 1991//1991 1956//1956 1990//1990
f 1990//1990 1956//1956 1992//1992
f 2023//2023 1685//1685 1951//1951
f 1913//1913 2003//2003 1952//1952
f 2070//2070 2087//2087 1855//1855
f 1987//1987 2077//2077 1816//1816
f 1918//1918 1933//1933 2025//2025
f 2146//2146 2081//2081 2005//2005
f 2083//2083 2057//2057 1919//1919
f 1982//1982 2000//2000 2009//2009
f 2066//2066 2090//2090 2064//2064
f 1934//1934 2032//2032 1983//1983
f 1931//1931 1983//1983 1905//1905
f 2033//2033 1935//1935 1937//1937
f 1937//1937 1932//1932 1962//1962
f 2070//2070 1890//1890 2094//2094
f 2001//2001 1914//1914 2002//2002
f 2042//2042 2088//2088 1977//1977
f 2042//2042 1739//1739 2077//2077
f 2171//2171 2082//2082 2153//2153
f 2153//2153 2082//2082 2055//2055
f 2153//2153 2055//2055 2044//2044
f 2012//2012 1972//1972 1942//1942
f 1929//1929 2057//2057 1933//1933
f 1922//1922 1945//1945 1946//1946
f 1921//1921 2068//2068 1945//1945
f 1722//1722 1946//1946 2022//2022
f 2143//2143 2121//2121 1994//1994
f 1979//1979 1828//1828 2007//2007
f 2007//2007 1828//1828 2036//2036
f 2147//2147 2008//2008 2182//2182
f 2008//2008 2146//2146 2182//2182
f 2037//2037 2048//2048 2025//2025
f 2083//2083 2071//2071 2057//2057
f 1972//1972 1904//1904 1942//1942
f 1980//1980 2089//2089 2008//2008
f 1942//1942 2063//2063 2012//2012
f 2072//2072 1780//1780 1971//1971
f 1999//1999 1961//1961 1978//1978
f 1978//1978 2036//2036 1999//1999
f 2009//2009 1935//1935 2014//2014
f 1953//1953 2031//2031 2032//2032
f 2033//2033 2014//2014 1935//1935
f 2058//2058 1955//1955 2014//2014
f 1986//1986 2016//2016 2059//2059
f 2017//2017 2039//2039 2026//2026
f 2022//2022 1946//1946 1945//1945
f 1966//1966 2061//2061 1993//1993
f 1966//1966 1993//1993 1995//1995
f 2094//2094 1748//1748 1998//1998
f 1972//1972 2012//2012 2031//2031
f 2069//2069 1840//1840 1973//1973
f 1958//1958 1992//1992 1957//1957
f 2109//2109 2020//2020 1949//1949
f 2068//2068 2051//2051 1945//1945
f 1958//1958 1949//1949 1992//1992
f 2023//2023 1994//1994 1969//1969
f 1993//1993 2006//2006 1951//1951
f 2035//2035 2002//2002 1952//1952
f 1855//1855 2087//2087 2003//2003
f 2043//2043 2077//2077 1987//1987
f 2048//2048 2063//2063 2025//2025
f 2025//2025 2063//2063 1942//1942
f 1938//1938 2033//2033 1962//1962
f 1958//1958 1964//1964 2059//2059
f 1995//1995 1840//1840 1966//1966
f 1951//1951 2006//2006 2023//2023
f 1975//1975 2024//2024 2019//2019
f 2026//2026 2100//2100 1973//1973
f 2092//2092 1997//1997 2074//2074
f 2047//2047 2049//2049 2019//2019
f 1976//1976 2004//2004 2054//2054
f 2024//2024 1976//1976 2054//2054
f 2045//2045 1971//1971 1916//1916
f 2010//2010 1981//1981 2011//2011
f 2031//2031 2084//2084 2032//2032
f 2033//2033 2013//2013 2014//2014
f 2014//2014 2013//2013 2058//2058
f 1936//1936 1938//1938 1963//1963
f 78//78 1986//1986 2021//2021
f 2051//2051 2022//2022 1945//1945
f 1741//1741 1815//1815 1520//1520
f 1748//1748 2094//2094 1890//1890
f 1916//1916 1971//1971 1780//1780
f 2045//2045 1891//1891 1979//1979
f 2080//2080 2062//2062 2029//2029
f 2242//2242 2293//2293 2264//2264
f 1933//1933 2037//2037 2025//2025
f 1981//1981 2064//2064 2015//2015
f 2032//2032 2084//2084 1983//1983
f 1954//1954 1923//1923 2134//2134
f 1936//1936 2050//2050 1938//1938
f 2052//2052 2026//2026 2039//2039
f 1889//1889 1989//1989 2068//2068
f 74//74 1990//1990 2034//2034
f 1998//1998 1960//1960 2132//2132
f 2027//2027 2092//2092 1774//1774
f 1775//1775 1997//1997 2027//2027
f 2040//2040 1774//1774 2092//2092
f 2092//2092 2027//2027 1997//1997
f 2041//2041 1775//1775 1969//1969
f 2142//2142 2143//2143 2178//2178
f 2143//2143 1925//1925 2161//2161
f 2176//2176 2161//2161 2174//2174
f 2023//2023 2006//2006 1994//1994
f 1955//1955 2009//2009 2014//2014
f 2077//2077 1738//1738 2042//2042
f 2043//2043 1815//1815 1741//1741
f 1741//1741 2001//2001 2079//2079
f 2055//2055 1971//1971 2045//2045
f 2044//2044 2055//2055 2045//2045
f 2062//2062 1979//1979 2007//2007
f 2029//2029 2007//2007 2056//2056
f 2276//2276 2236//2236 2277//2277
f 2182//2182 2193//2193 2147//2147
f 2037//2037 2057//2057 2089//2089
f 2072//2072 2083//2083 1941//1941
f 1981//1981 2010//2010 2064//2064
f 1938//1938 1923//1923 2013//2013
f 1938//1938 2013//2013 2033//2033
f 1923//1923 2058//2058 2013//2013
f 2111//2111 2059//2059 2016//2016
f 2060//2060 2030//2030 78//78
f 2051//2051 2068//2068 2101//2101
f 2051//2051 2101//2101 2159//2159
f 1992//1992 2085//2085 2034//2034
f 1992//1992 2034//2034 1990//1990
f 1840//1840 2069//2069 1966//1966
f 1998//1998 2132//2132 2094//2094
f 2027//2027 1774//1774 1996//1996
f 2041//2041 1997//1997 1775//1775
f 2041//2041 1968//1968 1841//1841
f 2035//2035 1952//1952 2076//2076
f 2024//2024 2038//2038 2019//2019
f 1993//1993 2061//2061 2006//2006
f 2007//2007 2029//2029 2062//2062
f 2036//2036 1978//1978 2007//2007
f 2056//2056 2007//2007 1978//1978
f 2141//2141 2125//2125 2080//2080
f 2064//2064 2090//2090 81//81
f 2066//2066 2064//2064 2010//2010
f 2011//2011 2066//2066 2010//2010
f 2011//2011 1955//1955 2066//2066
f 1989//1989 2034//2034 2085//2085
f 1992//1992 1949//1949 2085//2085
f 2061//2061 1966//1966 2137//2137
f 2040//2040 2053//2053 1996//1996
f 2074//2074 1997//1997 2041//2041
f 2093//2093 1841//1841 1968//1968
f 2001//2001 2002//2002 2078//2078
f 2003//2003 2076//2076 1952//1952
f 2088//2088 2054//2054 2004//2004
f 2088//2088 2004//2004 1977//1977
f 2100//2100 2026//2026 2052//2052
f 2144//2144 2044//2044 2045//2045
f 2065//2065 2084//2084 2031//2031
f 2106//2106 2164//2164 2134//2134
f 2084//2084 2106//2106 2050//2050
f 1722//1722 2018//2018 2039//2039
f 1912//1912 2053//2053 1960//1960
f 1774//1774 2040//2040 1996//1996
f 2074//2074 2041//2041 1841//1841
f 2142//2142 2115//2115 2093//2093
f 1968//1968 1969//1969 1994//1994
f 2093//2093 1968//1968 2121//2121
f 2002//2002 2035//2035 2078//2078
f 2019//2019 2038//2038 2047//2047
f 2024//2024 2054//2054 2151//2151
f 2015//2015 81//81 2060//2060
f 2062//2062 2144//2144 2045//2045
f 2037//2037 1980//1980 2048//2048
f 2057//2057 2071//2071 2089//2089
f 2049//2049 2047//2047 2105//2105
f 2060//2060 81//81 2030//2030
f 2148//2148 2097//2097 2030//2030
f 2022//2022 2018//2018 1722//1722
f 2022//2022 69//69 2018//2018
f 2018//2018 69//69 1944//1944
f 2159//2159 69//69 2051//2051
f 2069//2069 1973//1973 2100//2100
f 2178//2178 2170//2170 2120//2120
f 1842//1842 2092//2092 2074//2074
f 2296//2296 2287//2287 2286//2286
f 2085//2085 2068//2068 1989//1989
f 2081//2081 2071//2071 2082//2082
f 2071//2071 2008//2008 2089//2089
f 2083//2083 2072//2072 2071//2071
f 2073//2073 2090//2090 2112//2112
f 2111//2111 2109//2109 2059//2059
f 2030//2030 2097//2097 78//78
f 2097//2097 2111//2111 2016//2016
f 2085//2085 2101//2101 2068//2068
f 2092//2092 2120//2120 2040//2040
f 2138//2138 2076//2076 2003//2003
f 2151//2151 2038//2038 2024//2024
f 2151//2151 2088//2088 2123//2123
f 2006//2006 2061//2061 1994//1994
f 2116//2116 2043//2043 2119//2119
f 2140//2140 2029//2029 2056//2056
f 1954//1954 2112//2112 2066//2066
f 2111//2111 2097//2097 2091//2091
f 2085//2085 1949//1949 2099//2099
f 1966//1966 1950//1950 2137//2137
f 2094//2094 2086//2086 2070//2070
f 2086//2086 2138//2138 2087//2087
f 2050//2050 2106//2106 2134//2134
f 2069//2069 2100//2100 1950//1950
f 1968//1968 1994//1994 2121//2121
f 2120//2120 2092//2092 2115//2115
f 2178//2178 2120//2120 2142//2142
f 1842//1842 1841//1841 2093//2093
f 2122//2122 2116//2116 2119//2119
f 2078//2078 2035//2035 2117//2117
f 2076//2076 2117//2117 2035//2035
f 2144//2144 2062//2062 2125//2125
f 1978//1978 2049//2049 2056//2056
f 2089//2089 1980//1980 2037//2037
f 2066//2066 2112//2112 2090//2090
f 2091//2091 2097//2097 2148//2148
f 2018//2018 2067//2067 2039//2039
f 2284//2284 2259//2259 2247//2247
f 2197//2197 69//69 2159//2159
f 1925//1925 2143//2143 1994//1994
f 2052//2052 2039//2039 2067//2067
f 2130//2130 2159//2159 2101//2101
f 2099//2099 2130//2130 2085//2085
f 2131//2131 2194//2194 2136//2136
f 2194//2194 2131//2131 1948//1948
f 1950//1950 2100//2100 1856//1856
f 2120//2120 2053//2053 2040//2040
f 2122//2122 2152//2152 2116//2116
f 2117//2117 2119//2119 2078//2078
f 2076//2076 2138//2138 2028//2028
f 2087//2087 2138//2138 2003//2003
f 2088//2088 2151//2151 2054//2054
f 2116//2116 1738//1738 2043//2043
f 2119//2119 2043//2043 2079//2079
f 2055//2055 2082//2082 1971//1971
f 2207//2207 2124//2124 2163//2163
f 2262//2262 2255//2255 2240//2240
f 2105//2105 2172//2172 2049//2049
f 2072//2072 2082//2082 2071//2071
f 2048//2048 2127//2127 2063//2063
f 2133//2133 2191//2191 2184//2184
f 2190//2190 2214//2214 2215//2215
f 2190//2190 2215//2215 2212//2212
f 2215//2215 2208//2208 2219//2219
f 2149//2149 2133//2133 2095//2095
f 2091//2091 2110//2110 2111//2111
f 1954//1954 2134//2134 2112//2112
f 2078//2078 2119//2119 2079//2079
f 2128//2128 2193//2193 2113//2113
f 2012//2012 2157//2157 2031//2031
f 2098//2098 2052//2052 2067//2067
f 1949//1949 2020//2020 2099//2099
f 1994//1994 2061//2061 1925//1925
f 2137//2137 2160//2160 1926//1926
f 1960//1960 2170//2170 2132//2132
f 2166//2166 1750//1750 2086//2086
f 2028//2028 2122//2122 2076//2076
f 2076//2076 2122//2122 2117//2117
f 2123//2123 2088//2088 2180//2180
f 2042//2042 2180//2180 2088//2088
f 2080//2080 2125//2125 2062//2062
f 2145//2145 2140//2140 2172//2172
f 2172//2172 2056//2056 2049//2049
f 2094//2094 2075//2075 2086//2086
f 2117//2117 2122//2122 2119//2119
f 2123//2123 2180//2180 2118//2118
f 2144//2144 2125//2125 2163//2163
f 2096//2096 2148//2148 2030//2030
f 2096//2096 2030//2030 81//81
f 81//81 2090//2090 2096//2096
f 2073//2073 2096//2096 2090//2090
f 2293//2293 2265//2265 2264//2264
f 2157//2157 2012//2012 2127//2127
f 2110//2110 2129//2129 2109//2109
f 2052//2052 1856//1856 2100//2100
f 2137//2137 1950//1950 2165//2165
f 1950//1950 1856//1856 2165//2165
f 2053//2053 2120//2120 1960//1960
f 2120//2120 2170//2170 1960//1960
f 2121//2121 2143//2143 2142//2142
f 2121//2121 2142//2142 2093//2093
f 2092//2092 1842//1842 2115//2115
f 2091//2091 2148//2148 2114//2114
f 2087//2087 2070//2070 2086//2086
f 2130//2130 2101//2101 2085//2085
f 2012//2012 2063//2063 2127//2127
f 2135//2135 2158//2158 2110//2110
f 2061//2061 2137//2137 1926//1926
f 2115//2115 1842//1842 2093//2093
f 2044//2044 2144//2144 2163//2163
f 2139//2139 2124//2124 2239//2239
f 2139//2139 2239//2239 2262//2262
f 2140//2140 2141//2141 2080//2080
f 2056//2056 2172//2172 2140//2140
f 1980//1980 2008//2008 2147//2147
f 2171//2171 2081//2081 2082//2082
f 2147//2147 2048//2048 1980//1980
f 2135//2135 2091//2091 2114//2114
f 2165//2165 2160//2160 2137//2137
f 2167//2167 2152//2152 2122//2122
f 2152//2152 2167//2167 2162//2162
f 2167//2167 2122//2122 2028//2028
f 2086//2086 1750//1750 2138//2138
f 2116//2116 2202//2202 1738//1738
f 2141//2141 2140//2140 2145//2145
f 2071//2071 2146//2146 2008//2008
f 2081//2081 2146//2146 2071//2071
f 2147//2147 2154//2154 2048//2048
f 2096//2096 2155//2155 2148//2148
f 2065//2065 2164//2164 2106//2106
f 2169//2169 2134//2134 2164//2164
f 2114//2114 2148//2148 2155//2155
f 1948//1948 2020//2020 2109//2109
f 1944//1944 2225//2225 2067//2067
f 2130//2130 2136//2136 2159//2159
f 1926//1926 1925//1925 2061//2061
f 2081//2081 2171//2171 2005//2005
f 2124//2124 2005//2005 2171//2171
f 2124//2124 2171//2171 2153//2153
f 2240//2240 2005//2005 2124//2124
f 2044//2044 2163//2163 2153//2153
f 2124//2124 2153//2153 2163//2163
f 2172//2172 2236//2236 2145//2145
f 2145//2145 2235//2235 2141//2141
f 2150//2150 2047//2047 2038//2038
f 2095//2095 2173//2173 2155//2155
f 2228//2228 2229//2229 2227//2227
f 2108//2108 2183//2183 2173//2173
f 2048//2048 2154//2154 2127//2127
f 2020//2020 1948//1948 2131//2131
f 2129//2129 2201//2201 1948//1948
f 2102//2102 2098//2098 2067//2067
f 2020//2020 2131//2131 2099//2099
f 1750//1750 2028//2028 2138//2138
f 2114//2114 2183//2183 2135//2135
f 2130//2130 2099//2099 2131//2131
f 2254//2254 2235//2235 2253//2253
f 2198//2198 2105//2105 2150//2150
f 2172//2172 2105//2105 2198//2198
f 2155//2155 2173//2173 2183//2183
f 2073//2073 2155//2155 2096//2096
f 2073//2073 2095//2095 2155//2155
f 2169//2169 2065//2065 2157//2157
f 2129//2129 1948//1948 2109//2109
f 2135//2135 82//82 2158//2158
f 2102//2102 2067//2067 2225//2225
f 1856//1856 2052//2052 2188//2188
f 2136//2136 2197//2197 2159//2159
f 2136//2136 2130//2130 2131//2131
f 2206//2206 2218//2218 2194//2194
f 1926//1926 2161//2161 1925//1925
f 2075//2075 2132//2132 2170//2170
f 2211//2211 2162//2162 2261//2261
f 2269//2269 2287//2287 2268//2268
f 2268//2268 2287//2287 2296//2296
f 1749//1749 2179//2179 1750//1750
f 2179//2179 2028//2028 1750//1750
f 2167//2167 2028//2028 2179//2179
f 2123//2123 2118//2118 2177//2177
f 2202//2202 2116//2116 2152//2152
f 2125//2125 2203//2203 2163//2163
f 2181//2181 2125//2125 2141//2141
f 2150//2150 2105//2105 2047//2047
f 2134//2134 2149//2149 2112//2112
f 2115//2115 2142//2142 2120//2120
f 2203//2203 2125//2125 2181//2181
f 2251//2251 2046//2046 2177//2177
f 2177//2177 2046//2046 2150//2150
f 2095//2095 2073//2073 2149//2149
f 2073//2073 2112//2112 2149//2149
f 2164//2164 2065//2065 2169//2169
f 2169//2169 2149//2149 2134//2134
f 2110//2110 2158//2158 2129//2129
f 2199//2199 2135//2135 2183//2183
f 2052//2052 2098//2098 2188//2188
f 69//69 2197//2197 1944//1944
f 2143//2143 2161//2161 2176//2176
f 2151//2151 2150//2150 2038//2038
f 2180//2180 2042//2042 1738//1738
f 2163//2163 2203//2203 2207//2207
f 2203//2203 2181//2181 2196//2196
f 2183//2183 2108//2108 2156//2156
f 2133//2133 2173//2173 2095//2095
f 2128//2128 2213//2213 2193//2193
f 2217//2217 2200//2200 2201//2201
f 2158//2158 2187//2187 2129//2129
f 2178//2178 2176//2176 2209//2209
f 2258//2258 2174//2174 2104//2104
f 2225//2225 1944//1944 2197//2197
f 2166//2166 2237//2237 1749//1749
f 2123//2123 2177//2177 2150//2150
f 2170//2170 2210//2210 2075//2075
f 2143//2143 2176//2176 2178//2178
f 2166//2166 1749//1749 1750//1750
f 2151//2151 2123//2123 2150//2150
f 2181//2181 2141//2141 2196//2196
f 2146//2146 2168//2168 2182//2182
f 2046//2046 2198//2198 2150//2150
f 2173//2173 2133//2133 2108//2108
f 2184//2184 2108//2108 2133//2133
f 2154//2154 2147//2147 2193//2193
f 2270//2270 2244//2244 2282//2282
f 2191//2191 2133//2133 2169//2169
f 2157//2157 2127//2127 2191//2191
f 2127//2127 2154//2154 2126//2126
f 1948//1948 2201//2201 2194//2194
f 82//82 2187//2187 2158//2158
f 2188//2188 2098//2098 2102//2102
f 2194//2194 2200//2200 2206//2206
f 2191//2191 2169//2169 2157//2157
f 2169//2169 2133//2133 2149//2149
f 2184//2184 2212//2212 2108//2108
f 2195//2195 2255//2255 2189//2189
f 2190//2190 2192//2192 2214//2214
f 2190//2190 2191//2191 2192//2192
f 2191//2191 2127//2127 2126//2126
f 2190//2190 2184//2184 2191//2191
f 2193//2193 2126//2126 2154//2154
f 2187//2187 2201//2201 2129//2129
f 2197//2197 2136//2136 2218//2218
f 2104//2104 1926//1926 2160//2160
f 2175//2175 2104//2104 2160//2160
f 2075//2075 2210//2210 2166//2166
f 1738//1738 2202//2202 2180//2180
f 2211//2211 2202//2202 2152//2152
f 2005//2005 2195//2195 2146//2146
f 2005//2005 2240//2240 2195//2195
f 2046//2046 2236//2236 2198//2198
f 2241//2241 2207//2207 2196//2196
f 2141//2141 2235//2235 2196//2196
f 2172//2172 2198//2198 2236//2236
f 2195//2195 2168//2168 2146//2146
f 2128//2128 2113//2113 2189//2189
f 2126//2126 2193//2193 2192//2192
f 2136//2136 2194//2194 2218//2218
f 2104//2104 2161//2161 1926//1926
f 82//82 2199//2199 2229//2229
f 2168//2168 2113//2113 2182//2182
f 2182//2182 2113//2113 2193//2193
f 2213//2213 2214//2214 2192//2192
f 2190//2190 2212//2212 2184//2184
f 2213//2213 2192//2192 2193//2193
f 1856//1856 2188//2188 2205//2205
f 2160//2160 2205//2205 2175//2175
f 2218//2218 2225//2225 2197//2197
f 2206//2206 2204//2204 2103//2103
f 2194//2194 2201//2201 2200//2200
f 2126//2126 2192//2192 2191//2191
f 2204//2204 2221//2221 2267//2267
f 2187//2187 2217//2217 2201//2201
f 83//83 84//84 2217//2217
f 83//83 2217//2217 2187//2187
f 2205//2205 2188//2188 2223//2223
f 2175//2175 2280//2280 2104//2104
f 2178//2178 1970//1970 2170//2170
f 2209//2209 2176//2176 2174//2174
f 2238//2238 1749//1749 2237//2237
f 2234//2234 2162//2162 2167//2167
f 2179//2179 1749//1749 2238//2238
f 2139//2139 2240//2240 2124//2124
f 2156//2156 2199//2199 2183//2183
f 1856//1856 2205//2205 2165//2165
f 82//82 83//83 2187//2187
f 2165//2165 2205//2205 2160//2160
f 2170//2170 1970//1970 2210//2210
f 2210//2210 2237//2237 2166//2166
f 2162//2162 2234//2234 2261//2261
f 2179//2179 2234//2234 2167//2167
f 2179//2179 2238//2238 2234//2234
f 2203//2203 2196//2196 2207//2207
f 2241//2241 2196//2196 2254//2254
f 2236//2236 2235//2235 2145//2145
f 2107//2107 2156//2156 2108//2108
f 2199//2199 2156//2156 2229//2229
f 2107//2107 2215//2215 2219//2219
f 2212//2212 2107//2107 2108//2108
f 2214//2214 2213//2213 2186//2186
f 2186//2186 2270//2270 2245//2245
f 2213//2213 2128//2128 2186//2186
f 2214//2214 2186//2186 2208//2208
f 2208//2208 2215//2215 2214//2214
f 2205//2205 2222//2222 2175//2175
f 2225//2225 2218//2218 2103//2103
f 2206//2206 2103//2103 2218//2218
f 2104//2104 2174//2174 2161//2161
f 2210//2210 1970//1970 2237//2237
f 2202//2202 2252//2252 2180//2180
f 2227//2227 2229//2229 2107//2107
f 2189//2189 2113//2113 2195//2195
f 2113//2113 2168//2168 2195//2195
f 2229//2229 83//83 82//82
f 2216//2216 2206//2206 2200//2200
f 2222//2222 2205//2205 2223//2223
f 2224//2224 2223//2223 2271//2271
f 2225//2225 2103//2103 2102//2102
f 2204//2204 2206//2206 2221//2221
f 2215//2215 2107//2107 2212//2212
f 2102//2102 2223//2223 2188//2188
f 1970//1970 2209//2209 2233//2233
f 2233//2233 2209//2209 2174//2174
f 2118//2118 2252//2252 357//357
f 2211//2211 2252//2252 2202//2202
f 2196//2196 2235//2235 2254//2254
f 2219//2219 2226//2226 2227//2227
f 2219//2219 2227//2227 2107//2107
f 2229//2229 2228//2228 83//83
f 2216//2216 2217//2217 2231//2231
f 2231//2231 2230//2230 2216//2216
f 2107//2107 2229//2229 2156//2156
f 2200//2200 2217//2217 2216//2216
f 2226//2226 2257//2257 2228//2228
f 2226//2226 2228//2228 2227//2227
f 2208//2208 2226//2226 2219//2219
f 84//84 83//83 2228//2228
f 2237//2237 2274//2274 2250//2250
f 2237//2237 2250//2250 2238//2238
f 2104//2104 2259//2259 2258//2258
f 1970//1970 2249//2249 2237//2237
f 2250//2250 2274//2274 2275//2275
f 2238//2238 2250//2250 2234//2234
f 2118//2118 2251//2251 2177//2177
f 2124//2124 2207//2207 2239//2239
f 2263//2263 2239//2239 2241//2241
f 2253//2253 2235//2235 2236//2236
f 2195//2195 2240//2240 2255//2255
f 2279//2279 2185//2185 2278//2278
f 2270//2270 2186//2186 2128//2128
f 2102//2102 2271//2271 2223//2223
f 2258//2258 2233//2233 2174//2174
f 2207//2207 2241//2241 2239//2239
f 2206//2206 2216//2216 2221//2221
f 2217//2217 84//84 2231//2231
f 2268//2268 2283//2283 357//357
f 2263//2263 2241//2241 2254//2254
f 2254//2254 2253//2253 2292//2292
f 2255//2255 2244//2244 2189//2189
f 2189//2189 2270//2270 2128//2128
f 84//84 2228//2228 2257//2257
f 2267//2267 2281//2281 2220//2220
f 2266//2266 2281//2281 2267//2267
f 2267//2267 2221//2221 2216//2216
f 2220//2220 2271//2271 2204//2204
f 2104//2104 2280//2280 2247//2247
f 2233//2233 2248//2248 1970//1970
f 2286//2286 2273//2273 2313//2313
f 2249//2249 2248//2248 2274//2274
f 2249//2249 2274//2274 2237//2237
f 2211//2211 2261//2261 2252//2252
f 2139//2139 2262//2262 2240//2240
f 2277//2277 2046//2046 2251//2251
f 2231//2231 84//84 2230//2230
f 2175//2175 2222//2222 2280//2280
f 2103//2103 2204//2204 2271//2271
f 2271//2271 2102//2102 2103//2103
f 2046//2046 2277//2277 2236//2236
f 2270//2270 2243//2243 2245//2245
f 2270//2270 2189//2189 2244//2244
f 2246//2246 2220//2220 2281//2281
f 2230//2230 2267//2267 2216//2216
f 2232//2232 2271//2271 2220//2220
f 2249//2249 1970//1970 2248//2248
f 2208//2208 2186//2186 2245//2245
f 2104//2104 2247//2247 2259//2259
f 2248//2248 2260//2260 2273//2273
f 2233//2233 2258//2258 2260//2260
f 2261//2261 2269//2269 357//357
f 2261//2261 357//357 2252//2252
f 2261//2261 2234//2234 2269//2269
f 357//357 2283//2283 2251//2251
f 2282//2282 2244//2244 2264//2264
f 2265//2265 2282//2282 2264//2264
f 2257//2257 2230//2230 84//84
f 2204//2204 2267//2267 2220//2220
f 2223//2223 2224//2224 2222//2222
f 2255//2255 2256//2256 2244//2244
f 2234//2234 2250//2250 2275//2275
f 2279//2279 2245//2245 2243//2243
f 2118//2118 357//357 2251//2251
f 2239//2239 2263//2263 2262//2262
f 2279//2279 2257//2257 2226//2226
f 2226//2226 2208//2208 2245//2245
f 2226//2226 2245//2245 2279//2279
f 2268//2268 357//357 2269//2269
f 2287//2287 2269//2269 2275//2275
f 2242//2242 2262//2262 2263//2263
f 2279//2279 2243//2243 2185//2185
f 2185//2185 2270//2270 2282//2282
f 2270//2270 2185//2185 2243//2243
f 2257//2257 2279//2279 2230//2230
f 2230//2230 2279//2279 2266//2266
f 2232//2232 2220//2220 2272//2272
f 2289//2289 2260//2260 2258//2258
f 2273//2273 2274//2274 2248//2248
f 2236//2236 2276//2276 2253//2253
f 2248//2248 2233//2233 2260//2260
f 2230//2230 2266//2266 2267//2267
f 2269//2269 2234//2234 2275//2275
f 2262//2262 2256//2256 2255//2255
f 2274//2274 2286//2286 2287//2287
f 2287//2287 2275//2275 2274//2274
f 2253//2253 2276//2276 2292//2292
f 2242//2242 2263//2263 2254//2254
f 2278//2278 2265//2265 2306//2306
f 2300//2300 2284//2284 2280//2280
f 2280//2280 2222//2222 2300//2300
f 2271//2271 2232//2232 2224//2224
f 2256//2256 2262//2262 2242//2242
f 2264//2264 2256//2256 2242//2242
f 2297//2297 2242//2242 2254//2254
f 2298//2298 2276//2276 2277//2277
f 2311//2311 2306//2306 2304//2304
f 2288//2288 2279//2279 2278//2278
f 2278//2278 2185//2185 2265//2265
f 2266//2266 2279//2279 2288//2288
f 2284//2284 2247//2247 2280//2280
f 2273//2273 2260//2260 2285//2285
f 2286//2286 2274//2274 2273//2273
f 2222//2222 2224//2224 2300//2300
f 2185//2185 2282//2282 2265//2265
f 2251//2251 2283//2283 2277//2277
f 2244//2244 2256//2256 2264//2264
f 2288//2288 2305//2305 2246//2246
f 2246//2246 2281//2281 2266//2266
f 2288//2288 2246//2246 2266//2266
f 2295//2295 2300//2300 2224//2224
f 2260//2260 2289//2289 2285//2285
f 2294//2294 2242//2242 2297//2297
f 2278//2278 2306//2306 2288//2288
f 2293//2293 2242//2242 2294//2294
f 2277//2277 2283//2283 2298//2298
f 2292//2292 2297//2297 2254//2254
f 2258//2258 2259//2259 2289//2289
f 348//348 2296//2296 2286//2286
f 2292//2292 2276//2276 2298//2298
f 2305//2305 2272//2272 2246//2246
f 2272//2272 2295//2295 2232//2232
f 2291//2291 2283//2283 2268//2268
f 2273//2273 2285//2285 2313//2313
f 2272//2272 2220//2220 2246//2246
f 2232//2232 2295//2295 2224//2224
f 2292//2292 2298//2298 2303//2303
f 2306//2306 2265//2265 2304//2304
f 2305//2305 2306//2306 2311//2311
f 2305//2305 2288//2288 2306//2306
f 2295//2295 2284//2284 2300//2300
f 2307//2307 2295//2295 2272//2272
f 2290//2290 2259//2259 2284//2284
f 2299//2299 2290//2290 2284//2284
f 2317//2317 375//375 341//341
f 2265//2265 2293//2293 2304//2304
f 2283//2283 2291//2291 2308//2308
f 2297//2297 2292//2292 2303//2303
f 2296//2296 2291//2291 2268//2268
f 2308//2308 2298//2298 2283//2283
f 2302//2302 2303//2303 2298//2298
f 2304//2304 2294//2294 2311//2311
f 2294//2294 2310//2310 2311//2311
f 2272//2272 2305//2305 2307//2307
f 2284//2284 2295//2295 2299//2299
f 2296//2296 2308//2308 2291//2291
f 2298//2298 2308//2308 2302//2302
f 2289//2289 2259//2259 2290//2290
f 2294//2294 2297//2297 2303//2303
f 2313//2313 348//348 2286//2286
f 2293//2293 2294//2294 2304//2304
f 2313//2313 2309//2309 348//348
f 2310//2310 2303//2303 2302//2302
f 2316//2316 2311//2311 2310//2310
f 2312//2312 375//375 2299//2299
f 2307//2307 2299//2299 2295//2295
f 2305//2305 2311//2311 2307//2307
f 2312//2312 2299//2299 2307//2307
f 374//374 2312//2312 2315//2315
f 2313//2313 2285//2285 2317//2317
f 2308//2308 348//348 2309//2309
f 2310//2310 2294//2294 2303//2303
f 2289//2289 2290//2290 2317//2317
f 2299//2299 375//375 2290//2290
f 2317//2317 2290//2290 375//375
f 2308//2308 2309//2309 2302//2302
f 2289//2289 2317//2317 2285//2285
f 2308//2308 2296//2296 348//348
f 356//356 2301//2301 355//355
f 362//362 421//421 356//356
f 343//343 344//344 341//341
f 2309//2309 344//344 422//422
f 374//374 2315//2315 377//377
f 421//421 2310//2310 356//356
f 341//341 375//375 374//374
f 422//422 2301//2301 2309//2309
f 421//421 364//364 2316//2316
f 355//355 2301//2301 2314//2314
f 2310//2310 2301//2301 356//356
f 2315//2315 2312//2312 2316//2316
f 375//375 2312//2312 374//374
f 2315//2315 2316//2316 370//370
f 2302//2302 2309//2309 2301//2301
f 2316//2316 2310//2310 421//421
f 2316//2316 2312//2312 2311//2311
f 2317//2317 2309//2309 2313//2313
f 2312//2312 2307//2307 2311//2311
f 2318//2318 2319//2319 2320//2320
f 2325//2325 2322//2322 2323//2323
f 2323//2323 2322//2322 342//342
f 2329//2329 2330//2330 2321//2321
f 2331//2331 2332//2332 2329//2329
f 2333//2333 2334//2334 2335//2335
f 2333//2333 2335//2335 2345//2345
f 2335//2335 2334//2334 2336//2336
f 2335//2335 2336//2336 2337//2337
f 2335//2335 2337//2337 2338//2338
f 2335//2335 2338//2338 2339//2339
f 2340//2340 2339//2339 2331//2331
f 2331//2331 2339//2339 2341//2341
f 2331//2331 2341//2341 2342//2342
f 2349//2349 2343//2343 2344//2344
f 2344//2344 2343//2343 2345//2345
f 2344//2344 2345//2345 2335//2335
f 2347//2347 2346//2346 2348//2348
f 2347//2347 2348//2348 2344//2344
f 2344//2344 2348//2348 2349//2349
f 2350//2350 2351//2351 2352//2352
f 2352//2352 2351//2351 2353//2353
f 2352//2352 2353//2353 2354//2354
f 2351//2351 2350//2350 2355//2355
f 2351//2351 2355//2355 2347//2347
f 2347//2347 2355//2355 2356//2356
f 2347//2347 2356//2356 2346//2346
f 2320//2320 2319//2319 2353//2353
f 2353//2353 2319//2319 2354//2354
f 2318//2318 2320//2320 2357//2357
f 2357//2357 2320//2320 2358//2358
f 2357//2357 2358//2358 2359//2359
f 2360//2360 2361//2361 2362//2362
f 2362//2362 2361//2361 2358//2358
f 2358//2358 2361//2361 2363//2363
f 2358//2358 2363//2363 2359//2359
f 2365//2365 2364//2364 2366//2366
f 2365//2365 2366//2366 2362//2362
f 2362//2362 2366//2366 2360//2360
f 2364//2364 2365//2365 2367//2367
f 2367//2367 2365//2365 2368//2368
f 2367//2367 2368//2368 2369//2369
f 2369//2369 2368//2368 2370//2370
f 2370//2370 2368//2368 2371//2371
f 2370//2370 2371//2371 2374//2374
f 2372//2372 2373//2373 2371//2371
f 2371//2371 2373//2373 2374//2374
f 2381//2381 2375//2375 2376//2376
f 2376//2376 2375//2375 2377//2377
f 2376//2376 2377//2377 2378//2378
f 2379//2379 2380//2380 2381//2381
f 2383//2383 2382//2382 2384//2384
f 2383//2383 2384//2384 2385//2385
f 2385//2385 2384//2384 2386//2386
f 2385//2385 2386//2386 2379//2379
f 2379//2379 2386//2386 2387//2387
f 2379//2379 2387//2387 2380//2380
f 2339//2339 2340//2340 2388//2388
f 2339//2339 2388//2388 2335//2335
f 2335//2335 2388//2388 2389//2389
f 2335//2335 2389//2389 2390//2390
f 2390//2390 2389//2389 2391//2391
f 2390//2390 2391//2391 2383//2383
f 2383//2383 2391//2391 2392//2392
f 2383//2383 2392//2392 2382//2382
f 2393//2393 2394//2394 2395//2395
f 2383//2383 2396//2396 2390//2390
f 2390//2390 2396//2396 2397//2397
f 2390//2390 2397//2397 2335//2335
f 2398//2398 2399//2399 2400//2400
f 2400//2400 2399//2399 2401//2401
f 2400//2400 2401//2401 2402//2402
f 2395//2395 2394//2394 2403//2403
f 2404//2404 2405//2405 2406//2406
f 2406//2406 2405//2405 2407//2407
f 2408//2408 2409//2409 2410//2410
f 2410//2410 2409//2409 2411//2411
f 2410//2410 2411//2411 2412//2412
f 2412//2412 2411//2411 2413//2413
f 2413//2413 2411//2411 2414//2414
f 2413//2413 2414//2414 2415//2415
f 2416//2416 2417//2417 2414//2414
f 2414//2414 2417//2417 2418//2418
f 2414//2414 2418//2418 2415//2415
f 2419//2419 2420//2420 2421//2421
f 2421//2421 2420//2420 2422//2422
f 2421//2421 2422//2422 2423//2423
f 2423//2423 2422//2422 2424//2424
f 2424//2424 2422//2422 2425//2425
f 2425//2425 2422//2422 2426//2426
f 2425//2425 2426//2426 2427//2427
f 2397//2397 2428//2428 2335//2335
f 2335//2335 2428//2428 2429//2429
f 2335//2335 2429//2429 2344//2344
f 2385//2385 2430//2430 2383//2383
f 2383//2383 2430//2430 2431//2431
f 2383//2383 2431//2431 2396//2396
f 2379//2379 2432//2432 2385//2385
f 2385//2385 2432//2432 2433//2433
f 2385//2385 2433//2433 2430//2430
f 2434//2434 2435//2435 2436//2436
f 2436//2436 2435//2435 2437//2437
f 2436//2436 2437//2437 2438//2438
f 2439//2439 2440//2440 2434//2434
f 2434//2434 2440//2440 2441//2441
f 2434//2434 2441//2441 2435//2435
f 2404//2404 2406//2406 2442//2442
f 2442//2442 2406//2406 2443//2443
f 2442//2442 2443//2443 2444//2444
f 2445//2445 2446//2446 2447//2447
f 2448//2448 2449//2449 2450//2450
f 2451//2451 2452//2452 2453//2453
f 2454//2454 2455//2455 2456//2456
f 2457//2457 2458//2458 2459//2459
f 2459//2459 2458//2458 2460//2460
f 2459//2459 2460//2460 2456//2456
f 2456//2456 2460//2460 2461//2461
f 2456//2456 2461//2461 2454//2454
f 2462//2462 2463//2463 2464//2464
f 2464//2464 2463//2463 2465//2465
f 2466//2466 2467//2467 2465//2465
f 2465//2465 2467//2467 2468//2468
f 2465//2465 2468//2468 2464//2464
f 2419//2419 2469//2469 2420//2420
f 2420//2420 2469//2469 2470//2470
f 2420//2420 2470//2470 2416//2416
f 2416//2416 2470//2470 2471//2471
f 2416//2416 2471//2471 2417//2417
f 2401//2401 2472//2472 2402//2402
f 2402//2402 2472//2472 2473//2473
f 2402//2402 2473//2473 2474//2474
f 2474//2474 2473//2473 2475//2475
f 2474//2474 2475//2475 2439//2439
f 2439//2439 2475//2475 2476//2476
f 2439//2439 2476//2476 2440//2440
f 2477//2477 2478//2478 2479//2479
f 2479//2479 2478//2478 2480//2480
f 2479//2479 2480//2480 2398//2398
f 2398//2398 2480//2480 2481//2481
f 2398//2398 2481//2481 2399//2399
f 2482//2482 2483//2483 2477//2477
f 2477//2477 2483//2483 2484//2484
f 2477//2477 2484//2484 2478//2478
f 2485//2485 2486//2486 2487//2487
f 2405//2405 2490//2490 2407//2407
f 2407//2407 2490//2490 2491//2491
f 2407//2407 2491//2491 2492//2492
f 2492//2492 2491//2491 2493//2493
f 2492//2492 2493//2493 2394//2394
f 2394//2394 2493//2493 2494//2494
f 2394//2394 2494//2494 2403//2403
f 2445//2445 2495//2495 2446//2446
f 2446//2446 2495//2495 2496//2496
f 2446//2446 2496//2496 2443//2443
f 2443//2443 2496//2496 2497//2497
f 2443//2443 2497//2497 2444//2444
f 2498//2498 2499//2499 2500//2500
f 2450//2450 2501//2501 2448//2448
f 2448//2448 2501//2501 2502//2502
f 2448//2448 2502//2502 2499//2499
f 2499//2499 2502//2502 2503//2503
f 2499//2499 2503//2503 2500//2500
f 2451//2451 2453//2453 2504//2504
f 2505//2505 2506//2506 2507//2507
f 2507//2507 2506//2506 2508//2508
f 2507//2507 2508//2508 2459//2459
f 2459//2459 2508//2508 2509//2509
f 2459//2459 2509//2509 2457//2457
f 2462//2462 2510//2510 2463//2463
f 2463//2463 2510//2510 2511//2511
f 2463//2463 2511//2511 2505//2505
f 2505//2505 2511//2511 2512//2512
f 2505//2505 2512//2512 2506//2506
f 2408//2408 2513//2513 2409//2409
f 2409//2409 2513//2513 2514//2514
f 2409//2409 2514//2514 2466//2466
f 2466//2466 2514//2514 2515//2515
f 2466//2466 2515//2515 2467//2467
f 2427//2427 2426//2426 2516//2516
f 2516//2516 2426//2426 3194//3194
f 2516//2516 3194//3194 2517//2517
f 2518//2518 2351//2351 2347//2347
f 2429//2429 2519//2519 2344//2344
f 2344//2344 2519//2519 2520//2520
f 2344//2344 2520//2520 2347//2347
f 2347//2347 2520//2520 2521//2521
f 2347//2347 2521//2521 2518//2518
f 2487//2487 2522//2522 2485//2485
f 2485//2485 2522//2522 2523//2523
f 2485//2485 2523//2523 2524//2524
f 2524//2524 2523//2523 2525//2525
f 2524//2524 2525//2525 2482//2482
f 2482//2482 2525//2525 2526//2526
f 2482//2482 2526//2526 2483//2483
f 2527//2527 2528//2528 2486//2486
f 2486//2486 2528//2528 2529//2529
f 2486//2486 2529//2529 2487//2487
f 2530//2530 2531//2531 2527//2527
f 2527//2527 2531//2531 2532//2532
f 2527//2527 2532//2532 2528//2528
f 2533//2533 2534//2534 2530//2530
f 2530//2530 2534//2534 2535//2535
f 2530//2530 2535//2535 2531//2531
f 2536//2536 2537//2537 2447//2447
f 2447//2447 2537//2537 2538//2538
f 2447//2447 2538//2538 2445//2445
f 2539//2539 2540//2540 2536//2536
f 2536//2536 2540//2540 2541//2541
f 2536//2536 2541//2541 2537//2537
f 2500//2500 2542//2542 2498//2498
f 2498//2498 2542//2542 2543//2543
f 2498//2498 2543//2543 2539//2539
f 2539//2539 2543//2543 2544//2544
f 2539//2539 2544//2544 2540//2540
f 2545//2545 2546//2546 2449//2449
f 2449//2449 2546//2546 2547//2547
f 2449//2449 2547//2547 2450//2450
f 2548//2548 2549//2549 2545//2545
f 2545//2545 2549//2549 2550//2550
f 2545//2545 2550//2550 2546//2546
f 2551//2551 2552//2552 2553//2553
f 2553//2553 2552//2552 2504//2504
f 2553//2553 2504//2504 2554//2554
f 2554//2554 2504//2504 2453//2453
f 2555//2555 2556//2556 2557//2557
f 2558//2558 2559//2559 2560//2560
f 2560//2560 2559//2559 2561//2561
f 2560//2560 2561//2561 3194//3194
f 3194//3194 2561//2561 2562//2562
f 3194//3194 2562//2562 2517//2517
f 2558//2558 2560//2560 2563//2563
f 2563//2563 2560//2560 2564//2564
f 2563//2563 2564//2564 2565//2565
f 2368//2368 2566//2566 2371//2371
f 2371//2371 2566//2566 2567//2567
f 2371//2371 2567//2567 2568//2568
f 2365//2365 2569//2569 2368//2368
f 2368//2368 2569//2569 2570//2570
f 2368//2368 2570//2570 2566//2566
f 2571//2571 2320//2320 2353//2353
f 2518//2518 2572//2572 2351//2351
f 2351//2351 2572//2572 2573//2573
f 2351//2351 2573//2573 2353//2353
f 2353//2353 2573//2573 2574//2574
f 2353//2353 2574//2574 2571//2571
f 2376//2376 2575//2575 2381//2381
f 2381//2381 2575//2575 2576//2576
f 2381//2381 2576//2576 2379//2379
f 2379//2379 2576//2576 2577//2577
f 2379//2379 2577//2577 2432//2432
f 2488//2488 2578//2578 2533//2533
f 2533//2533 2578//2578 2579//2579
f 2533//2533 2579//2579 2534//2534
f 2395//2395 2580//2580 2393//2393
f 2393//2393 2580//2580 2581//2581
f 2393//2393 2581//2581 2582//2582
f 2582//2582 2581//2581 2583//2583
f 2582//2582 2583//2583 2584//2584
f 2585//2585 2586//2586 2582//2582
f 2582//2582 2586//2586 2587//2587
f 2582//2582 2587//2587 2588//2588
f 2551//2551 2589//2589 2552//2552
f 2552//2552 2589//2589 2590//2590
f 2552//2552 2590//2590 2548//2548
f 2548//2548 2590//2590 2591//2591
f 2548//2548 2591//2591 2549//2549
f 2454//2454 2592//2592 2455//2455
f 2455//2455 2592//2592 2593//2593
f 2455//2455 2593//2593 2557//2557
f 2557//2557 2593//2593 2594//2594
f 2557//2557 2594//2594 2555//2555
f 2595//2595 2596//2596 2362//2362
f 2362//2362 2596//2596 2597//2597
f 2362//2362 2597//2597 2365//2365
f 2365//2365 2597//2597 2598//2598
f 2365//2365 2598//2598 2569//2569
f 2584//2584 2599//2599 2582//2582
f 2582//2582 2599//2599 2600//2600
f 2582//2582 2600//2600 2601//2601
f 2601//2601 2602//2602 2582//2582
f 2582//2582 2602//2602 2603//2603
f 2582//2582 2603//2603 2585//2585
f 2604//2604 2605//2605 2557//2557
f 2557//2557 2605//2605 2606//2606
f 2606//2606 2607//2607 2557//2557
f 2557//2557 2607//2607 2608//2608
f 2557//2557 2608//2608 2609//2609
f 2610//2610 2611//2611 2564//2564
f 2564//2564 2611//2611 2612//2612
f 2564//2564 2612//2612 2613//2613
f 2571//2571 2614//2614 2320//2320
f 2320//2320 2614//2614 2615//2615
f 2320//2320 2615//2615 2358//2358
f 2358//2358 2615//2615 2616//2616
f 2358//2358 2616//2616 2362//2362
f 2362//2362 2616//2616 2617//2617
f 2362//2362 2617//2617 2595//2595
f 2489//2489 2618//2618 2488//2488
f 2488//2488 2618//2618 2619//2619
f 2488//2488 2619//2619 2620//2620
f 2609//2609 2621//2621 2557//2557
f 2557//2557 2621//2621 2622//2622
f 2557//2557 2622//2622 2451//2451
f 2451//2451 2622//2622 2623//2623
f 2451//2451 2623//2623 2452//2452
f 2568//2568 2624//2624 2371//2371
f 2371//2371 2624//2624 2625//2625
f 2371//2371 2625//2625 2372//2372
f 2372//2372 2625//2625 2626//2626
f 2372//2372 2626//2626 2564//2564
f 2564//2564 2626//2626 2627//2627
f 2628//2628 2629//2629 2378//2378
f 2378//2378 2629//2629 2630//2630
f 2378//2378 2630//2630 2631//2631
f 2631//2631 2632//2632 2378//2378
f 2378//2378 2632//2632 2633//2633
f 2378//2378 2633//2633 2634//2634
f 2634//2634 2635//2635 2378//2378
f 2378//2378 2635//2635 2636//2636
f 2378//2378 2636//2636 2637//2637
f 2638//2638 2639//2639 2378//2378
f 2378//2378 2639//2639 2640//2640
f 2378//2378 2640//2640 2376//2376
f 2376//2376 2640//2640 2641//2641
f 2376//2376 2641//2641 2575//2575
f 2620//2620 2642//2642 2488//2488
f 2488//2488 2642//2642 2643//2643
f 2488//2488 2643//2643 2644//2644
f 2644//2644 2645//2645 2488//2488
f 2488//2488 2645//2645 2646//2646
f 2488//2488 2646//2646 2578//2578
f 2556//2556 2647//2647 2557//2557
f 2557//2557 2647//2647 2648//2648
f 2557//2557 2648//2648 2649//2649
f 2613//2613 2650//2650 2564//2564
f 2564//2564 2650//2650 2651//2651
f 2564//2564 2651//2651 2652//2652
f 2437//2437 2653//2653 2438//2438
f 2438//2438 2653//2653 2654//2654
f 2438//2438 2654//2654 2655//2655
f 2655//2655 2654//2654 2656//2656
f 2655//2655 2656//2656 2628//2628
f 2628//2628 2656//2656 2657//2657
f 2628//2628 2657//2657 2658//2658
f 2637//2637 2659//2659 2378//2378
f 2378//2378 2659//2659 2660//2660
f 2378//2378 2660//2660 2638//2638
f 2649//2649 2661//2661 2557//2557
f 2557//2557 2661//2661 2662//2662
f 2557//2557 2662//2662 2604//2604
f 2652//2652 2663//2663 2564//2564
f 2564//2564 2663//2663 2664//2664
f 2564//2564 2664//2664 2665//2665
f 2564//2564 2666//2666 2667//2667
f 2667//2667 2668//2668 2564//2564
f 2564//2564 2668//2668 2669//2669
f 2564//2564 2669//2669 2670//2670
f 2658//2658 2671//2671 2628//2628
f 2628//2628 2671//2671 2672//2672
f 2628//2628 2672//2672 2629//2629
f 2627//2627 2673//2673 2564//2564
f 2564//2564 2673//2673 2674//2674
f 2564//2564 2674//2674 2675//2675
f 2675//2675 2676//2676 2564//2564
f 2564//2564 2676//2676 2677//2677
f 2564//2564 2677//2677 2610//2610
f 2665//2665 2678//2678 2564//2564
f 2564//2564 2678//2678 2679//2679
f 2564//2564 2679//2679 2680//2680
f 2670//2670 2681//2681 2564//2564
f 2564//2564 2681//2681 2682//2682
f 2564//2564 2682//2682 2565//2565
f 2680//2680 2683//2683 2564//2564
f 2564//2564 2683//2683 2684//2684
f 2564//2564 2684//2684 2685//2685
f 2685//2685 2686//2686 2564//2564
f 2564//2564 2686//2686 2687//2687
f 2564//2564 2687//2687 2666//2666
f 2393//2393 2582//2582 2688//2688
f 2688//2688 2582//2582 2689//2689
f 2488//2488 2533//2533 2690//2690
f 2690//2690 2533//2533 135//135
f 2690//2690 112//112 2689//2689
f 135//135 105//105 109//109
f 135//135 109//109 2690//2690
f 109//109 111//111 2690//2690
f 2690//2690 111//111 112//112
f 112//112 114//114 2689//2689
f 117//117 105//105 2688//2688
f 114//114 117//117 2688//2688
f 2688//2688 105//105 135//135
f 114//114 2688//2688 2689//2689
f 2691//2691 2588//2588 2587//2587
f 2693//2693 2816//2816 2694//2694
f 2693//2693 2694//2694 2695//2695
f 2695//2695 2694//2694 2696//2696
f 2695//2695 2696//2696 2697//2697
f 2697//2697 2696//2696 2698//2698
f 2697//2697 2698//2698 2699//2699
f 2699//2699 2698//2698 2700//2700
f 2700//2700 2698//2698 2701//2701
f 2700//2700 2701//2701 2703//2703
f 2703//2703 2701//2701 2702//2702
f 2703//2703 2702//2702 2704//2704
f 2703//2703 2704//2704 2705//2705
f 2705//2705 2704//2704 2691//2691
f 2705//2705 2691//2691 2692//2692
f 2707//2707 2663//2663 2708//2708
f 2708//2708 2663//2663 2652//2652
f 2708//2708 2652//2652 2709//2709
f 2709//2709 2652//2652 2651//2651
f 2709//2709 2651//2651 2710//2710
f 2710//2710 2651//2651 2650//2650
f 2710//2710 2650//2650 2711//2711
f 2711//2711 2650//2650 2613//2613
f 2711//2711 2613//2613 2712//2712
f 2712//2712 2613//2613 2612//2612
f 2712//2712 2612//2612 2713//2713
f 2713//2713 2612//2612 2611//2611
f 2713//2713 2611//2611 2714//2714
f 2714//2714 2611//2611 2610//2610
f 2714//2714 2610//2610 2715//2715
f 2715//2715 2610//2610 2677//2677
f 2715//2715 2677//2677 2716//2716
f 2716//2716 2677//2677 2676//2676
f 2716//2716 2676//2676 2717//2717
f 2717//2717 2676//2676 2675//2675
f 2717//2717 2675//2675 2718//2718
f 2718//2718 2675//2675 2674//2674
f 2718//2718 2674//2674 2719//2719
f 2719//2719 2674//2674 2673//2673
f 2719//2719 2673//2673 2720//2720
f 2720//2720 2673//2673 2627//2627
f 2720//2720 2627//2627 2721//2721
f 2721//2721 2627//2627 2626//2626
f 2721//2721 2626//2626 2722//2722
f 2722//2722 2626//2626 2625//2625
f 2722//2722 2625//2625 2723//2723
f 2723//2723 2625//2625 2624//2624
f 2723//2723 2624//2624 2724//2724
f 2724//2724 2624//2624 2568//2568
f 2724//2724 2568//2568 2725//2725
f 2725//2725 2568//2568 2567//2567
f 2725//2725 2567//2567 2726//2726
f 2726//2726 2567//2567 2566//2566
f 2726//2726 2566//2566 2727//2727
f 2727//2727 2566//2566 2570//2570
f 2727//2727 2570//2570 2728//2728
f 2728//2728 2570//2570 2569//2569
f 2728//2728 2569//2569 2729//2729
f 2729//2729 2569//2569 2598//2598
f 2729//2729 2598//2598 2730//2730
f 2730//2730 2598//2598 2597//2597
f 2730//2730 2597//2597 2731//2731
f 2731//2731 2597//2597 2596//2596
f 2731//2731 2596//2596 2732//2732
f 2732//2732 2596//2596 2595//2595
f 2732//2732 2595//2595 2733//2733
f 2733//2733 2595//2595 2617//2617
f 2733//2733 2617//2617 2734//2734
f 2734//2734 2617//2617 2616//2616
f 2734//2734 2616//2616 2735//2735
f 2735//2735 2616//2616 2615//2615
f 2735//2735 2615//2615 2736//2736
f 2736//2736 2615//2615 2614//2614
f 2736//2736 2614//2614 2737//2737
f 2737//2737 2614//2614 2571//2571
f 2737//2737 2571//2571 2738//2738
f 2738//2738 2571//2571 2574//2574
f 2738//2738 2574//2574 2739//2739
f 2739//2739 2574//2574 2573//2573
f 2739//2739 2573//2573 2740//2740
f 2740//2740 2573//2573 2572//2572
f 2740//2740 2572//2572 2741//2741
f 2741//2741 2572//2572 2518//2518
f 2741//2741 2518//2518 2742//2742
f 2742//2742 2518//2518 2521//2521
f 2742//2742 2521//2521 2743//2743
f 2743//2743 2521//2521 2520//2520
f 2743//2743 2520//2520 2744//2744
f 2744//2744 2520//2520 2519//2519
f 2744//2744 2519//2519 2745//2745
f 2745//2745 2519//2519 2429//2429
f 2745//2745 2429//2429 2746//2746
f 2746//2746 2429//2429 2428//2428
f 2746//2746 2428//2428 2747//2747
f 2747//2747 2428//2428 2397//2397
f 2747//2747 2397//2397 2748//2748
f 2748//2748 2397//2397 2396//2396
f 2748//2748 2396//2396 2749//2749
f 2749//2749 2396//2396 2431//2431
f 2749//2749 2431//2431 2750//2750
f 2750//2750 2431//2431 2430//2430
f 2750//2750 2430//2430 2751//2751
f 2751//2751 2430//2430 2433//2433
f 2751//2751 2433//2433 2752//2752
f 2752//2752 2433//2433 2432//2432
f 2752//2752 2432//2432 2753//2753
f 2753//2753 2432//2432 2577//2577
f 2753//2753 2577//2577 2754//2754
f 2754//2754 2577//2577 2576//2576
f 2754//2754 2576//2576 2755//2755
f 2755//2755 2576//2576 2575//2575
f 2755//2755 2575//2575 2756//2756
f 2756//2756 2575//2575 2641//2641
f 2756//2756 2641//2641 2757//2757
f 2757//2757 2641//2641 2640//2640
f 2757//2757 2640//2640 2758//2758
f 2758//2758 2640//2640 2639//2639
f 2758//2758 2639//2639 2759//2759
f 2759//2759 2639//2639 2638//2638
f 2759//2759 2638//2638 2760//2760
f 2760//2760 2638//2638 2660//2660
f 2760//2760 2660//2660 2761//2761
f 2761//2761 2660//2660 2659//2659
f 2761//2761 2659//2659 2762//2762
f 2762//2762 2659//2659 2637//2637
f 2762//2762 2637//2637 2763//2763
f 2763//2763 2637//2637 2636//2636
f 2763//2763 2636//2636 2764//2764
f 2764//2764 2636//2636 2635//2635
f 2764//2764 2635//2635 2765//2765
f 2765//2765 2635//2635 2634//2634
f 2765//2765 2634//2634 2766//2766
f 2766//2766 2634//2634 2633//2633
f 2766//2766 2633//2633 2767//2767
f 2767//2767 2633//2633 2632//2632
f 2767//2767 2632//2632 2768//2768
f 2768//2768 2632//2632 2631//2631
f 2768//2768 2631//2631 2769//2769
f 2769//2769 2631//2631 2630//2630
f 2769//2769 2630//2630 2770//2770
f 2770//2770 2630//2630 2629//2629
f 2770//2770 2629//2629 2771//2771
f 2771//2771 2629//2629 2672//2672
f 2771//2771 2672//2672 2772//2772
f 2772//2772 2672//2672 2671//2671
f 2772//2772 2671//2671 2773//2773
f 2773//2773 2671//2671 2658//2658
f 2773//2773 2658//2658 2774//2774
f 2774//2774 2658//2658 2657//2657
f 2774//2774 2657//2657 2775//2775
f 2775//2775 2657//2657 2656//2656
f 2775//2775 2656//2656 2776//2776
f 2776//2776 2656//2656 2654//2654
f 2776//2776 2654//2654 2777//2777
f 2777//2777 2654//2654 2653//2653
f 2777//2777 2653//2653 2778//2778
f 2778//2778 2653//2653 2437//2437
f 2778//2778 2437//2437 2779//2779
f 2779//2779 2437//2437 2435//2435
f 2779//2779 2435//2435 2780//2780
f 2780//2780 2435//2435 2441//2441
f 2780//2780 2441//2441 2781//2781
f 2781//2781 2441//2441 2440//2440
f 2781//2781 2440//2440 2782//2782
f 2782//2782 2440//2440 2476//2476
f 2782//2782 2476//2476 2783//2783
f 2783//2783 2476//2476 2475//2475
f 2783//2783 2475//2475 2784//2784
f 2784//2784 2475//2475 2473//2473
f 2784//2784 2473//2473 2785//2785
f 2785//2785 2473//2473 2472//2472
f 2785//2785 2472//2472 2786//2786
f 2786//2786 2472//2472 2401//2401
f 2786//2786 2401//2401 2787//2787
f 2787//2787 2401//2401 2399//2399
f 2787//2787 2399//2399 2788//2788
f 2788//2788 2399//2399 2481//2481
f 2788//2788 2481//2481 2789//2789
f 2789//2789 2481//2481 2480//2480
f 2789//2789 2480//2480 2790//2790
f 2790//2790 2480//2480 2478//2478
f 2790//2790 2478//2478 2791//2791
f 2791//2791 2478//2478 2484//2484
f 2791//2791 2484//2484 2792//2792
f 2792//2792 2484//2484 2483//2483
f 2792//2792 2483//2483 2793//2793
f 2793//2793 2483//2483 2526//2526
f 2793//2793 2526//2526 2794//2794
f 2794//2794 2526//2526 2525//2525
f 2794//2794 2525//2525 2795//2795
f 2795//2795 2525//2525 2523//2523
f 2795//2795 2523//2523 2796//2796
f 2796//2796 2523//2523 2522//2522
f 2796//2796 2522//2522 2797//2797
f 2797//2797 2522//2522 2487//2487
f 2797//2797 2487//2487 2798//2798
f 2798//2798 2487//2487 2529//2529
f 2798//2798 2529//2529 2799//2799
f 2799//2799 2529//2529 2528//2528
f 2799//2799 2528//2528 2800//2800
f 2800//2800 2528//2528 2532//2532
f 2800//2800 2532//2532 2801//2801
f 2801//2801 2532//2532 2531//2531
f 2801//2801 2531//2531 2802//2802
f 2802//2802 2531//2531 2535//2535
f 2802//2802 2535//2535 2803//2803
f 2803//2803 2535//2535 2534//2534
f 2803//2803 2534//2534 2804//2804
f 2804//2804 2534//2534 2579//2579
f 2804//2804 2579//2579 2805//2805
f 2805//2805 2579//2579 2578//2578
f 2805//2805 2578//2578 2806//2806
f 2806//2806 2578//2578 2646//2646
f 2806//2806 2646//2646 2807//2807
f 2807//2807 2646//2646 2645//2645
f 2807//2807 2645//2645 2808//2808
f 2808//2808 2645//2645 2644//2644
f 2808//2808 2644//2644 2809//2809
f 2809//2809 2644//2644 2643//2643
f 2809//2809 2643//2643 2810//2810
f 2810//2810 2643//2643 2642//2642
f 2810//2810 2642//2642 2811//2811
f 2811//2811 2642//2642 2620//2620
f 2811//2811 2620//2620 2812//2812
f 2812//2812 2620//2620 2619//2619
f 2812//2812 2619//2619 2813//2813
f 2813//2813 2619//2619 2618//2618
f 2813//2813 2618//2618 2814//2814
f 2814//2814 2618//2618 2489//2489
f 2814//2814 2489//2489 2815//2815
f 2815//2815 2489//2489 2706//2706
f 2815//2815 2706//2706 2693//2693
f 2693//2693 2706//2706 2816//2816
f 2691//2691 2587//2587 2692//2692
f 2692//2692 2587//2587 2586//2586
f 2692//2692 2586//2586 2817//2817
f 2817//2817 2586//2586 2585//2585
f 2817//2817 2585//2585 2818//2818
f 2818//2818 2585//2585 2603//2603
f 2818//2818 2603//2603 2819//2819
f 2819//2819 2603//2603 2602//2602
f 2819//2819 2602//2602 2820//2820
f 2820//2820 2602//2602 2601//2601
f 2820//2820 2601//2601 2821//2821
f 2821//2821 2601//2601 2600//2600
f 2821//2821 2600//2600 2822//2822
f 2822//2822 2600//2600 2599//2599
f 2822//2822 2599//2599 2823//2823
f 2823//2823 2599//2599 2584//2584
f 2823//2823 2584//2584 2824//2824
f 2824//2824 2584//2584 2583//2583
f 2824//2824 2583//2583 2825//2825
f 2825//2825 2583//2583 2581//2581
f 2825//2825 2581//2581 2826//2826
f 2826//2826 2581//2581 2580//2580
f 2826//2826 2580//2580 2827//2827
f 2827//2827 2580//2580 2395//2395
f 2827//2827 2395//2395 2828//2828
f 2828//2828 2395//2395 2403//2403
f 2828//2828 2403//2403 2829//2829
f 2829//2829 2403//2403 2494//2494
f 2829//2829 2494//2494 2830//2830
f 2830//2830 2494//2494 2493//2493
f 2830//2830 2493//2493 2831//2831
f 2831//2831 2493//2493 2491//2491
f 2831//2831 2491//2491 2832//2832
f 2832//2832 2491//2491 2490//2490
f 2832//2832 2490//2490 2833//2833
f 2833//2833 2490//2490 2405//2405
f 2833//2833 2405//2405 2834//2834
f 2834//2834 2405//2405 2404//2404
f 2834//2834 2404//2404 2835//2835
f 2835//2835 2404//2404 2442//2442
f 2835//2835 2442//2442 2836//2836
f 2836//2836 2442//2442 2444//2444
f 2836//2836 2444//2444 2837//2837
f 2837//2837 2444//2444 2497//2497
f 2837//2837 2497//2497 2838//2838
f 2838//2838 2497//2497 2496//2496
f 2838//2838 2496//2496 2839//2839
f 2839//2839 2496//2496 2495//2495
f 2839//2839 2495//2495 2840//2840
f 2840//2840 2495//2495 2445//2445
f 2840//2840 2445//2445 2841//2841
f 2841//2841 2445//2445 2538//2538
f 2841//2841 2538//2538 2842//2842
f 2842//2842 2538//2538 2537//2537
f 2842//2842 2537//2537 2843//2843
f 2843//2843 2537//2537 2541//2541
f 2843//2843 2541//2541 2844//2844
f 2844//2844 2541//2541 2540//2540
f 2844//2844 2540//2540 2845//2845
f 2845//2845 2540//2540 2544//2544
f 2845//2845 2544//2544 2846//2846
f 2846//2846 2544//2544 2543//2543
f 2846//2846 2543//2543 2847//2847
f 2847//2847 2543//2543 2542//2542
f 2847//2847 2542//2542 2848//2848
f 2848//2848 2542//2542 2500//2500
f 2848//2848 2500//2500 2849//2849
f 2849//2849 2500//2500 2503//2503
f 2849//2849 2503//2503 2850//2850
f 2850//2850 2503//2503 2502//2502
f 2850//2850 2502//2502 2851//2851
f 2851//2851 2502//2502 2501//2501
f 2851//2851 2501//2501 2852//2852
f 2852//2852 2501//2501 2450//2450
f 2852//2852 2450//2450 2853//2853
f 2853//2853 2450//2450 2547//2547
f 2853//2853 2547//2547 2854//2854
f 2854//2854 2547//2547 2546//2546
f 2854//2854 2546//2546 2855//2855
f 2855//2855 2546//2546 2550//2550
f 2855//2855 2550//2550 2856//2856
f 2856//2856 2550//2550 2549//2549
f 2856//2856 2549//2549 2857//2857
f 2857//2857 2549//2549 2591//2591
f 2857//2857 2591//2591 2858//2858
f 2858//2858 2591//2591 2590//2590
f 2858//2858 2590//2590 2859//2859
f 2859//2859 2590//2590 2589//2589
f 2859//2859 2589//2589 2860//2860
f 2860//2860 2589//2589 2551//2551
f 2860//2860 2551//2551 2861//2861
f 2861//2861 2551//2551 2553//2553
f 2861//2861 2553//2553 2862//2862
f 2862//2862 2553//2553 2554//2554
f 2862//2862 2554//2554 2863//2863
f 2863//2863 2554//2554 2453//2453
f 2863//2863 2453//2453 2864//2864
f 2864//2864 2453//2453 2452//2452
f 2864//2864 2452//2452 2865//2865
f 2865//2865 2452//2452 2623//2623
f 2865//2865 2623//2623 2866//2866
f 2866//2866 2623//2623 2622//2622
f 2866//2866 2622//2622 2867//2867
f 2867//2867 2622//2622 2621//2621
f 2867//2867 2621//2621 2868//2868
f 2868//2868 2621//2621 2609//2609
f 2868//2868 2609//2609 2869//2869
f 2869//2869 2609//2609 2608//2608
f 2869//2869 2608//2608 2870//2870
f 2870//2870 2608//2608 2607//2607
f 2870//2870 2607//2607 2871//2871
f 2871//2871 2607//2607 2606//2606
f 2871//2871 2606//2606 2872//2872
f 2872//2872 2606//2606 2605//2605
f 2872//2872 2605//2605 2873//2873
f 2873//2873 2605//2605 2604//2604
f 2873//2873 2604//2604 2874//2874
f 2874//2874 2604//2604 2662//2662
f 2874//2874 2662//2662 2875//2875
f 2875//2875 2662//2662 2661//2661
f 2875//2875 2661//2661 2876//2876
f 2876//2876 2661//2661 2649//2649
f 2876//2876 2649//2649 2877//2877
f 2877//2877 2649//2649 2648//2648
f 2877//2877 2648//2648 2878//2878
f 2878//2878 2648//2648 2647//2647
f 2878//2878 2647//2647 2879//2879
f 2879//2879 2647//2647 2556//2556
f 2879//2879 2556//2556 2880//2880
f 2880//2880 2556//2556 2555//2555
f 2880//2880 2555//2555 2881//2881
f 2881//2881 2555//2555 2594//2594
f 2881//2881 2594//2594 2882//2882
f 2882//2882 2594//2594 2593//2593
f 2882//2882 2593//2593 2883//2883
f 2883//2883 2593//2593 2592//2592
f 2883//2883 2592//2592 2884//2884
f 2884//2884 2592//2592 2454//2454
f 2884//2884 2454//2454 2885//2885
f 2885//2885 2454//2454 2461//2461
f 2885//2885 2461//2461 2886//2886
f 2886//2886 2461//2461 2460//2460
f 2886//2886 2460//2460 2887//2887
f 2887//2887 2460//2460 2458//2458
f 2887//2887 2458//2458 2888//2888
f 2888//2888 2458//2458 2457//2457
f 2888//2888 2457//2457 2889//2889
f 2889//2889 2457//2457 2509//2509
f 2889//2889 2509//2509 2890//2890
f 2890//2890 2509//2509 2508//2508
f 2890//2890 2508//2508 2891//2891
f 2891//2891 2508//2508 2506//2506
f 2891//2891 2506//2506 2892//2892
f 2892//2892 2506//2506 2512//2512
f 2892//2892 2512//2512 2893//2893
f 2893//2893 2512//2512 2511//2511
f 2893//2893 2511//2511 2894//2894
f 2894//2894 2511//2511 2510//2510
f 2894//2894 2510//2510 2895//2895
f 2895//2895 2510//2510 2462//2462
f 2895//2895 2462//2462 2896//2896
f 2896//2896 2462//2462 2464//2464
f 2896//2896 2464//2464 2897//2897
f 2897//2897 2464//2464 2468//2468
f 2897//2897 2468//2468 2898//2898
f 2898//2898 2468//2468 2467//2467
f 2898//2898 2467//2467 2899//2899
f 2899//2899 2467//2467 2515//2515
f 2899//2899 2515//2515 2900//2900
f 2900//2900 2515//2515 2514//2514
f 2900//2900 2514//2514 2901//2901
f 2901//2901 2514//2514 2513//2513
f 2901//2901 2513//2513 2902//2902
f 2902//2902 2513//2513 2408//2408
f 2902//2902 2408//2408 2903//2903
f 2903//2903 2408//2408 2410//2410
f 2903//2903 2410//2410 2904//2904
f 2904//2904 2410//2410 2412//2412
f 2904//2904 2412//2412 2905//2905
f 2905//2905 2412//2412 2413//2413
f 2905//2905 2413//2413 2906//2906
f 2906//2906 2413//2413 2415//2415
f 2906//2906 2415//2415 2907//2907
f 2907//2907 2415//2415 2418//2418
f 2907//2907 2418//2418 2908//2908
f 2908//2908 2418//2418 2417//2417
f 2908//2908 2417//2417 2909//2909
f 2909//2909 2417//2417 2471//2471
f 2909//2909 2471//2471 2910//2910
f 2910//2910 2471//2471 2470//2470
f 2910//2910 2470//2470 2911//2911
f 2911//2911 2470//2470 2469//2469
f 2911//2911 2469//2469 2912//2912
f 2912//2912 2469//2469 2419//2419
f 2912//2912 2419//2419 2913//2913
f 2913//2913 2419//2419 2421//2421
f 2913//2913 2421//2421 2914//2914
f 2914//2914 2421//2421 2423//2423
f 2914//2914 2423//2423 2915//2915
f 2915//2915 2423//2423 2424//2424
f 2915//2915 2424//2424 2916//2916
f 2916//2916 2424//2424 2425//2425
f 2916//2916 2425//2425 2917//2917
f 2917//2917 2425//2425 2427//2427
f 2917//2917 2427//2427 2918//2918
f 2918//2918 2427//2427 2516//2516
f 2918//2918 2516//2516 2919//2919
f 2919//2919 2516//2516 2517//2517
f 2919//2919 2517//2517 2920//2920
f 2920//2920 2517//2517 2562//2562
f 2920//2920 2562//2562 2921//2921
f 2921//2921 2562//2562 2561//2561
f 2921//2921 2561//2561 2922//2922
f 2922//2922 2561//2561 2559//2559
f 2922//2922 2559//2559 2923//2923
f 2923//2923 2559//2559 2558//2558
f 2923//2923 2558//2558 2924//2924
f 2924//2924 2558//2558 2563//2563
f 2924//2924 2563//2563 2925//2925
f 2925//2925 2563//2563 2565//2565
f 2925//2925 2565//2565 2926//2926
f 2926//2926 2565//2565 2682//2682
f 2926//2926 2682//2682 2927//2927
f 2927//2927 2682//2682 2681//2681
f 2927//2927 2681//2681 2928//2928
f 2928//2928 2681//2681 2670//2670
f 2928//2928 2670//2670 2929//2929
f 2929//2929 2670//2670 2669//2669
f 2929//2929 2669//2669 2930//2930
f 2930//2930 2669//2669 2668//2668
f 2930//2930 2668//2668 2931//2931
f 2931//2931 2668//2668 2667//2667
f 2931//2931 2667//2667 2932//2932
f 2932//2932 2667//2667 2666//2666
f 2932//2932 2666//2666 2933//2933
f 2933//2933 2666//2666 2687//2687
f 2933//2933 2687//2687 2934//2934
f 2934//2934 2687//2687 2686//2686
f 2934//2934 2686//2686 2935//2935
f 2935//2935 2686//2686 2685//2685
f 2935//2935 2685//2685 2936//2936
f 2936//2936 2685//2685 2684//2684
f 2936//2936 2684//2684 2937//2937
f 2937//2937 2684//2684 2683//2683
f 2937//2937 2683//2683 2938//2938
f 2938//2938 2683//2683 2680//2680
f 2938//2938 2680//2680 2939//2939
f 2939//2939 2680//2680 2679//2679
f 2939//2939 2679//2679 2940//2940
f 2940//2940 2679//2679 2678//2678
f 2940//2940 2678//2678 2941//2941
f 2941//2941 2678//2678 2665//2665
f 2941//2941 2665//2665 2942//2942
f 2942//2942 2665//2665 2664//2664
f 2942//2942 2664//2664 2707//2707
f 2707//2707 2664//2664 2663//2663
f 41//41 2850//2850 2851//2851
f 39//39 38//38 2843//2843
f 2851//2851 47//47 41//41
f 39//39 2845//2845 2846//2846
f 8//8 100//100 2798//2798
f 1677//1677 2935//2935 2936//2936
f 2935//2935 1677//1677 2934//2934
f 2934//2934 1677//1677 2933//2933
f 2933//2933 1677//1677 2932//2932
f 60//60 2885//2885 2886//2886
f 56//56 2880//2880 2881//2881
f 2850//2850 40//40 2849//2849
f 2849//2849 40//40 2848//2848
f 2848//2848 40//40 39//39
f 2848//2848 39//39 2847//2847
f 2847//2847 39//39 2846//2846
f 2837//2837 35//35 2836//2836
f 2836//2836 35//35 2835//2835
f 62//62 2893//2893 2894//2894
f 60//60 2888//2888 2889//2889
f 56//56 2879//2879 2880//2880
f 2852//2852 47//47 2851//2851
f 18//18 2811//2811 2812//2812
f 2708//2708 2709//2709 70//70
f 70//70 2709//2709 2710//2710
f 70//70 2710//2710 2711//2711
f 2942//2942 1731//1731 2941//2941
f 62//62 2894//2894 2895//2895
f 2864//2864 2865//2865 47//47
f 2864//2864 47//47 2863//2863
f 2859//2859 47//47 2858//2858
f 2855//2855 2856//2856 47//47
f 2850//2850 41//41 40//40
f 2845//2845 39//39 2844//2844
f 2844//2844 39//39 2843//2843
f 2840//2840 35//35 2839//2839
f 2839//2839 35//35 2838//2838
f 2838//2838 35//35 2837//2837
f 15//15 2798//2798 2799//2799
f 9//9 8//8 2798//2798
f 2766//2766 89//89 2765//2765
f 2765//2765 89//89 2764//2764
f 2764//2764 89//89 2763//2763
f 2763//2763 89//89 2762//2762
f 2762//2762 89//89 2761//2761
f 2711//2711 2712//2712 70//70
f 70//70 2712//2712 2713//2713
f 1731//1731 2942//2942 70//70
f 70//70 2942//2942 2707//2707
f 70//70 2707//2707 2708//2708
f 60//60 2891//2891 908//908
f 908//908 2891//2891 2892//2892
f 2889//2889 2890//2890 60//60
f 60//60 2890//2890 2891//2891
f 2888//2888 60//60 2887//2887
f 2887//2887 60//60 2886//2886
f 2884//2884 60//60 2883//2883
f 2852//2852 2853//2853 47//47
f 47//47 2853//2853 2854//2854
f 47//47 2854//2854 2855//2855
f 2843//2843 38//38 2842//2842
f 35//35 2840//2840 37//37
f 23//23 2943//2943 2944//2944
f 14//14 2808//2808 2809//2809
f 1677//1677 1586//1586 2932//2932
f 2932//2932 1586//1586 2931//2931
f 2931//2931 1586//1586 2930//2930
f 2904//2904 63//63 2903//2903
f 60//60 2884//2884 2885//2885
f 474//474 2865//2865 2866//2866
f 2860//2860 47//47 2859//2859
f 2842//2842 38//38 530//530
f 35//35 34//34 2835//2835
f 2811//2811 18//18 2810//2810
f 2798//2798 100//100 98//98
f 2798//2798 98//98 2797//2797
f 2722//2722 1947//1947 2721//2721
f 2721//2721 1947//1947 2720//2720
f 2714//2714 70//70 2713//2713
f 2940//2940 1677//1677 2939//2939
f 2937//2937 1677//1677 2936//2936
f 2896//2896 62//62 2895//2895
f 2893//2893 62//62 908//908
f 2893//2893 908//908 2892//2892
f 2883//2883 60//60 725//725
f 725//725 2882//2882 2883//2883
f 2882//2882 725//725 2881//2881
f 2881//2881 725//725 56//56
f 2867//2867 603//603 474//474
f 2865//2865 474//474 47//47
f 2857//2857 2858//2858 47//47
f 697//697 25//25 24//24
f 2799//2799 2800//2800 15//15
f 15//15 2800//2800 2801//2801
f 15//15 2801//2801 2802//2802
f 2771//2771 1819//1819 2770//2770
f 2720//2720 73//73 2719//2719
f 2941//2941 1731//1731 2940//2940
f 2940//2940 1731//1731 1677//1677
f 2939//2939 1677//1677 2938//2938
f 2938//2938 1677//1677 2937//2937
f 2930//2930 1586//1586 2929//2929
f 2929//2929 1586//1586 2928//2928
f 68//68 2921//2921 2922//2922
f 68//68 2922//2922 2923//2923
f 2912//2912 1154//1154 2911//2911
f 2911//2911 1154//1154 2910//2910
f 2910//2910 1154//1154 2909//2909
f 63//63 2904//2904 2905//2905
f 63//63 2905//2905 2906//2906
f 2903//2903 63//63 62//62
f 2903//2903 62//62 2902//2902
f 2902//2902 62//62 2901//2901
f 2901//2901 62//62 2900//2900
f 2867//2867 474//474 2866//2866
f 2863//2863 47//47 2862//2862
f 2861//2861 47//47 2860//2860
f 2857//2857 47//47 2856//2856
f 2840//2840 530//530 37//37
f 697//697 24//24 23//23
f 23//23 2944//2944 2945//2945
f 23//23 2945//2945 697//697
f 2810//2810 18//18 14//14
f 2810//2810 14//14 2809//2809
f 2802//2802 2803//2803 15//15
f 15//15 2803//2803 2804//2804
f 15//15 2804//2804 2805//2805
f 2798//2798 15//15 1254//1254
f 2754//2754 2755//2755 87//87
f 2752//2752 2000//2000 2751//2751
f 2745//2745 80//80 2744//2744
f 2724//2724 1943//1943 1947//1947
f 2724//2724 1947//1947 2723//2723
f 2723//2723 1947//1947 2722//2722
f 73//73 2720//2720 1947//1947
f 2719//2719 71//71 2718//2718
f 2908//2908 63//63 2907//2907
f 2907//2907 63//63 2906//2906
f 2870//2870 603//603 2869//2869
f 2869//2869 603//603 2868//2868
f 2868//2868 603//603 2867//2867
f 2842//2842 530//530 2841//2841
f 2841//2841 530//530 2840//2840
f 2954//2954 32//32 2945//2945
f 2945//2945 32//32 697//697
f 1047//1047 2943//2943 23//23
f 2805//2805 2806//2806 15//15
f 15//15 2806//2806 2807//2807
f 15//15 2807//2807 2808//2808
f 15//15 2808//2808 14//14
f 2756//2756 87//87 2755//2755
f 2000//2000 2749//2749 2750//2750
f 2000//2000 2750//2750 2751//2751
f 2747//2747 80//80 2746//2746
f 2716//2716 70//70 2715//2715
f 2715//2715 70//70 2714//2714
f 68//68 67//67 2921//2921
f 2917//2917 65//65 2916//2916
f 2916//2916 65//65 2915//2915
f 2914//2914 65//65 1154//1154
f 2909//2909 1154//1154 2908//2908
f 2879//2879 55//55 2878//2878
f 602//602 2874//2874 2875//2875
f 2954//2954 2960//2960 34//34
f 34//34 2960//2960 2946//2946
f 34//34 2946//2946 2947//2947
f 34//34 2947//2947 2948//2948
f 34//34 2948//2948 2949//2949
f 34//34 2949//2949 2835//2835
f 2835//2835 2949//2949 2834//2834
f 2000//2000 2752//2752 2753//2753
f 2749//2749 2000//2000 2748//2748
f 2748//2748 2000//2000 2747//2747
f 2746//2746 80//80 2745//2745
f 79//79 2743//2743 2744//2744
f 79//79 2744//2744 80//80
f 2743//2743 79//79 2742//2742
f 1964//1964 1988//1988 2727//2727
f 2727//2727 1988//1988 2726//2726
f 2726//2726 1988//1988 2725//2725
f 2718//2718 70//70 2717//2717
f 2717//2717 70//70 2716//2716
f 2914//2914 1154//1154 2913//2913
f 1154//1154 63//63 2908//2908
f 2900//2900 62//62 2899//2899
f 2899//2899 62//62 2898//2898
f 2898//2898 62//62 2897//2897
f 2897//2897 62//62 2896//2896
f 2879//2879 56//56 55//55
f 1254//1254 9//9 2798//2798
f 2754//2754 2000//2000 2753//2753
f 2000//2000 80//80 2747//2747
f 2734//2734 1959//1959 2733//2733
f 1959//1959 76//76 2733//2733
f 2733//2733 76//76 2732//2732
f 2732//2732 76//76 2731//2731
f 2731//2731 76//76 2730//2730
f 76//76 2729//2729 2730//2730
f 2725//2725 1988//1988 1943//1943
f 73//73 75//75 2719//2719
f 75//75 71//71 2719//2719
f 2928//2928 1586//1586 2927//2927
f 2918//2918 65//65 2917//2917
f 2915//2915 65//65 2914//2914
f 2913//2913 1154//1154 2912//2912
f 55//55 602//602 2878//2878
f 2878//2878 602//602 2877//2877
f 2877//2877 602//602 2876//2876
f 2876//2876 602//602 2875//2875
f 2871//2871 603//603 2870//2870
f 2949//2949 2830//2830 2831//2831
f 2950//2950 2825//2825 2826//2826
f 2951//2951 2820//2820 2821//2821
f 2952//2952 2812//2812 2953//2953
f 2953//2953 2812//2812 2813//2813
f 2960//2960 2954//2954 2955//2955
f 2772//2772 1819//1819 2771//2771
f 2770//2770 1819//1819 2769//2769
f 2761//2761 1893//1893 2760//2760
f 2754//2754 87//87 2000//2000
f 2729//2729 76//76 2728//2728
f 1943//1943 2724//2724 2725//2725
f 2925//2925 68//68 2924//2924
f 2924//2924 68//68 2923//2923
f 66//66 2919//2919 2920//2920
f 66//66 2920//2920 2921//2921
f 2919//2919 65//65 2918//2918
f 2831//2831 2832//2832 2949//2949
f 2949//2949 2832//2832 2833//2833
f 2949//2949 2833//2833 2834//2834
f 2821//2821 2822//2822 2951//2951
f 2951//2951 2822//2822 2823//2823
f 2951//2951 2823//2823 2950//2950
f 2950//2950 2823//2823 2824//2824
f 2950//2950 2824//2824 2825//2825
f 2826//2826 2827//2827 2950//2950
f 2950//2950 2827//2827 2828//2828
f 2950//2950 2828//2828 2949//2949
f 2949//2949 2828//2828 2829//2829
f 2949//2949 2829//2829 2830//2830
f 2955//2955 2957//2957 2960//2960
f 2956//2956 2959//2959 2957//2957
f 2970//2970 2958//2958 2812//2812
f 2797//2797 98//98 97//97
f 95//95 2781//2781 2782//2782
f 2738//2738 1959//1959 2737//2737
f 2736//2736 1959//1959 2735//2735
f 71//71 70//70 2718//2718
f 2874//2874 602//602 2873//2873
f 2862//2862 47//47 2861//2861
f 25//25 906//906 24//24
f 33//33 32//32 34//34
f 34//34 32//32 2954//2954
f 2813//2813 2814//2814 2953//2953
f 2953//2953 2814//2814 2815//2815
f 2953//2953 2815//2815 2693//2693
f 2960//2960 2957//2957 2959//2959
f 2812//2812 2958//2958 2961//2961
f 2812//2812 2961//2961 2962//2962
f 2776//2776 1806//1806 2775//2775
f 2775//2775 1806//1806 2774//2774
f 2767//2767 1819//1819 2766//2766
f 2766//2766 1819//1819 90//90
f 89//89 1893//1893 2761//2761
f 2757//2757 87//87 2756//2756
f 2738//2738 77//77 1959//1959
f 2737//2737 1959//1959 2736//2736
f 2728//2728 76//76 2727//2727
f 2727//2727 76//76 1965//1965
f 2927//2927 1586//1586 2926//2926
f 2926//2926 1586//1586 68//68
f 2926//2926 68//68 2925//2925
f 2963//2963 2703//2703 2964//2964
f 2964//2964 2703//2703 2705//2705
f 96//96 2796//2796 97//97
f 97//97 2796//2796 2797//2797
f 94//94 2786//2786 2787//2787
f 2786//2786 94//94 2785//2785
f 2766//2766 90//90 89//89
f 2735//2735 1959//1959 2734//2734
f 1420//1420 66//66 2921//2921
f 2919//2919 66//66 65//65
f 2705//2705 2692//2692 2964//2964
f 2964//2964 2692//2692 2817//2817
f 2964//2964 2817//2817 2951//2951
f 2951//2951 2817//2817 2818//2818
f 2951//2951 2818//2818 2819//2819
f 2951//2951 2819//2819 2820//2820
f 2953//2953 2693//2693 2695//2695
f 2953//2953 2695//2695 2965//2965
f 2965//2965 2695//2695 2697//2697
f 2965//2965 2697//2697 2699//2699
f 2965//2965 2699//2699 2963//2963
f 2963//2963 2699//2699 2700//2700
f 2963//2963 2700//2700 2703//2703
f 2956//2956 2952//2952 2959//2959
f 2768//2768 1819//1819 2767//2767
f 2742//2742 79//79 2741//2741
f 2741//2741 79//79 2740//2740
f 2921//2921 67//67 1420//1420
f 2956//2956 2966//2966 2952//2952
f 2967//2967 2968//2968 2812//2812
f 2812//2812 2968//2968 2969//2969
f 2812//2812 2969//2969 2970//2970
f 2789//2789 96//96 2788//2788
f 2788//2788 96//96 2787//2787
f 2787//2787 96//96 94//94
f 2785//2785 94//94 2784//2784
f 2779//2779 95//95 1806//1806
f 2779//2779 1806//1806 2778//2778
f 2760//2760 1893//1893 2759//2759
f 2739//2739 77//77 2738//2738
f 2952//2952 2966//2966 2971//2971
f 2952//2952 2971//2971 2812//2812
f 2812//2812 2971//2971 2967//2967
f 2795//2795 96//96 2794//2794
f 2784//2784 94//94 2783//2783
f 2740//2740 79//79 2739//2739
f 2872//2872 603//603 2871//2871
f 2943//2943 22//22 2962//2962
f 2962//2962 22//22 18//18
f 2962//2962 18//18 2812//2812
f 2790//2790 96//96 2789//2789
f 2774//2774 1806//1806 2773//2773
f 2773//2773 1806//1806 1819//1819
f 1819//1819 2768//2768 2769//2769
f 2739//2739 79//79 77//77
f 2943//2943 1047//1047 22//22
f 2781//2781 95//95 2780//2780
f 2773//2773 1819//1819 2772//2772
f 602//602 603//603 2873//2873
f 2796//2796 96//96 2795//2795
f 94//94 95//95 2783//2783
f 2783//2783 95//95 2782//2782
f 2778//2778 1806//1806 2777//2777
f 2759//2759 1893//1893 2758//2758
f 2758//2758 1893//1893 2757//2757
f 2757//2757 1893//1893 87//87
f 2794//2794 96//96 2793//2793
f 2793//2793 96//96 2792//2792
f 95//95 2779//2779 2780//2780
f 1965//1965 1964//1964 2727//2727
f 2873//2873 603//603 2872//2872
f 2791//2791 96//96 2790//2790
f 96//96 2791//2791 2792//2792
f 2777//2777 1806//1806 2776//2776
f 2628//2628 2378//2378 2972//2972
f 2972//2972 2378//2378 3149//3149
f 2972//2972 178//178 171//171
f 3149//3149 177//177 2972//2972
f 177//177 1595//1595 2972//2972
f 3149//3149 175//175 176//176
f 2972//2972 1595//1595 178//178
f 3149//3149 176//176 177//177
f 2984//2984 2373//2373 2372//2372
f 2975//2975 2372//2372 2564//2564
f 2986//2986 2976//2976 2977//2977
f 2973//2973 2978//2978 2974//2974
f 2974//2974 2978//2978 3018//3018
f 3018//3018 2978//2978 3326//3326
f 2564//2564 2977//2977 2979//2979
f 2979//2979 2980//2980 2564//2564
f 2564//2564 2980//2980 2981//2981
f 2372//2372 2982//2982 2983//2983
f 2991//2991 2984//2984 2372//2372
f 2977//2977 2985//2985 2986//2986
f 2999//2999 2987//2987 2977//2977
f 2977//2977 2987//2987 2988//2988
f 2977//2977 2988//2988 2979//2979
f 2981//2981 2989//2989 2564//2564
f 2564//2564 2989//2989 2990//2990
f 2564//2564 2990//2990 2975//2975
f 2372//2372 2983//2983 2991//2991
f 2974//2974 2992//2992 2973//2973
f 3326//3326 3327//3327 3018//3018
f 2975//2975 3329//3329 2372//2372
f 2372//2372 3329//3329 3330//3330
f 2372//2372 3330//3330 3008//3008
f 2993//2993 2994//2994 2977//2977
f 2977//2977 2994//2994 2995//2995
f 2977//2977 2995//2995 2985//2985
f 3327//3327 2996//2996 3018//3018
f 3018//3018 2996//2996 3006//3006
f 2997//2997 2998//2998 2977//2977
f 2977//2977 2998//2998 2999//2999
f 3000//3000 3332//3332 2372//2372
f 2372//2372 3332//3332 3001//3001
f 2372//2372 3001//3001 324//324
f 324//324 3002//3002 2372//2372
f 2372//2372 3002//3002 3003//3003
f 3017//3017 3004//3004 2974//2974
f 2974//2974 3004//3004 2992//2992
f 3003//3003 3333//3333 2372//2372
f 2372//2372 3333//3333 3005//3005
f 3018//3018 3006//3006 3007//3007
f 2372//2372 3008//3008 3009//3009
f 2372//2372 3009//3009 3010//3010
f 2372//2372 3005//3005 3011//3011
f 2372//2372 3011//3011 3012//3012
f 2977//2977 3013//3013 2993//2993
f 3007//3007 3014//3014 3018//3018
f 2977//2977 3022//3022 3015//3015
f 2977//2977 3015//3015 2997//2997
f 2372//2372 3010//3010 3331//3331
f 2372//2372 3331//3331 3000//3000
f 2974//2974 3016//3016 3017//3017
f 2986//2986 3018//3018 2976//2976
f 3014//3014 3019//3019 3018//3018
f 3018//3018 3019//3019 3328//3328
f 2323//2323 342//342 2977//2977
f 2977//2977 342//342 3013//3013
f 3328//3328 3020//3020 3018//3018
f 3018//3018 3020//3020 2976//2976
f 3025//3025 3021//3021 2977//2977
f 2977//2977 3021//3021 3022//3022
f 3023//3023 3024//3024 2974//2974
f 2974//2974 3024//3024 3016//3016
f 2977//2977 3030//3030 3025//3025
f 2974//2974 3026//3026 3027//3027
f 2974//2974 3027//3027 3023//3023
f 3028//3028 3029//3029 2977//2977
f 2977//2977 3029//3029 3030//3030
f 2974//2974 3031//3031 3032//3032
f 2974//2974 3032//3032 3026//3026
f 2982//2982 2372//2372 3012//3012
f 2982//2982 3012//3012 2974//2974
f 2974//2974 3012//3012 3033//3033
f 2974//2974 3033//3033 3031//3031
f 3036//3036 3034//3034 2977//2977
f 2977//2977 3034//3034 3028//3028
f 2976//2976 3035//3035 2977//2977
f 2977//2977 3035//3035 3036//3036
f 2557//2557 2451//2451 3037//3037
f 3037//3037 2451//2451 3038//3038
f 118//118 236//236 3038//3038
f 3037//3037 240//240 235//235
f 3038//3038 236//236 238//238
f 3037//3037 736//736 239//239
f 3038//3038 238//238 736//736
f 736//736 3037//3037 3038//3038
f 239//239 240//240 3037//3037
f 3039//3039 3040//3040 1776//1776
f 3041//3041 3039//3039 1776//1776
f 3041//3041 3042//3042 3039//3039
f 3043//3043 207//207 3040//3040
f 205//205 3043//3043 204//204
f 204//204 3043//3043 3044//3044
f 3041//3041 3047//3047 3045//3045
f 3041//3041 3045//3045 3042//3042
f 208//208 1776//1776 3040//3040
f 202//202 204//204 3044//3044
f 3041//3041 3049//3049 3047//3047
f 207//207 208//208 3040//3040
f 3043//3043 206//206 207//207
f 201//201 3044//3044 3046//3046
f 201//201 202//202 3044//3044
f 3046//3046 200//200 201//201
f 199//199 3046//3046 3048//3048
f 3050//3050 3049//3049 3041//3041
f 3043//3043 205//205 206//206
f 3046//3046 199//199 200//200
f 3041//3041 3224//3224 3050//3050
f 196//196 3048//3048 3051//3051
f 196//196 3051//3051 3052//3052
f 3048//3048 196//196 199//199
f 3324//3324 196//196 3053//3053
f 196//196 3052//3052 3054//3054
f 196//196 3054//3054 3055//3055
f 196//196 3055//3055 3053//3053
f 135//135 136//136 139//139
f 147//147 149//149 2688//2688
f 2688//2688 153//153 155//155
f 2688//2688 141//141 142//142
f 139//139 2688//2688 135//135
f 139//139 141//141 2688//2688
f 142//142 1160//1160 143//143
f 2688//2688 156//156 133//133
f 142//142 143//143 2688//2688
f 155//155 156//156 2688//2688
f 2688//2688 149//149 153//153
f 143//143 145//145 2688//2688
f 145//145 147//147 2688//2688
f 3056//3056 3057//3057 160//160
f 3058//3058 3059//3059 162//162
f 3060//3060 3061//3061 163//163
f 3062//3062 3063//3063 164//164
f 3064//3064 2972//2972 171//171
f 171//171 3065//3065 3064//3064
f 3065//3065 171//171 168//168
f 3065//3065 168//168 3066//3066
f 3066//3066 168//168 3067//3067
f 3067//3067 168//168 3068//3068
f 3070//3070 3071//3071 170//170
f 170//170 3071//3071 3072//3072
f 170//170 3072//3072 168//168
f 168//168 3072//3072 3068//3068
f 3070//3070 170//170 3069//3069
f 3069//3069 170//170 169//169
f 3069//3069 169//169 3073//3073
f 3073//3073 169//169 3074//3074
f 3074//3074 169//169 167//167
f 3074//3074 167//167 3075//3075
f 3075//3075 167//167 3076//3076
f 3076//3076 167//167 166//166
f 166//166 165//165 3076//3076
f 3076//3076 165//165 3077//3077
f 3077//3077 165//165 3078//3078
f 3078//3078 165//165 164//164
f 3078//3078 164//164 3079//3079
f 3079//3079 164//164 3063//3063
f 3062//3062 164//164 3061//3061
f 3061//3061 164//164 163//163
f 3060//3060 163//163 3059//3059
f 3059//3059 163//163 162//162
f 3058//3058 162//162 3080//3080
f 3080//3080 162//162 3081//3081
f 3081//3081 162//162 3082//3082
f 3082//3082 162//162 161//161
f 161//161 3057//3057 3083//3083
f 161//161 3083//3083 3082//3082
f 160//160 3057//3057 161//161
f 3056//3056 160//160 3084//3084
f 3084//3084 160//160 3085//3085
f 3086//3086 3087//3087 159//159
f 159//159 158//158 3086//3086
f 3085//3085 160//160 159//159
f 3085//3085 159//159 3088//3088
f 3088//3088 159//159 3087//3087
f 3089//3089 3090//3090 158//158
f 3086//3086 158//158 3090//3090
f 135//135 3091//3091 158//158
f 3089//3089 158//158 3091//3091
f 135//135 2533//2533 3091//3091
f 3091//3091 2533//2533 3089//3089
f 3089//3089 2533//2533 2530//2530
f 3087//3087 3086//3086 2527//2527
f 2527//2527 3086//3086 2530//2530
f 2530//2530 3086//3086 3090//3090
f 2530//2530 3090//3090 3089//3089
f 3087//3087 2527//2527 3088//3088
f 3088//3088 2527//2527 2486//2486
f 3088//3088 2486//2486 3085//3085
f 2524//2524 3057//3057 2485//2485
f 2485//2485 3057//3057 3056//3056
f 3056//3056 3084//3084 2485//2485
f 2485//2485 3084//3084 2486//2486
f 2486//2486 3084//3084 3085//3085
f 2482//2482 2477//2477 3080//3080
f 3080//3080 3081//3081 2482//2482
f 2482//2482 3081//3081 3082//3082
f 2482//2482 3082//3082 2524//2524
f 2524//2524 3082//3082 3083//3083
f 2524//2524 3083//3083 3057//3057
f 2479//2479 2398//2398 3061//3061
f 3061//3061 3060//3060 2479//2479
f 2479//2479 3060//3060 3059//3059
f 2479//2479 3059//3059 2477//2477
f 2477//2477 3059//3059 3058//3058
f 2477//2477 3058//3058 3080//3080
f 2400//2400 2402//2402 3078//3078
f 3078//3078 3079//3079 2400//2400
f 2400//2400 3079//3079 3063//3063
f 2400//2400 3063//3063 2398//2398
f 2398//2398 3063//3063 3062//3062
f 2398//2398 3062//3062 3061//3061
f 3074//3074 3075//3075 2474//2474
f 2474//2474 3075//3075 3076//3076
f 2474//2474 3076//3076 2402//2402
f 2402//2402 3076//3076 3077//3077
f 2402//2402 3077//3077 3078//3078
f 3074//3074 2474//2474 2439//2439
f 3074//3074 2439//2439 3073//3073
f 3072//3072 3071//3071 2434//2434
f 2434//2434 3071//3071 3070//3070
f 2434//2434 3070//3070 2439//2439
f 2439//2439 3070//3070 3069//3069
f 2439//2439 3069//3069 3073//3073
f 3072//3072 2434//2434 2436//2436
f 3072//3072 2436//2436 3068//3068
f 3065//3065 3066//3066 2438//2438
f 2438//2438 3066//3066 3067//3067
f 2438//2438 3067//3067 2436//2436
f 2436//2436 3067//3067 3068//3068
f 3065//3065 2438//2438 2655//2655
f 3065//3065 2655//2655 3064//3064
f 2628//2628 2972//2972 2655//2655
f 2655//2655 2972//2972 3064//3064
f 2688//2688 133//133 3092//3092
f 3092//3092 133//133 134//134
f 134//134 131//131 132//132
f 131//131 130//130 132//132
f 132//132 130//130 3093//3093
f 132//132 3093//3093 3094//3094
f 132//132 3094//3094 134//134
f 130//130 3095//3095 3093//3093
f 3095//3095 130//130 3096//3096
f 3096//3096 130//130 129//129
f 3096//3096 129//129 3097//3097
f 3097//3097 129//129 3098//3098
f 3098//3098 129//129 128//128
f 128//128 3099//3099 3098//3098
f 3099//3099 128//128 3100//3100
f 3101//3101 3100//3100 127//127
f 3101//3101 127//127 3103//3103
f 3103//3103 127//127 3102//3102
f 3102//3102 127//127 3104//3104
f 3104//3104 127//127 3105//3105
f 3105//3105 127//127 126//126
f 3105//3105 126//126 3106//3106
f 3106//3106 126//126 3107//3107
f 3107//3107 126//126 3109//3109
f 3109//3109 126//126 3108//3108
f 3108//3108 126//126 125//125
f 3108//3108 125//125 3110//3110
f 3110//3110 125//125 3111//3111
f 3111//3111 125//125 122//122
f 3112//3112 122//122 3113//3113
f 3111//3111 122//122 3112//3112
f 124//124 3114//3114 3115//3115
f 3115//3115 122//122 124//124
f 3113//3113 122//122 3115//3115
f 3114//3114 124//124 3116//3116
f 3116//3116 124//124 123//123
f 123//123 3117//3117 3118//3118
f 123//123 3118//3118 3116//3116
f 121//121 3117//3117 123//123
f 121//121 3119//3119 3120//3120
f 121//121 3120//3120 3117//3117
f 3119//3119 121//121 120//120
f 120//120 3121//3121 3122//3122
f 120//120 3122//3122 3119//3119
f 3121//3121 120//120 119//119
f 119//119 3123//3123 3124//3124
f 119//119 3124//3124 3121//3121
f 3123//3123 119//119 3125//3125
f 119//119 118//118 3125//3125
f 3125//3125 118//118 3126//3126
f 3126//3126 118//118 3127//3127
f 3127//3127 118//118 3038//3038
f 134//134 3094//3094 2394//2394
f 3093//3093 3095//3095 2492//2492
f 3096//3096 3097//3097 2407//2407
f 3098//3098 3099//3099 2406//2406
f 3100//3100 3101//3101 2443//2443
f 3103//3103 3102//3102 2446//2446
f 3125//3125 2504//2504 3123//3123
f 3123//3123 2504//2504 2552//2552
f 2504//2504 3125//3125 3126//3126
f 2504//2504 3126//3126 2451//2451
f 2451//2451 3126//3126 3127//3127
f 2451//2451 3127//3127 3038//3038
f 3122//3122 2548//2548 3119//3119
f 3119//3119 2548//2548 2545//2545
f 3122//3122 3121//3121 2548//2548
f 2548//2548 3121//3121 2552//2552
f 2552//2552 3121//3121 3124//3124
f 2552//2552 3124//3124 3123//3123
f 3118//3118 2449//2449 3116//3116
f 3116//3116 2449//2449 2448//2448
f 3116//3116 2448//2448 3114//3114
f 3118//3118 3117//3117 2449//2449
f 2449//2449 3117//3117 2545//2545
f 2545//2545 3117//3117 3120//3120
f 2545//2545 3120//3120 3119//3119
f 2499//2499 2498//2498 3111//3111
f 3111//3111 3112//3112 2499//2499
f 2499//2499 3112//3112 3113//3113
f 2499//2499 3113//3113 2448//2448
f 2448//2448 3113//3113 3115//3115
f 2448//2448 3115//3115 3114//3114
f 2539//2539 2536//2536 3107//3107
f 3107//3107 3109//3109 2539//2539
f 2539//2539 3109//3109 3108//3108
f 2539//2539 3108//3108 2498//2498
f 2498//2498 3108//3108 3110//3110
f 2498//2498 3110//3110 3111//3111
f 2446//2446 3102//3102 2447//2447
f 3102//3102 3104//3104 2447//2447
f 2447//2447 3104//3104 3105//3105
f 2447//2447 3105//3105 2536//2536
f 2536//2536 3105//3105 3106//3106
f 2536//2536 3106//3106 3107//3107
f 2443//2443 3101//3101 2446//2446
f 2446//2446 3101//3101 3103//3103
f 2406//2406 3099//3099 2443//2443
f 2443//2443 3099//3099 3100//3100
f 2407//2407 3097//3097 2406//2406
f 2406//2406 3097//3097 3098//3098
f 2492//2492 3095//3095 2407//2407
f 2407//2407 3095//3095 3096//3096
f 2394//2394 3094//3094 2492//2492
f 2492//2492 3094//3094 3093//3093
f 2393//2393 2688//2688 2394//2394
f 2394//2394 2688//2688 3092//3092
f 2394//2394 3092//3092 134//134
f 181//181 180//180 3129//3129
f 175//175 3149//3149 172//172
f 172//172 3149//3149 3131//3131
f 180//180 3130//3130 3129//3129
f 180//180 179//179 3130//3130
f 3130//3130 179//179 3131//3131
f 183//183 181//181 3132//3132
f 3129//3129 3132//3132 181//181
f 3135//3135 184//184 183//183
f 3135//3135 183//183 3133//3133
f 3133//3133 183//183 3132//3132
f 184//184 3135//3135 3134//3134
f 184//184 3134//3134 182//182
f 3137//3137 185//185 3136//3136
f 3136//3136 185//185 182//182
f 3136//3136 182//182 3134//3134
f 3138//3138 186//186 3137//3137
f 3137//3137 186//186 185//185
f 188//188 187//187 3139//3139
f 187//187 3138//3138 3139//3139
f 3128//3128 189//189 188//188
f 188//188 3139//3139 3140//3140
f 188//188 3140//3140 3128//3128
f 3141//3141 190//190 3142//3142
f 3142//3142 190//190 189//189
f 3142//3142 189//189 3128//3128
f 191//191 190//190 3141//3141
f 3143//3143 192//192 191//191
f 3143//3143 191//191 3144//3144
f 3144//3144 191//191 3141//3141
f 3143//3143 193//193 192//192
f 3145//3145 195//195 194//194
f 193//193 3143//3143 3146//3146
f 193//193 3146//3146 194//194
f 194//194 3146//3146 3147//3147
f 194//194 3147//3147 3145//3145
f 3041//3041 1776//1776 3148//3148
f 3148//3148 1776//1776 195//195
f 3148//3148 195//195 3145//3145
f 3130//3130 3131//3131 3149//3149
f 3129//3129 3130//3130 3149//3149
f 3188//3188 3136//3136 3134//3134
f 2391//2391 2389//2389 3187//3187
f 2388//2388 2340//2340 3184//3184
f 3189//3189 3128//3128 3140//3140
f 2327//2327 2326//2326 3182//3182
f 2326//2326 2324//2324 3177//3177
f 2324//2324 2325//2325 3165//3165
f 3151//3151 3152//3152 3150//3150
f 3156//3156 3154//3154 3155//3155
f 3185//3185 3156//3156 3155//3155
f 3159//3159 3157//3157 3155//3155
f 3158//3158 3159//3159 3155//3155
f 3164//3164 3161//3161 3165//3165
f 3165//3165 2325//2325 2323//2323
f 2323//2323 3162//3162 3165//3165
f 3165//3165 3162//3162 3163//3163
f 3164//3164 3165//3165 3166//3166
f 3166//3166 3165//3165 3163//3163
f 3167//3167 3150//3150 3168//3168
f 3168//3168 3150//3150 3152//3152
f 3180//3180 3170//3170 3171//3171
f 3180//3180 3171//3171 3172//3172
f 3180//3180 3173//3173 3174//3174
f 3179//3179 3175//3175 3176//3176
f 3176//3176 3041//3041 3179//3179
f 3180//3180 3150//3150 3167//3167
f 3180//3180 3167//3167 3169//3169
f 3179//3179 3041//3041 3148//3148
f 3177//3177 2324//2324 3165//3165
f 3180//3180 3169//3169 3170//3170
f 3179//3179 3148//3148 3145//3145
f 3177//3177 3165//3165 3178//3178
f 3180//3180 3172//3172 3173//3173
f 3179//3179 3145//3145 3147//3147
f 3182//3182 2326//2326 3177//3177
f 3179//3179 3183//3183 3180//3180
f 3147//3147 3146//3146 3179//3179
f 3179//3179 3146//3146 3143//3143
f 3181//3181 3182//3182 3177//3177
f 3181//3181 3177//3177 3178//3178
f 3179//3179 3180//3180 3174//3174
f 3179//3179 3174//3174 3175//3175
f 2328//2328 2327//2327 3182//3182
f 3179//3179 3143//3143 3144//3144
f 3179//3179 3144//3144 3141//3141
f 3179//3179 3141//3141 3142//3142
f 3179//3179 3142//3142 3128//3128
f 3186//3186 3150//3150 3180//3180
f 3186//3186 3180//3180 3183//3183
f 3189//3189 3179//3179 3128//3128
f 3181//3181 3178//3178 3183//3183
f 3182//3182 2321//2321 2328//2328
f 3154//3154 3153//3153 3155//3155
f 3155//3155 3153//3153 3150//3150
f 3183//3183 3179//3179 3189//3189
f 3153//3153 3151//3151 3150//3150
f 3182//3182 2329//2329 2321//2321
f 2331//2331 2329//2329 3184//3184
f 3184//3184 2329//2329 3182//3182
f 3184//3184 3182//3182 3181//3181
f 2340//2340 2331//2331 3184//3184
f 3184//3184 3181//3181 3187//3187
f 3187//3187 3181//3181 3183//3183
f 3187//3187 3183//3183 3189//3189
f 3140//3140 3139//3139 3189//3189
f 3189//3189 3139//3139 3188//3188
f 3188//3188 3139//3139 3138//3138
f 3186//3186 3155//3155 3150//3150
f 3188//3188 3138//3138 3137//3137
f 3187//3187 3189//3189 3188//3188
f 2389//2389 2388//2388 3187//3187
f 3187//3187 2388//2388 3184//3184
f 3157//3157 3185//3185 3155//3155
f 3188//3188 3137//3137 3136//3136
f 2392//2392 2391//2391 3187//3187
f 3165//3165 3158//3158 3155//3155
f 3188//3188 3134//3134 3135//3135
f 3187//3187 2382//2382 2392//2392
f 2387//2387 2386//2386 3187//3187
f 3187//3187 2386//2386 2384//2384
f 3187//3187 2384//2384 2382//2382
f 2380//2380 2387//2387 3187//3187
f 3160//3160 3158//3158 3165//3165
f 3178//3178 3186//3186 3183//3183
f 3161//3161 3160//3160 3165//3165
f 3165//3165 3155//3155 3178//3178
f 3178//3178 3155//3155 3186//3186
f 3188//3188 3135//3135 3133//3133
f 2381//2381 2380//2380 3149//3149
f 3149//3149 2380//2380 3187//3187
f 3149//3149 3187//3187 3188//3188
f 3188//3188 3133//3133 3132//3132
f 3132//3132 3129//3129 3188//3188
f 3188//3188 3129//3129 3149//3149
f 2375//2375 2381//2381 3149//3149
f 2375//2375 3149//3149 2377//2377
f 2377//2377 3149//3149 2378//2378
f 3194//3194 3190//3190 2560//2560
f 2560//2560 3190//3190 3191//3191
f 2560//2560 3191//3191 2564//2564
f 2564//2564 3191//3191 3192//3192
f 2564//2564 3192//3192 2977//2977
f 2426//2426 3193//3193 3194//3194
f 2420//2420 3195//3195 3196//3196
f 2420//2420 3196//3196 2422//2422
f 2422//2422 3196//3196 3197//3197
f 2422//2422 3197//3197 2426//2426
f 2426//2426 3197//3197 3198//3198
f 2426//2426 3198//3198 3193//3193
f 2414//2414 3199//3199 2416//2416
f 2416//2416 3199//3199 3200//3200
f 2416//2416 3200//3200 2420//2420
f 2420//2420 3200//3200 3201//3201
f 2420//2420 3201//3201 3195//3195
f 2411//2411 3202//3202 2414//2414
f 3202//3202 3203//3203 2414//2414
f 2414//2414 3203//3203 3204//3204
f 2414//2414 3204//3204 3199//3199
f 2466//2466 3205//3205 2409//2409
f 2409//2409 3205//3205 3206//3206
f 2409//2409 3206//3206 2411//2411
f 2411//2411 3206//3206 3207//3207
f 2411//2411 3207//3207 3202//3202
f 2465//2465 3208//3208 2466//2466
f 2466//2466 3208//3208 3209//3209
f 3209//3209 3210//3210 2466//2466
f 2466//2466 3210//3210 3205//3205
f 2505//2505 3211//3211 2463//2463
f 3211//3211 3212//3212 2463//2463
f 2463//2463 3212//3212 3213//3213
f 2463//2463 3213//3213 2465//2465
f 2465//2465 3213//3213 3214//3214
f 2465//2465 3214//3214 3208//3208
f 2459//2459 3215//3215 2507//2507
f 2507//2507 3215//3215 3216//3216
f 2507//2507 3216//3216 2505//2505
f 2505//2505 3216//3216 3217//3217
f 2505//2505 3217//3217 3211//3211
f 3219//3219 3218//3218 2459//2459
f 2459//2459 3218//3218 3215//3215
f 3219//3219 2459//2459 2456//2456
f 3219//3219 2456//2456 3220//3220
f 3220//3220 2456//2456 3221//3221
f 3221//3221 2456//2456 2455//2455
f 3221//3221 2455//2455 3222//3222
f 3222//3222 2455//2455 2557//2557
f 3222//3222 2557//2557 3037//3037
f 3224//3224 3176//3176 3223//3223
f 3224//3224 3041//3041 3176//3176
f 3174//3174 3228//3228 3225//3225
f 3223//3223 3176//3176 3225//3225
f 3225//3225 3176//3176 3175//3175
f 3225//3225 3175//3175 3174//3174
f 3173//3173 3226//3226 3174//3174
f 3174//3174 3226//3226 3227//3227
f 3174//3174 3227//3227 3228//3228
f 3281//3281 3229//3229 3230//3230
f 3230//3230 3229//3229 3231//3231
f 3171//3171 3232//3232 3172//3172
f 3172//3172 3232//3232 3233//3233
f 3226//3226 3173//3173 3172//3172
f 3226//3226 3172//3172 3233//3233
f 3281//3281 3266//3266 3229//3229
f 2323//2323 2977//2977 3162//3162
f 3162//3162 2977//2977 3234//3234
f 3162//3162 3234//3234 3163//3163
f 3163//3163 3234//3234 3235//3235
f 3163//3163 3235//3235 3166//3166
f 3166//3166 3235//3235 3236//3236
f 3166//3166 3236//3236 3164//3164
f 3164//3164 3236//3236 3237//3237
f 3164//3164 3237//3237 3161//3161
f 3161//3161 3237//3237 3238//3238
f 3161//3161 3238//3238 3160//3160
f 3160//3160 3238//3238 3239//3239
f 3160//3160 3239//3239 3158//3158
f 3158//3158 3239//3239 3240//3240
f 3158//3158 3240//3240 3159//3159
f 3159//3159 3240//3240 3241//3241
f 3159//3159 3241//3241 3157//3157
f 3157//3157 3241//3241 3242//3242
f 3157//3157 3242//3242 3185//3185
f 3185//3185 3242//3242 3243//3243
f 3185//3185 3243//3243 3156//3156
f 3156//3156 3243//3243 3244//3244
f 3156//3156 3244//3244 3154//3154
f 3154//3154 3244//3244 3245//3245
f 3154//3154 3245//3245 3153//3153
f 3153//3153 3245//3245 3246//3246
f 3153//3153 3246//3246 3151//3151
f 3151//3151 3246//3246 3247//3247
f 3151//3151 3247//3247 3152//3152
f 3152//3152 3247//3247 3248//3248
f 3152//3152 3248//3248 3168//3168
f 3168//3168 3248//3248 3249//3249
f 3168//3168 3249//3249 3167//3167
f 3167//3167 3249//3249 3250//3250
f 3167//3167 3250//3250 3169//3169
f 3169//3169 3250//3250 3251//3251
f 3169//3169 3251//3251 3170//3170
f 3170//3170 3251//3251 3230//3230
f 3170//3170 3230//3230 3171//3171
f 3171//3171 3230//3230 3232//3232
f 3232//3232 3230//3230 3231//3231
f 3192//3192 3288//3288 2977//2977
f 3288//3288 3234//3234 2977//2977
f 3236//3236 3235//3235 3288//3288
f 3200//3200 3199//3199 3282//3282
f 3204//3204 3203//3203 3278//3278
f 3287//3287 3244//3244 3243//3243
f 3281//3281 3248//3248 3247//3247
f 3208//3208 3214//3214 3278//3278
f 3213//3213 3212//3212 3275//3275
f 3211//3211 3217//3217 3275//3275
f 3216//3216 3215//3215 3275//3275
f 3219//3219 3220//3220 3272//3272
f 3252//3252 3253//3253 3267//3267
f 3254//3254 3252//3252 3267//3267
f 3255//3255 3256//3256 3277//3277
f 3259//3259 3260//3260 3286//3286
f 3261//3261 3259//3259 3283//3283
f 3264//3264 3262//3262 3283//3283
f 3263//3263 3264//3264 3283//3283
f 3266//3266 3281//3281 3274//3274
f 3274//3274 3281//3281 3267//3267
f 3267//3267 3269//3269 3268//3268
f 3268//3268 3292//3292 3267//3267
f 3222//3222 3037//3037 3272//3272
f 3222//3222 3272//3272 3221//3221
f 3037//3037 234//234 3272//3272
f 3272//3272 234//234 3270//3270
f 3271//3271 3272//3272 3273//3273
f 3273//3273 3272//3272 3270//3270
f 3253//3253 3269//3269 3267//3267
f 3267//3267 3292//3292 3274//3274
f 3220//3220 3221//3221 3272//3272
f 3275//3275 3219//3219 3272//3272
f 3218//3218 3219//3219 3275//3275
f 3215//3215 3218//3218 3275//3275
f 3279//3279 3275//3275 3272//3272
f 3217//3217 3216//3216 3275//3275
f 3279//3279 3272//3272 3286//3286
f 3256//3256 3276//3276 3277//3277
f 3277//3277 3276//3276 3267//3267
f 3281//3281 3230//3230 3251//3251
f 3276//3276 3254//3254 3267//3267
f 3212//3212 3211//3211 3275//3275
f 3284//3284 3267//3267 3281//3281
f 3214//3214 3213//3213 3278//3278
f 3278//3278 3213//3213 3275//3275
f 3278//3278 3275//3275 3279//3279
f 3209//3209 3208//3208 3278//3278
f 3281//3281 3251//3251 3250//3250
f 3281//3281 3250//3250 3249//3249
f 3281//3281 3249//3249 3248//3248
f 3257//3257 3255//3255 3277//3277
f 3284//3284 3277//3277 3267//3267
f 3278//3278 3210//3210 3209//3209
f 3260//3260 3258//3258 3286//3286
f 3286//3286 3277//3277 3284//3284
f 3280//3280 3257//3257 3277//3277
f 3258//3258 3280//3280 3286//3286
f 3286//3286 3280//3280 3277//3277
f 3287//3287 3281//3281 3247//3247
f 3207//3207 3206//3206 3278//3278
f 3278//3278 3206//3206 3205//3205
f 3278//3278 3205//3205 3210//3210
f 3202//3202 3207//3207 3278//3278
f 3247//3247 3246//3246 3287//3287
f 3287//3287 3246//3246 3245//3245
f 3287//3287 3245//3245 3244//3244
f 3283//3283 3259//3259 3286//3286
f 3284//3284 3281//3281 3287//3287
f 3203//3203 3202//3202 3278//3278
f 3282//3282 3279//3279 3287//3287
f 3199//3199 3204//3204 3282//3282
f 3282//3282 3204//3204 3278//3278
f 3282//3282 3278//3278 3279//3279
f 3262//3262 3261//3261 3283//3283
f 3279//3279 3286//3286 3284//3284
f 3287//3287 3243//3243 3242//3242
f 3201//3201 3200//3200 3282//3282
f 3285//3285 3263//3263 3283//3283
f 3282//3282 3287//3287 3288//3288
f 3287//3287 3242//3242 3241//3241
f 3272//3272 3285//3285 3283//3283
f 3272//3272 3283//3283 3286//3286
f 3287//3287 3279//3279 3284//3284
f 3282//3282 3195//3195 3201//3201
f 3198//3198 3197//3197 3282//3282
f 3282//3282 3197//3197 3196//3196
f 3282//3282 3196//3196 3195//3195
f 3193//3193 3198//3198 3282//3282
f 3287//3287 3241//3241 3240//3240
f 3287//3287 3240//3240 3288//3288
f 3288//3288 3240//3240 3239//3239
f 3288//3288 3239//3239 3238//3238
f 3265//3265 3285//3285 3272//3272
f 3194//3194 3193//3193 3288//3288
f 3288//3288 3193//3193 3282//3282
f 3271//3271 3265//3265 3272//3272
f 3288//3288 3238//3238 3237//3237
f 3237//3237 3236//3236 3288//3288
f 3190//3190 3194//3194 3288//3288
f 3190//3190 3288//3288 3191//3191
f 3235//3235 3234//3234 3288//3288
f 3191//3191 3288//3288 3192//3192
f 212//212 211//211 3268//3268
f 196//196 3324//3324 209//209
f 209//209 3324//3324 3289//3289
f 211//211 3290//3290 3291//3291
f 211//211 210//210 3290//3290
f 3289//3289 3290//3290 209//209
f 209//209 3290//3290 210//210
f 211//211 3291//3291 3268//3268
f 3268//3268 3291//3291 3292//3292
f 3269//3269 213//213 3268//3268
f 3268//3268 213//213 212//212
f 213//213 3269//3269 3253//3253
f 213//213 3253//3253 214//214
f 3252//3252 3254//3254 215//215
f 215//215 214//214 3252//3252
f 3252//3252 214//214 3253//3253
f 3254//3254 216//216 215//215
f 3256//3256 218//218 217//217
f 3256//3256 217//217 3276//3276
f 3276//3276 217//217 3254//3254
f 3254//3254 217//217 216//216
f 3255//3255 218//218 3256//3256
f 3255//3255 219//219 218//218
f 3258//3258 221//221 3280//3280
f 3280//3280 221//221 220//220
f 3255//3255 3257//3257 219//219
f 219//219 3257//3257 3280//3280
f 219//219 3280//3280 220//220
f 3260//3260 3259//3259 223//223
f 3260//3260 223//223 3258//3258
f 3258//3258 223//223 222//222
f 3258//3258 222//222 221//221
f 224//224 3259//3259 225//225
f 3259//3259 224//224 223//223
f 3259//3259 3261//3261 225//225
f 225//225 3261//3261 3262//3262
f 225//225 3262//3262 226//226
f 3264//3264 226//226 3262//3262
f 227//227 3263//3263 228//228
f 3263//3263 227//227 3264//3264
f 3264//3264 227//227 226//226
f 3285//3285 229//229 228//228
f 3285//3285 228//228 3263//3263
f 3265//3265 230//230 3285//3285
f 3285//3285 230//230 229//229
f 3273//3273 233//233 232//232
f 3273//3273 232//232 231//231
f 3265//3265 3271//3271 231//231
f 231//231 3271//3271 3273//3273
f 231//231 230//230 3265//3265
f 3037//3037 235//235 234//234
f 233//233 3273//3273 3270//3270
f 233//233 3270//3270 234//234
f 2706//2706 2489//2489 2690//2690
f 2690//2690 2489//2489 2488//2488
f 2588//2588 2691//2691 2582//2582
f 2582//2582 2691//2691 2689//2689
f 3309//3309 3293//3293 3294//3294
f 3294//3294 3293//3293 3296//3296
f 3298//3298 3295//3295 2691//2691
f 3310//3310 3296//3296 2701//2701
f 2701//2701 3296//3296 2702//2702
f 3296//3296 3293//3293 2702//2702
f 2702//2702 3293//3293 3297//3297
f 2702//2702 3297//3297 2704//2704
f 2704//2704 3297//3297 2691//2691
f 2691//2691 3297//3297 3298//3298
f 3299//3299 3317//3317 2689//2689
f 3295//3295 3300//3300 2691//2691
f 2691//2691 3300//3300 3301//3301
f 2691//2691 3301//3301 2689//2689
f 2689//2689 3301//3301 3299//3299
f 3302//3302 3303//3303 2690//2690
f 2690//2690 3303//3303 3304//3304
f 2690//2690 3304//3304 2706//2706
f 2706//2706 3304//3304 3305//3305
f 2706//2706 3305//3305 3313//3313
f 3314//3314 3306//3306 3323//3323
f 3306//3306 3307//3307 3323//3323
f 3323//3323 3307//3307 3308//3308
f 3316//3316 3309//3309 3294//3294
f 2701//2701 2698//2698 3310//3310
f 3310//3310 2698//2698 2696//2696
f 3310//3310 2696//2696 3311//3311
f 3311//3311 2696//2696 2694//2694
f 3311//3311 2694//2694 3312//3312
f 3312//3312 2694//2694 2816//2816
f 3312//3312 2816//2816 2706//2706
f 3312//3312 2706//2706 3313//3313
f 3314//3314 3323//3323 3315//3315
f 3314//3314 3315//3315 3294//3294
f 3294//3294 3315//3315 3316//3316
f 2689//2689 3317//3317 3320//3320
f 2690//2690 3318//3318 3319//3319
f 2690//2690 3319//3319 3302//3302
f 2689//2689 3320//3320 3321//3321
f 2689//2689 3321//3321 2690//2690
f 3321//3321 3322//3322 2690//2690
f 2690//2690 3322//3322 3323//3323
f 3318//3318 2690//2690 3308//3308
f 3308//3308 2690//2690 3323//3323
f 3290//3290 3289//3289 264//264
f 263//263 264//264 3324//3324
f 264//264 3289//3289 3324//3324
f 264//264 266//266 3290//3290
f 266//266 3291//3291 3290//3290
f 266//266 3292//3292 3291//3291
f 3292//3292 266//266 269//269
f 3292//3292 269//269 268//268
f 268//268 3274//3274 3292//3292
f 3274//3274 268//268 3266//3266
f 3266//3266 268//268 271//271
f 3266//3266 271//271 3229//3229
f 3229//3229 271//271 274//274
f 3229//3229 274//274 3231//3231
f 3231//3231 274//274 275//275
f 3231//3231 275//275 3232//3232
f 3232//3232 275//275 3233//3233
f 3233//3233 275//275 273//273
f 3233//3233 273//273 3226//3226
f 3226//3226 273//273 3227//3227
f 3227//3227 273//273 276//276
f 3227//3227 276//276 3228//3228
f 3228//3228 276//276 277//277
f 3228//3228 277//277 3225//3225
f 3225//3225 277//277 3223//3223
f 3223//3223 277//277 242//242
f 3223//3223 242//242 3224//3224
f 242//242 3050//3050 3224//3224
f 242//242 243//243 3050//3050
f 3050//3050 243//243 3049//3049
f 3049//3049 243//243 242//242
f 3049//3049 242//242 3325//3325
f 3049//3049 3325//3325 3047//3047
f 3047//3047 3325//3325 249//249
f 3047//3047 249//249 3045//3045
f 3045//3045 249//249 3042//3042
f 3042//3042 249//249 251//251
f 3042//3042 251//251 3039//3039
f 3039//3039 251//251 253//253
f 3039//3039 253//253 3040//3040
f 3040//3040 253//253 3043//3043
f 3043//3043 253//253 255//255
f 3043//3043 255//255 3044//3044
f 3044//3044 255//255 257//257
f 3044//3044 257//257 3046//3046
f 3046//3046 257//257 258//258
f 3046//3046 258//258 3048//3048
f 3048//3048 258//258 259//259
f 259//259 3051//3051 3048//3048
f 3051//3051 259//259 3052//3052
f 3052//3052 259//259 261//261
f 3052//3052 261//261 3054//3054
f 262//262 3055//3055 3054//3054
f 262//262 3054//3054 261//261
f 3055//3055 262//262 3053//3053
f 3053//3053 262//262 263//263
f 263//263 3324//3324 3053//3053
f 2978//2978 282//282 3326//3326
f 3326//3326 282//282 3327//3327
f 3327//3327 282//282 337//337
f 3327//3327 337//337 283//283
f 3327//3327 283//283 2996//2996
f 285//285 2996//2996 283//283
f 2996//2996 285//285 3006//3006
f 3006//3006 285//285 3007//3007
f 3007//3007 285//285 286//286
f 3007//3007 286//286 287//287
f 3007//3007 287//287 3014//3014
f 289//289 3019//3019 3014//3014
f 289//289 3014//3014 287//287
f 3019//3019 289//289 3328//3328
f 3328//3328 289//289 290//290
f 3328//3328 290//290 292//292
f 3328//3328 292//292 3020//3020
f 292//292 293//293 3020//3020
f 3020//3020 293//293 2976//2976
f 2976//2976 293//293 294//294
f 2976//2976 294//294 3035//3035
f 3035//3035 294//294 296//296
f 3035//3035 296//296 3036//3036
f 3036//3036 296//296 3034//3034
f 3034//3034 297//297 298//298
f 298//298 3029//3029 3028//3028
f 298//298 3028//3028 3034//3034
f 3029//3029 298//298 297//297
f 3029//3029 297//297 304//304
f 3029//3029 304//304 3030//3030
f 304//304 3025//3025 3030//3030
f 304//304 305//305 3025//3025
f 3025//3025 305//305 3021//3021
f 305//305 306//306 3021//3021
f 3021//3021 306//306 307//307
f 3021//3021 307//307 3022//3022
f 3022//3022 307//307 3015//3015
f 308//308 2998//2998 2997//2997
f 308//308 2997//2997 3015//3015
f 308//308 3015//3015 307//307
f 2998//2998 308//308 311//311
f 2998//2998 311//311 309//309
f 2998//2998 309//309 2999//2999
f 2999//2999 309//309 310//310
f 2999//2999 310//310 2987//2987
f 2987//2987 310//310 2988//2988
f 2988//2988 310//310 311//311
f 2988//2988 311//311 2979//2979
f 2979//2979 311//311 312//312
f 2979//2979 312//312 2980//2980
f 2980//2980 312//312 2981//2981
f 2981//2981 312//312 313//313
f 313//313 314//314 2990//2990
f 313//313 2990//2990 2989//2989
f 313//313 2989//2989 2981//2981
f 314//314 3329//3329 2975//2975
f 314//314 2975//2975 2990//2990
f 314//314 311//311 3329//3329
f 3329//3329 311//311 315//315
f 3329//3329 315//315 3330//3330
f 316//316 317//317 3330//3330
f 317//317 3008//3008 3330//3330
f 3330//3330 315//315 316//316
f 320//320 3009//3009 317//317
f 317//317 3009//3009 3008//3008
f 3009//3009 320//320 3010//3010
f 3331//3331 320//320 316//316
f 3010//3010 320//320 3331//3331
f 3331//3331 316//316 323//323
f 3331//3331 323//323 321//321
f 3331//3331 321//321 3000//3000
f 3000//3000 321//321 3332//3332
f 3332//3332 321//321 323//323
f 3332//3332 323//323 322//322
f 3001//3001 3332//3332 324//324
f 324//324 325//325 3002//3002
f 3002//3002 325//325 326//326
f 3002//3002 326//326 3003//3003
f 3003//3003 326//326 3333//3333
f 3333//3333 326//326 329//329
f 3333//3333 329//329 327//327
f 3333//3333 327//327 3005//3005
f 3005//3005 327//327 3011//3011
f 328//328 3011//3011 327//327
f 3011//3011 328//328 3012//3012
f 3012//3012 328//328 3033//3033
f 3334//3334 3033//3033 328//328
f 3033//3033 3334//3334 331//331
f 3033//3033 331//331 3031//3031
f 3031//3031 331//331 3032//3032
f 3032//3032 331//331 3026//3026
f 331//331 332//332 3026//3026
f 3026//3026 332//332 3027//3027
f 3027//3027 332//332 330//330
f 3027//3027 330//330 334//334
f 335//335 3024//3024 3023//3023
f 335//335 3023//3023 3027//3027
f 335//335 3027//3027 334//334
f 3024//3024 335//335 3016//3016
f 3016//3016 335//335 336//336
f 3017//3017 336//336 3335//3335
f 3016//3016 336//336 3017//3017
f 3017//3017 3335//3335 3004//3004
f 3004//3004 3335//3335 2992//2992
f 3335//3335 338//338 2992//2992
f 2992//2992 338//338 339//339
f 2992//2992 339//339 2973//2973
f 2973//2973 339//339 340//340
f 2973//2973 340//340 2978//2978
f 2978//2978 340//340 282//282
f 2343//2343 2349//2349 362//362
f 2346//2346 2356//2356 3336//3336
f 2367//2367 2369//2369 372//372
f 342//342 2322//2322 343//343
f 342//342 341//341 385//385
f 342//342 385//385 3013//3013
f 3013//3013 385//385 2993//2993
f 385//385 341//341 384//384
f 384//384 2995//2995 2994//2994
f 384//384 2994//2994 2993//2993
f 384//384 2993//2993 385//385
f 383//383 2995//2995 384//384
f 2985//2985 383//383 382//382
f 2995//2995 383//383 2985//2985
f 2985//2985 382//382 2986//2986
f 2986//2986 382//382 3018//3018
f 3018//3018 382//382 381//381
f 3018//3018 381//381 2974//2974
f 2974//2974 381//381 2982//2982
f 381//381 380//380 2982//2982
f 380//380 2983//2983 2982//2982
f 2983//2983 380//380 379//379
f 2983//2983 379//379 2991//2991
f 2991//2991 379//379 378//378
f 2991//2991 378//378 2984//2984
f 378//378 377//377 2984//2984
f 2984//2984 377//377 376//376
f 2374//2374 2373//2373 376//376
f 376//376 2373//2373 2984//2984
f 376//376 373//373 2374//2374
f 2374//2374 373//373 2370//2370
f 2370//2370 373//373 2369//2369
f 2369//2369 373//373 372//372
f 372//372 370//370 371//371
f 372//372 371//371 2367//2367
f 2367//2367 371//371 2364//2364
f 371//371 2366//2366 2364//2364
f 2366//2366 371//371 2360//2360
f 2360//2360 370//370 369//369
f 370//370 2360//2360 371//371
f 2363//2363 369//369 2359//2359
f 2361//2361 2360//2360 369//369
f 2361//2361 369//369 2363//2363
f 2359//2359 369//369 368//368
f 2359//2359 368//368 2357//2357
f 2357//2357 368//368 2318//2318
f 2318//2318 368//368 367//367
f 2318//2318 367//367 2319//2319
f 2319//2319 367//367 366//366
f 366//366 2350//2350 2352//2352
f 366//366 2352//2352 2354//2354
f 366//366 2354//2354 2319//2319
f 366//366 365//365 2350//2350
f 2350//2350 365//365 2355//2355
f 2355//2355 365//365 3336//3336
f 2355//2355 3336//3336 2356//2356
f 2346//2346 3336//3336 363//363
f 2349//2349 363//363 362//362
f 2346//2346 363//363 2348//2348
f 2348//2348 363//363 2349//2349
f 362//362 2345//2345 2343//2343
f 2345//2345 362//362 361//361
f 2345//2345 361//361 2333//2333
f 2333//2333 361//361 2334//2334
f 2334//2334 361//361 360//360
f 2334//2334 360//360 2336//2336
f 2336//2336 360//360 359//359
f 2336//2336 359//359 2337//2337
f 2337//2337 359//359 2338//2338
f 2338//2338 359//359 2339//2339
f 2339//2339 359//359 358//358
f 2339//2339 358//358 2341//2341
f 2341//2341 358//358 2342//2342
f 2342//2342 358//358 354//354
f 354//354 353//353 2342//2342
f 2342//2342 353//353 2331//2331
f 2331//2331 353//353 352//352
f 2331//2331 352//352 2332//2332
f 352//352 2329//2329 2332//2332
f 2329//2329 352//352 351//351
f 351//351 2330//2330 2329//2329
f 349//349 2328//2328 2321//2321
f 350//350 2321//2321 2330//2330
f 350//350 2330//2330 351//351
f 2321//2321 350//350 349//349
f 2328//2328 349//349 2327//2327
f 349//349 347//347 2327//2327
f 2327//2327 347//347 2326//2326
f 346//346 2326//2326 347//347
f 346//346 2324//2324 2326//2326
f 346//346 345//345 2324//2324
f 2325//2325 2324//2324 345//345
f 2325//2325 345//345 343//343
f 2325//2325 343//343 2322//2322
f 2964//2964 3297//3297 2963//2963
f 2963//2963 3297//3297 3293//3293
f 2963//2963 3293//3293 2965//2965
f 2965//2965 3293//3293 3309//3309
f 2965//2965 3309//3309 2953//2953
f 2953//2953 3309//3309 3316//3316
f 2953//2953 3316//3316 2952//2952
f 2952//2952 3316//3316 3315//3315
f 2952//2952 3315//3315 2959//2959
f 2959//2959 3315//3315 3323//3323
f 2959//2959 3323//3323 3322//3322
f 2959//2959 3322//3322 2960//2960
f 2960//2960 3322//3322 3321//3321
f 2960//2960 3321//3321 2946//2946
f 2946//2946 3321//3321 3320//3320
f 2946//2946 3320//3320 2947//2947
f 2947//2947 3320//3320 3317//3317
f 2947//2947 3317//3317 2948//2948
f 2948//2948 3317//3317 3299//3299
f 2948//2948 3299//3299 2949//2949
f 2949//2949 3299//3299 3301//3301
f 2949//2949 3301//3301 3300//3300
f 2949//2949 3300//3300 2950//2950
f 2950//2950 3300//3300 3295//3295
f 2950//2950 3295//3295 2951//2951
f 2951//2951 3295//3295 3298//3298
f 2951//2951 3298//3298 2964//2964
f 2964//2964 3298//3298 3297//3297
f 2967//2967 3311//3311 2968//2968
f 2968//2968 3311//3311 3312//3312
f 2968//2968 3312//3312 2969//2969
f 2969//2969 3312//3312 3313//3313
f 2969//2969 3313//3313 2970//2970
f 2970//2970 3313//3313 3305//3305
f 2970//2970 3305//3305 2958//2958
f 2958//2958 3305//3305 3304//3304
f 2958//2958 3304//3304 2961//2961
f 2961//2961 3304//3304 3303//3303
f 2961//2961 3303//3303 2962//2962
f 2962//2962 3303//3303 3302//3302
f 2962//2962 3302//3302 2943//2943
f 2943//2943 3302//3302 3319//3319
f 2943//2943 3319//3319 2944//2944
f 2944//2944 3319//3319 3318//3318
f 2944//2944 3318//3318 2945//2945
f 2945//2945 3318//3318 2954//2954
f 2954//2954 3318//3318 3308//3308
f 2954//2954 3308//3308 2955//2955
f 2955//2955 3308//3308 3307//3307
f 2955//2955 3307//3307 2957//2957
f 2957//2957 3307//3307 3306//3306
f 2957//2957 3306//3306 3314//3314
f 2957//2957 3314//3314 2956//2956
f 2956//2956 3314//3314 3294//3294
f 2956//2956 3294//3294 2966//2966
f 2966//2966 3294//3294 3296//3296
f 2966//2966 3296//3296 2971//2971
f 2971//2971 3296//3296 3310//3310
f 2971//2971 3310//3310 2967//2967
f 2967//2967 3310//3310 3311//3311
# 6696 faces, 0 coords texture

# End of File
