# Generated by Visualization Toolkit
v 1.138439655303955 29.03745460510254 -37.8754997253418
v 0.7834502458572388 28.11273956298828 -37.17802810668945
v 0.1269262582063675 28.922332763671875 -37.75654602050781
v 0.3931032121181488 29.932945251464844 -38.03899002075195
v 1.2111395597457886 31.058692932128906 -36.78495788574219
v 2.76527738571167 30.463085174560547 -36.80886459350586
v -1.5267536640167236 28.109819412231445 -35.58303451538086
v 0.23725081980228424 27.64580726623535 -34.97629165649414
v 3.2531239986419678 28.208406448364258 -35.85527801513672
v -1.7060402631759644 28.789100646972656 -36.177467346191406
v 3.428135395050049 29.777769088745117 -36.641578674316406
v -0.5255875587463379 30.551513671875 -36.74531173706055
v 4.251712799072266 27.654521942138672 -33.09775161743164
v -3.7250990867614746 29.91362190246582 -34.92330551147461
v 5.793059349060059 29.358930587768555 -35.24848556518555
v 3.629657745361328 32.15689468383789 -35.38601303100586
v 6.176952838897705 33.117645263671875 -34.727359771728516
v 6.065419673919678 31.294219970703125 -35.31489562988281
v -2.314131259918213 27.87102508544922 -32.185733795166016
v -2.9390602111816406 28.454191207885742 -34.11603546142578
v 5.5450334548950195 28.087013244628906 -33.67253112792969
v -5.15123987197876 30.69917869567871 -33.26383590698242
v -4.653017520904541 31.63643455505371 -34.05091094970703
v -2.736220359802246 30.576574325561523 -35.790706634521484
v -2.033088445663452 31.315046310424805 -35.65733337402344
v 7.218105316162109 30.41672706604004 -33.82774353027344
v 0.010846346616744995 32.741249084472656 -34.43976974487305
v -2.6562840938568115 31.998899459838867 -34.65340805053711
v 4.943414211273193 34.08932113647461 -34.68275833129883
v 3.7826716899871826 34.99999237060547 -34.194541931152344
v 7.403963088989258 33.98614501953125 -33.52224349975586
v 7.803035259246826 35.13739776611328 -33.990928649902344
v 5.269743919372559 37.30216598510742 -33.91646957397461
v 6.2388410568237305 36.68741226196289 -34.45263671875
v 7.5941338539123535 35.33163070678711 -33.56952667236328
v 7.026210784912109 37.11739730834961 -33.83649444580078
v 5.64606237411499 28.026975631713867 -31.079856872558594
v -3.849400281906128 33.233070373535156 -33.51094436645508
v -2.375112533569336 33.37440490722656 -33.692813873291016
v -3.0330183506011963 35.62149429321289 -33.14698028564453
v -3.745089054107666 35.105316162109375 -31.18907928466797
v 0.5660339593887329 35.27129364013672 -32.85976028442383
v -2.0842416286468506 36.2779655456543 -33.12166976928711
v 3.0648093223571777 37.05101013183594 -32.32192611694336
v 2.2375833988189697 27.612606048583984 -29.128000259399414
v -4.869696140289307 30.155309677124023 -32.01326370239258
v 7.381600856781006 30.656309127807617 -32.114532470703125
v -3.8676540851593018 34.629642486572266 -32.769962310791016
v -0.49599689245224 36.86629867553711 -32.34689712524414
v -2.3776774406433105 37.42453384399414 -31.639236450195312
v 5.984505653381348 36.59990692138672 -31.525285720825195
v 5.517699241638184 28.747671127319336 -28.3636474609375
v 7.365832328796387 34.68858337402344 -31.823034286499023
v 1.0413247346878052 36.96359634399414 -31.724267959594727
v 1.6174143552780151 37.22882843017578 -31.141494750976562
v 4.980749607086182 37.595558166503906 -32.13615417480469
v -4.959208965301514 33.30225372314453 -31.402931213378906
v 6.373020172119141 34.1124382019043 -30.127573013305664
v -1.324102759361267 37.11433410644531 -30.536975860595703
v 0.17622119188308716 27.5877685546875 -27.929275512695312
v -4.966256618499756 31.908565521240234 -30.7788143157959
v 6.72261381149292 30.990272521972656 -30.154937744140625
v -3.6966023445129395 33.9646110534668 -29.272451400756836
v -1.452552318572998 36.05531311035156 -29.503368377685547
v -3.1400904655456543 31.37932777404785 -27.534299850463867
v -2.596097230911255 32.731380462646484 -27.707124710083008
v -2.4347307682037354 35.42139434814453 -29.44240379333496
v 4.852327346801758 37.044700622558594 -30.89066505432129
v 2.5103533267974854 36.93741226196289 -30.242143630981445
v 2.0898241996765137 26.788192749023438 -26.21279525756836
v 3.190530776977539 26.972183227539062 -25.73802947998047
v 4.2668657302856445 27.863420486450195 -27.18577003479004
v -2.5055599212646484 28.960643768310547 -28.575443267822266
v -1.7563285827636719 31.99834632873535 -26.265384674072266
v 5.382633686065674 31.605154037475586 -28.155149459838867
v -1.20805025100708 33.331398010253906 -27.64995574951172
v 3.493149518966675 32.96280288696289 -27.67081069946289
v -1.2642323970794678 28.049678802490234 -27.898252487182617
v -3.1403415203094482 29.90909194946289 -28.29849624633789
v 5.00959587097168 29.852649688720703 -26.566865921020508
v 4.586514472961426 30.876562118530273 -26.555959701538086
v 2.446323871612549 32.84250259399414 -27.306379318237305
v 4.415153503417969 28.760351181030273 -24.470752716064453
v 2.396091938018799 26.80146026611328 -23.929513931274414
v -0.9036814570426941 27.9965763092041 -23.385223388671875
v -2.002986431121826 30.656978607177734 -24.514387130737305
v -0.5085024237632751 30.171537399291992 -23.10414695739746
v 2.1395132541656494 31.356857299804688 -25.218849182128906
v 3.906022548675537 30.057954788208008 -24.221622467041016
v -2.151958703994751 29.490880966186523 -24.363807678222656
v 0.43200019001960754 26.87674903869629 -23.300243377685547
v 2.3350443840026855 28.10032844543457 -21.716859817504883
v 1.968103051185608 29.6124210357666 -21.920635223388672
v 0.40183502435684204 28.1544246673584 -20.260648727416992
v 0.898408830165863 28.17474937438965 -20.20816993713379
v -32.04667663574219 1.2102612257003784 -19.797590255737305
v -32.88573455810547 2.8349766731262207 -19.99602699279785
v 0.36358219385147095 28.630006790161133 -20.170564651489258
v 1.8408641815185547 28.84014892578125 -20.967939376831055
v 0.3107455372810364 29.468095779418945 -21.094161987304688
v -33.772071838378906 1.3006131649017334 -19.06560707092285
v -33.3128662109375 1.6657606363296509 -19.886817932128906
v -34.612892150878906 2.9376590251922607 -18.774749755859375
v -32.34506607055664 2.872540235519409 -19.326311111450195
v -33.59211349487305 1.2723886966705322 -18.145326614379883
v -34.71200180053711 2.1288836002349854 -18.092243194580078
v -36.15003204345703 2.500483512878418 -17.497920989990234
v -36.05602264404297 3.5602147579193115 -17.92563819885254
v -35.27182388305664 4.057926177978516 -18.107704162597656
v -34.190528869628906 4.6979522705078125 -17.58234405517578
v -32.67635726928711 4.243547439575195 -17.68348503112793
v -34.24076843261719 1.895856499671936 -17.256568908691406
v -32.203914642333984 2.353975296020508 -18.478822708129883
v -35.97236251831055 4.6450066566467285 -17.13294219970703
v -36.30842590332031 2.661118507385254 -16.464275360107422
v -34.876922607421875 2.6226468086242676 -15.281744003295898
v -33.05820846557617 2.411317825317383 -16.87564468383789
v -33.417449951171875 4.731790542602539 -16.441835403442383
v -36.539527893066406 4.534903526306152 -16.0926570892334
v -36.98091506958008 6.204746723175049 -15.982710838317871
v -37.75368881225586 6.956303119659424 -15.854215621948242
v -36.089900970458984 5.949208736419678 -16.48589324951172
v -37.21195602416992 8.364072799682617 -16.43765640258789
v -35.332942962646484 6.508484363555908 -16.373464584350586
v -34.58049774169922 6.993168830871582 -15.617323875427246
v -37.999698638916016 10.837909698486328 -16.123319625854492
v -36.57599639892578 9.990535736083984 -16.135141372680664
v -36.73716354370117 11.345392227172852 -15.321891784667969
v -36.066436767578125 4.653410911560059 -13.751734733581543
v -33.939640045166016 4.597451686859131 -14.15004825592041
v -33.394287109375 4.3413825035095215 -15.379594802856445
v -37.82758712768555 6.402946472167969 -14.976128578186035
v -33.774932861328125 6.54397439956665 -14.618717193603516
v -38.15391540527344 8.993696212768555 -15.88545036315918
v -35.48299789428711 9.07116413116455 -15.754937171936035
v -34.90161895751953 9.131793022155762 -14.749064445495605
v -36.00609588623047 10.981119155883789 -14.772953987121582
v -38.75116729736328 11.631114959716797 -15.300740242004395
v -37.84790802001953 12.317695617675781 -15.47809886932373
v -39.10392761230469 15.06246566772461 -14.779707908630371
v -37.088321685791016 12.83446979522705 -14.79302978515625
v -38.433074951171875 15.615453720092773 -15.22957992553711
v -37.3931999206543 16.064481735229492 -14.841089248657227
v -34.63275146484375 4.185377597808838 -13.914199829101562
v -36.93404769897461 5.239739894866943 -14.565534591674805
v -38.26096725463867 8.17951774597168 -14.49044132232666
v -34.55120086669922 7.33860969543457 -14.348925590515137
v -39.07110595703125 9.436511039733887 -15.04690170288086
v -36.151912689208984 9.758790016174316 -13.343632698059082
v -38.9872932434082 17.038787841796875 -13.975299835205078
v -37.37611389160156 17.523780822753906 -14.248876571655273
v -39.14057159423828 22.86505699157715 -13.714698791503906
v -38.29912185668945 17.38792610168457 -14.454974174499512
v -36.98597717285156 22.350343704223633 -13.852129936218262
v -38.2881965637207 23.117843627929688 -14.457301139831543
v -36.18741226196289 23.176563262939453 -13.06177043914795
v 32.20314407348633 -1.8228830099105835 -13.027381896972656
v 32.22924041748047 -1.8862156867980957 -13.02399730682373
v 32.142822265625 -1.1741892099380493 -13.02554988861084
v 32.176570892333984 -1.1922448873519897 -13.030858993530273
v -37.4863395690918 6.532751560211182 -14.082320213317871
v -35.8619499206543 7.250180721282959 -13.009835243225098
v -38.38837814331055 9.714116096496582 -13.28264331817627
v -35.156898498535156 7.276612281799316 -13.337445259094238
v -39.062313079833984 10.437865257263184 -14.198036193847656
v -39.2080192565918 14.775720596313477 -13.562568664550781
v -36.846885681152344 11.922977447509766 -13.658656120300293
v -39.28190994262695 20.114208221435547 -13.031524658203125
v -36.97679901123047 17.84189796447754 -13.43393325805664
v -36.56306076049805 22.459854125976562 -12.332137107849121
v -38.57714080810547 24.203292846679688 -14.00190544128418
v -37.39396667480469 23.996231079101562 -14.241080284118652
v -37.740821838378906 26.086057662963867 -12.590394020080566
v -37.16796875 26.186708450317383 -12.421321868896484
v 32.182586669921875 -1.439732551574707 -13.011979103088379
v 32.141319274902344 -0.9911795854568481 -13.021292686462402
v -34.786861419677734 6.444780349731445 -13.039826393127441
v -36.99128341674805 7.900691509246826 -12.95691204071045
v -37.7872314453125 10.768304824829102 -12.783331871032715
v -37.319515228271484 11.780925750732422 -12.94834041595459
v -38.16889190673828 13.415472030639648 -12.7948579788208
v -37.25065231323242 16.996326446533203 -12.8743257522583
v -38.89891052246094 17.497636795043945 -12.75017261505127
v 39.21989440917969 14.339310646057129 -12.347189903259277
v -37.94207763671875 16.828481674194336 -12.514762878417969
v 38.30907440185547 16.65872573852539 -12.39059066772461
v 38.50042724609375 18.82062530517578 -12.014795303344727
v 40.11724090576172 14.452041625976562 -11.858431816101074
v 39.621219635009766 17.93990707397461 -12.422309875488281
v -39.207679748535156 24.082653045654297 -12.235426902770996
v -36.73341369628906 23.716259002685547 -11.854002952575684
v 22.018465042114258 63.94751739501953 -11.665742874145508
v 25.460554122924805 63.56325149536133 -12.148120880126953
v 21.31290626525879 64.82371520996094 -11.616044998168945
v 25.607267379760742 64.70842742919922 -12.33276653289795
v 22.391767501831055 65.07994079589844 -12.460137367248535
v 22.301481246948242 66.28485107421875 -12.608949661254883
v 24.347753524780273 67.19444274902344 -12.438970565795898
v 26.487098693847656 65.4186019897461 -11.812541961669922
v 21.134153366088867 67.79536437988281 -10.488612174987793
v 21.55038833618164 67.85585021972656 -11.980005264282227
v 22.56035041809082 68.20345306396484 -12.245010375976562
v 39.47470474243164 11.796246528625488 -10.766671180725098
v 37.84799575805664 12.495452880859375 -11.116951942443848
v 40.05427932739258 12.776117324829102 -10.679291725158691
v 37.03944778442383 16.326068878173828 -11.195676803588867
v -37.77133560180664 18.80854606628418 -11.700017929077148
v -38.88801956176758 20.3713436126709 -11.42624282836914
v -38.12242126464844 20.63863754272461 -10.761069297790527
v 39.54356002807617 19.423383712768555 -11.965155601501465
v -37.2091178894043 20.71697235107422 -10.975173950195312
v -38.45745849609375 24.8016300201416 -11.565319061279297
v 24.012929916381836 62.81289291381836 -11.662372589111328
v 25.790903091430664 61.4821891784668 -10.911727905273438
v 27.930776596069336 62.55805587768555 -10.768162727355957
v 25.976850509643555 67.36837005615234 -11.16789436340332
v 26.199256896972656 67.60347747802734 -10.050646781921387
v 23.108850479125977 69.10857391357422 -11.082736015319824
v 37.24518966674805 12.094342231750488 -10.181831359863281
v 39.48018264770508 11.89395523071289 -10.303018569946289
v 36.909446716308594 15.445406913757324 -10.490234375
v 40.534847259521484 16.844812393188477 -10.432121276855469
v 40.24374771118164 19.256967544555664 -11.271838188171387
v -37.238609313964844 22.303253173828125 -10.85558032989502
v 38.34326171875 21.76106834411621 -10.189942359924316
v 39.34287643432617 21.883588790893555 -10.419087409973145
v -38.98959732055664 23.558664321899414 -11.112680435180664
v -38.100502014160156 23.420019149780273 -10.573225021362305
v -37.774356842041016 26.099773406982422 -11.554415702819824
v -36.952781677246094 27.01009750366211 -11.470919609069824
v 25.830860137939453 60.098777770996094 -9.561656951904297
v 27.675140380859375 59.5691032409668 -9.826031684875488
v 27.463211059570312 61.567317962646484 -10.792473793029785
v 28.554704666137695 60.05821228027344 -10.017463684082031
v 24.07061004638672 61.509185791015625 -10.028512954711914
v 21.696197509765625 63.536102294921875 -10.46988582611084
v 28.114198684692383 65.00003051757812 -10.388265609741211
v 28.35176658630371 65.22451782226562 -9.36743450164795
v 25.021242141723633 68.12516021728516 -11.52768325805664
v 23.47329330444336 68.66595458984375 -9.671316146850586
v 24.001558303833008 68.5891342163086 -11.055509567260742
v 37.37748336791992 11.991252899169922 -9.8624849319458
v 37.23548889160156 15.21761417388916 -9.036650657653809
v 40.03058624267578 14.531416893005371 -9.303075790405273
v 37.82887649536133 18.4592227935791 -9.258600234985352
v 40.219696044921875 22.137939453125 -8.858678817749023
v 39.04161071777344 23.423748016357422 -9.97878360748291
v 39.79277801513672 23.079256057739258 -9.330914497375488
v 38.48501205444336 24.26173210144043 -9.300287246704102
v 38.09621810913086 25.448871612548828 -9.12473201751709
v 39.15062713623047 25.657514572143555 -8.933656692504883
v 29.809146881103516 60.47697830200195 -7.9298505783081055
v 24.622303009033203 61.13516616821289 -8.987407684326172
v 29.447946548461914 60.60530471801758 -9.412091255187988
v 28.916723251342773 63.288063049316406 -9.312287330627441
v 22.108156204223633 69.33499145507812 -10.513782501220703
v 24.876018524169922 68.22173309326172 -9.207225799560547
v 38.496036529541016 12.964851379394531 -8.930173873901367
v 36.90058517456055 16.981502532958984 -9.400075912475586
v 38.11673355102539 16.312820434570312 -8.091145515441895
v 38.889888763427734 16.769540786743164 -8.03713321685791
v 39.826717376708984 18.068750381469727 -8.48750114440918
v 37.88100814819336 19.774131774902344 -9.65854263305664
v 37.897090911865234 23.214447021484375 -8.277894020080566
v 37.04901885986328 24.459035873413086 -7.9125189781188965
v 39.942440032958984 22.412933349609375 -7.79355525970459
v 36.87737274169922 27.097576141357422 -7.7732977867126465
v 39.649105072021484 25.94234848022461 -7.865559101104736
v 37.409271240234375 26.877836227416992 -8.195976257324219
v 38.204559326171875 26.828895568847656 -8.30629825592041
v 38.65553665161133 27.50926971435547 -7.925267696380615
v 37.31060791015625 30.474136352539062 -8.422484397888184
v 38.751190185546875 29.490720748901367 -8.057856559753418
v 37.160213470458984 32.51008987426758 -7.943370342254639
v 38.79896545410156 30.658510208129883 -7.309439659118652
v -30.905221939086914 35.610050201416016 -8.052338600158691
v -28.981853485107422 35.23892593383789 -7.6146979331970215
v -27.371679306030273 36.720603942871094 -8.200664520263672
v -32.4909553527832 37.325408935546875 -8.132437705993652
v -27.21212387084961 35.96764373779297 -7.616128921508789
v -29.845869064331055 36.26329803466797 -8.574193954467773
v -27.566036224365234 37.57965087890625 -8.491084098815918
v -31.91848373413086 38.333919525146484 -8.538543701171875
v -29.510046005249023 42.40325164794922 -8.568882942199707
v -27.35133171081543 42.08774948120117 -8.304296493530273
v 27.906414031982422 58.989234924316406 -7.589977264404297
v 29.49973487854004 58.316593170166016 -7.664241790771484
v 23.074583053588867 62.49136734008789 -8.814552307128906
v 29.55550193786621 62.43034744262695 -8.48412036895752
v 21.15509796142578 64.8681640625 -9.137462615966797
v 21.929895401000977 63.61478042602539 -8.646066665649414
v 28.322479248046875 64.92102813720703 -8.250953674316406
v 21.46084213256836 67.63288879394531 -8.61048698425293
v 27.252593994140625 66.49710845947266 -8.891441345214844
v 25.468732833862305 67.2717056274414 -7.768431186676025
v 38.35447311401367 18.05238151550293 -8.029814720153809
v 38.643123626708984 20.525312423706055 -7.435727119445801
v 39.32958221435547 20.321462631225586 -7.61137056350708
v 37.95531463623047 22.778541564941406 -7.303033828735352
v 39.31952667236328 22.182443618774414 -6.8798322677612305
v 38.856624603271484 26.915117263793945 -6.716367721557617
v 39.58415985107422 29.589359283447266 -7.1236186027526855
v 35.92598342895508 27.69894027709961 -6.7249040603637695
v 35.49756622314453 29.821420669555664 -6.190027713775635
v 35.98088455200195 31.034624099731445 -7.381443500518799
v 38.175933837890625 32.16044616699219 -7.753346920013428
v 35.99403762817383 32.68940734863281 -7.368460178375244
v 36.56416702270508 33.7830924987793 -7.444854736328125
v 38.470088958740234 34.119232177734375 -5.980639934539795
v -33.172733306884766 38.29273223876953 -7.785001277923584
v -25.7864990234375 36.971290588378906 -6.578333854675293
v 36.66194152832031 36.388858795166016 -7.076479434967041
v -32.50341033935547 40.263099670410156 -8.053893089294434
v 31.138418197631836 41.508174896240234 -7.0880513191223145
v 34.30686569213867 40.79515075683594 -7.460324764251709
v 35.60887145996094 40.278499603271484 -7.380003929138184
v 36.927669525146484 41.29694747924805 -6.7672505378723145
v 32.02321243286133 42.899349212646484 -7.52616024017334
v -31.27121353149414 44.95722961425781 -6.985540390014648
v -30.67313003540039 43.30340576171875 -8.020804405212402
v -25.435407638549805 43.44809341430664 -7.461089611053467
v 31.390249252319336 45.63090896606445 -6.867242813110352
v 36.1800422668457 44.16626739501953 -6.630465507507324
v -26.740468978881836 44.9373779296875 -7.562919616699219
v 32.64280319213867 45.11923599243164 -7.472764492034912
v 34.8273811340332 46.67910385131836 -7.2841668128967285
v -24.60481071472168 46.637420654296875 -7.171992778778076
v 34.08331298828125 46.77608108520508 -7.532494068145752
v -25.191598892211914 49.64963150024414 -7.550961971282959
v 34.01746368408203 50.48902893066406 -7.158956527709961
v 32.00666809082031 51.88909912109375 -7.283076763153076
v -26.331771850585938 52.36555862426758 -6.697698593139648
v -23.03209686279297 49.588111877441406 -7.016310691833496
v -25.516109466552734 50.74238586425781 -7.33089542388916
v 33.178775787353516 49.92223358154297 -7.502299785614014
v 34.83427429199219 50.17442321777344 -6.417691707611084
v -23.32647705078125 50.57386779785156 -7.126227855682373
v 32.01140594482422 54.330265045166016 -7.235089302062988
v 31.044422149658203 51.621219635009766 -6.477207183837891
v 32.95478820800781 53.671142578125 -6.857920169830322
v 31.175729751586914 54.696998596191406 -7.115697860717773
v 32.01408767700195 55.21799087524414 -6.700131893157959
v 28.39933967590332 58.43452072143555 -7.648777961730957
v 29.077913284301758 58.388145446777344 -7.222754955291748
v 26.89904022216797 59.2464599609375 -8.568107604980469
v 24.87099838256836 61.83296203613281 -7.573671817779541
v 29.391559600830078 62.065608978271484 -7.342974662780762
v 28.59903335571289 62.940284729003906 -7.247814178466797
v 23.152544021606445 63.638397216796875 -7.377378940582275
v 22.531511306762695 64.95511627197266 -7.222043991088867
v 27.926599502563477 64.04784393310547 -7.072132110595703
v 23.76326560974121 66.34351348876953 -6.908761501312256
v 26.786611557006836 65.91329193115234 -7.421738147735596
v 22.29897689819336 67.82481384277344 -8.081303596496582
v 38.421836853027344 22.399625778198242 -6.634039878845215
v 38.722530364990234 23.405176162719727 -5.965304851531982
v 39.524383544921875 25.296634674072266 -6.7091450691223145
v 36.72021484375 26.15174102783203 -6.493221759796143
v 38.1234130859375 26.807668685913086 -5.201119899749756
v 39.5947380065918 28.407814025878906 -6.972564220428467
v 34.24762725830078 32.67103958129883 -6.259898662567139
v 34.44559860229492 35.61012268066406 -6.488717555999756
v -32.575401306152344 35.61142349243164 -6.650123119354248
v -34.00082778930664 39.06473159790039 -6.3553924560546875
v 37.52015686035156 35.549072265625 -6.306822776794434
v 33.41923522949219 38.661808013916016 -6.56095027923584
v -33.89582824707031 35.9299430847168 -5.787600040435791
v 35.007755279541016 37.84621047973633 -7.097153663635254
v -24.049341201782227 38.27830123901367 -6.444118976593018
v 37.528690338134766 37.21324157714844 -6.025899887084961
v -22.616060256958008 42.237037658691406 -6.273984909057617
v 30.959280014038086 39.5232048034668 -6.17207145690918
v -33.74417495727539 41.60275650024414 -6.13385534286499
v 30.57796287536621 42.89754104614258 -6.821011543273926
v 37.04594039916992 44.48890686035156 -5.58327579498291
v -22.61107635498047 45.67523956298828 -6.232905864715576
v -30.04984474182129 45.48365020751953 -7.479004859924316
v 30.73044776916504 51.17552185058594 -5.343945503234863
v -21.084321975708008 47.785118103027344 -5.459558963775635
v -29.436365127563477 49.00507354736328 -6.358792781829834
v -21.45344352722168 50.508975982666016 -5.931666374206543
v 34.68177032470703 51.237091064453125 -5.443298816680908
v -28.120018005371094 52.24351119995117 -6.25519323348999
v -23.369863510131836 53.027774810791016 -6.553376197814941
v 30.782827377319336 54.75046920776367 -6.443543910980225
v -22.069290161132812 53.0087890625 -5.958120822906494
v 33.3178596496582 54.09622573852539 -6.027841091156006
v -26.30412483215332 55.45909881591797 -5.793299674987793
v -24.1652774810791 56.33667755126953 -6.49541711807251
v -22.570018768310547 55.898189544677734 -6.0530548095703125
v -23.341629028320312 57.84617614746094 -5.963054180145264
v -25.301761627197266 57.31865310668945 -6.006445407867432
v 27.72126007080078 60.46845626831055 -6.4913530349731445
v 29.31795883178711 59.843055725097656 -6.8382649421691895
v 25.97834014892578 60.138973236083984 -7.210036277770996
v 27.43246078491211 62.669822692871094 -6.494636535644531
v 25.708351135253906 62.689762115478516 -6.652453422546387
v 24.603103637695312 65.26910400390625 -6.522588729858398
v 37.3404655456543 24.129703521728516 -6.1949357986450195
v 37.18189239501953 26.06947898864746 -5.3677659034729
v 38.11468505859375 26.068756103515625 -5.547379970550537
v 34.53923416137695 30.87748908996582 -5.387803554534912
v 32.16533660888672 31.83496856689453 -4.916172027587891
v 32.28298568725586 32.89000701904297 -5.265923500061035
v -33.85126495361328 34.43011474609375 -4.990785598754883
v 33.07294845581055 35.1512336730957 -5.088299751281738
v -31.775684356689453 34.977664947509766 -5.946054458618164
v 37.902793884277344 35.9182014465332 -4.207842826843262
v 38.34572219848633 37.160404205322266 -5.03289270401001
v 31.31501007080078 36.81663131713867 -4.1756486892700195
v 37.77775955200195 37.98624801635742 -4.8779778480529785
v -22.741586685180664 39.69127655029297 -5.81644344329834
v -20.99403190612793 41.69618606567383 -3.453744888305664
v -21.26890754699707 42.48215103149414 -4.7038044929504395
v -32.399261474609375 43.72698211669922 -6.241237163543701
v 37.776309967041016 43.158817291259766 -4.527233123779297
v -21.384281158447266 45.55250930786133 -5.085299491882324
v 30.775922775268555 49.00351333618164 -5.862565517425537
v 35.545894622802734 47.13159942626953 -6.294954776763916
v -30.39579200744629 49.051719665527344 -5.436263561248779
v -20.881685256958008 51.48889923095703 -4.9174628257751465
v 33.89768981933594 52.22776412963867 -6.002405166625977
v 33.51911926269531 52.3101921081543 -3.8705756664276123
v -27.52585220336914 53.91622543334961 -5.874224662780762
v 31.147655487060547 55.317440032958984 -6.085531711578369
v -21.855905532836914 56.18656921386719 -4.473522663116455
v -26.45457649230957 56.79549789428711 -4.210572242736816
v -25.095701217651367 58.683616638183594 -4.533997058868408
v -22.399234771728516 57.82952117919922 -4.887596130371094
v -22.138225555419922 60.326446533203125 -4.90592098236084
v -22.978145599365234 59.760433197021484 -4.897658348083496
v -22.37541389465332 59.38602828979492 -4.413027286529541
v -21.47563934326172 61.88950729370117 -5.010080814361572
v -18.720779418945312 64.93379974365234 -5.0070929527282715
v -0.6591091752052307 2.00862979888916 -3.986945152282715
v 0.4975323975086212 2.0042290687561035 -3.5847485065460205
v -0.1796584129333496 2.9394853115081787 -3.9813175201416016
v 36.13359832763672 26.88810157775879 -5.313043117523193
v 36.990169525146484 28.70452117919922 -3.242673635482788
v 35.55332946777344 28.744224548339844 -4.722568988800049
v 38.04387283325195 29.04454803466797 -4.0285515785217285
v 38.788108825683594 30.429567337036133 -5.601600646972656
v 32.0917854309082 31.115707397460938 -3.960052967071533
v 30.927217483520508 32.16502380371094 -3.5677490234375
v 30.450519561767578 33.29710006713867 -3.94189453125
v 37.681278228759766 33.15163803100586 -2.677314281463623
v -34.06058883666992 34.38191604614258 -3.3992767333984375
v -32.83818054199219 33.46807098388672 -4.034829139709473
v -31.041912078857422 34.56071853637695 -4.223982810974121
v -29.71491241455078 35.05868911743164 -4.58767557144165
v 31.190210342407227 35.35090637207031 -3.845752477645874
v 38.397159576416016 34.57760238647461 -4.834897994995117
v -26.282411575317383 35.637725830078125 -3.784395694732666
v 30.327966690063477 38.736968994140625 -5.179610252380371
v -21.740814208984375 38.7136116027832 -2.0150256156921387
v 30.249990463256836 43.922027587890625 -5.525187015533447
v -31.88543701171875 45.159305572509766 -5.81718635559082
v -31.558948516845703 47.0418815612793 -5.551668167114258
v 35.751380920410156 47.224693298339844 -4.169036865234375
v -20.666948318481445 48.886993408203125 -4.766042709350586
v -21.5493221282959 53.18230056762695 -4.748449802398682
v 30.98724365234375 54.543548583984375 -5.372413635253906
v 32.028812408447266 53.65385437011719 -4.135180473327637
v 33.0842399597168 54.043514251708984 -5.067711353302002
v -21.156429290771484 63.379886627197266 -5.017612934112549
v -1.4605544805526733 3.0086863040924072 -3.7261102199554443
v 0.5441389679908752 5.547282695770264 -2.369001626968384
v 1.1627005338668823 4.809167861938477 -1.9872442483901978
v 35.569053649902344 29.43315315246582 -2.9953484535217285
v -31.383220672607422 33.95817565917969 -2.124668836593628
v -34.47526931762695 35.8090934753418 -3.8180105686187744
v -22.982036590576172 37.36320495605469 -2.618438243865967
v 30.521812438964844 36.67864227294922 -2.6114583015441895
v 37.62568283081055 37.64886474609375 -3.421724319458008
v -34.418704986572266 41.25497055053711 -4.274747371673584
v 29.339149475097656 39.83573532104492 -2.646090269088745
v 30.55499839782715 49.22978591918945 -3.4081943035125732
v -19.998687744140625 49.08448791503906 -1.5082073211669922
v -29.57744026184082 51.382843017578125 -4.955766201019287
v 31.55634117126465 51.43221664428711 -3.3162569999694824
v 32.405941009521484 52.04521179199219 -3.3485400676727295
v -21.383468627929688 53.15475845336914 -2.706850528717041
v -26.187864303588867 57.42835998535156 -2.2997591495513916
v -1.1074625253677368 -0.5281099081039429 -1.5429388284683228
v -1.9825206995010376 2.0265071392059326 -3.022850751876831
v -0.6612837314605713 5.290050983428955 -2.7255940437316895
v -0.190829336643219 6.960002899169922 -2.335090160369873
v -1.172570824623108 7.52243709564209 -2.1383421421051025
v 1.1480380296707153 7.6146016120910645 -1.6919838190078735
v -0.2295069545507431 17.066003799438477 -2.472036123275757
v -0.6963804364204407 18.836212158203125 -2.0410690307617188
v 0.5537752509117126 18.53479766845703 -2.312608242034912
v 0.7012563347816467 19.29224967956543 -1.8725959062576294
v 35.89078903198242 29.90009307861328 -1.970529556274414
v 36.731834411621094 30.24370574951172 -2.2237532138824463
v 34.77084732055664 29.96372413635254 -3.353362560272217
v 32.65108108520508 30.64893913269043 -1.4173873662948608
v 37.1993408203125 31.199628829956055 -2.106916666030884
v -26.233062744140625 35.39567565917969 -2.6730499267578125
v -34.34951400756836 39.88238525390625 -1.9071476459503174
v -33.89596176147461 42.70222854614258 -4.202229976654053
v -19.804868698120117 43.592018127441406 -2.4317831993103027
v -32.684120178222656 45.186317443847656 -2.0187065601348877
v 29.659496307373047 44.56272506713867 -3.0941390991210938
v 35.768943786621094 45.78360366821289 1.471930742263794
v 30.090688705444336 48.20895767211914 -1.3032392263412476
v 37.38869857788086 44.60029983520508 -3.9451675415039062
v -19.670452117919922 46.33876419067383 -2.4259932041168213
v 31.23041343688965 49.63011932373047 -1.9941554069519043
v 30.90159034729004 52.010562896728516 -4.609410762786865
v 34.12412643432617 49.82306671142578 -1.6520458459854126
v 32.6529541015625 50.17823791503906 -1.5986465215682983
v 34.445186614990234 51.286067962646484 -3.2993953227996826
v -20.737302780151367 52.09420394897461 -3.381957769393921
v -24.27880859375 59.03582763671875 -2.9128804206848145
v -23.290254592895508 57.521907806396484 -0.36409857869148254
v -22.621719360351562 59.744102478027344 -4.32859992980957
v -1.9130477905273438 -12.80695629119873 -0.6202661991119385
v -1.2635778188705444 -10.946754455566406 -0.9293933510780334
v 0.10878197848796844 -0.49355506896972656 -1.7950161695480347
v 0.4517335593700409 -2.353116750717163 -0.6049181222915649
v -2.360901117324829 0.18216751515865326 -1.011962652206421
v -2.1260128021240234 4.782103061676025 -2.048309564590454
v 2.071561336517334 7.017528533935547 -0.2817917764186859
v 1.789989948272705 12.073076248168945 -1.5633611679077148
v -2.1613001823425293 7.104842185974121 -1.3517658710479736
v -2.291799783706665 16.452486038208008 -1.1059225797653198
v 2.4216878414154053 11.611924171447754 -0.0252093356102705
v 1.0871487855911255 13.66401195526123 -2.244009017944336
v -1.4122182130813599 15.976886749267578 -2.0388269424438477
v 2.3894333839416504 15.037195205688477 -1.2949224710464478
v 30.373424530029297 33.22418212890625 -1.9506806135177612
v 30.19508934020996 36.932159423828125 -0.9627332091331482
v 36.950172424316406 36.54726028442383 -1.536975383758545
v 36.88637924194336 37.41667938232422 -0.14389188587665558
v -20.254714965820312 38.49040603637695 0.708008885383606
v 37.81574630737305 39.93082809448242 -1.8173623085021973
v -19.626893997192383 41.28278732299805 -1.3935887813568115
v 37.66450500488281 42.847232818603516 -0.13192102313041687
v -18.23639488220215 44.232059478759766 -0.8541451096534729
v -18.187623977661133 45.527427673339844 -0.13050991296768188
v 35.230655670166016 49.33674240112305 -3.0500926971435547
v -31.720096588134766 49.31867980957031 -1.7810554504394531
v -29.272567749023438 53.740394592285156 -1.4023491144180298
v -27.334327697753906 55.521793365478516 -2.33050537109375
v -25.096933364868164 57.670658111572266 -1.1382111310958862
v -1.8257898092269897 -11.52092170715332 -0.9321173429489136
v -2.0474319458007812 -9.774020195007324 0.5539637207984924
v -1.0378497838974 -9.190979957580566 -0.10589700192213058
v -0.585597574710846 -9.73849868774414 0.22085629403591156
v -1.424996018409729 -6.583932876586914 -0.3373439610004425
v -2.1217172145843506 -6.392984867095947 0.09035690128803253
v -0.6746218800544739 -4.489503383636475 0.35113999247550964
v -0.9001325368881226 -3.736226797103882 0.10890404880046844
v -1.9458330869674683 -2.4982194900512695 0.1302165389060974
v 0.9757312536239624 -2.0369603633880615 0.21810738742351532
v 0.9815646409988403 -0.06741303950548172 -1.5901727676391602
v 1.4145416021347046 0.0007113268948160112 0.45832785964012146
v -2.6677236557006836 7.087544918060303 -0.49593451619148254
v 2.2301995754241943 9.260865211486816 -0.5603858828544617
v 3.294386863708496 13.282637596130371 0.09545625746250153
v 3.1267380714416504 17.793659210205078 -0.14856234192848206
v -2.105069160461426 20.142221450805664 0.678206205368042
v 3.166395664215088 19.262046813964844 0.8235750198364258
v 32.43978500366211 30.22808837890625 0.022111713886260986
v 34.7994384765625 30.455358505249023 2.194922924041748
v 29.358625411987305 31.95039176940918 0.3620866537094116
v 31.589487075805664 31.535566329956055 -1.3649019002914429
v 26.506240844726562 33.20846939086914 -0.03507513552904129
v 29.248254776000977 32.96669387817383 -0.414397656917572
v 30.00627326965332 33.09584045410156 -0.9767884612083435
v -32.32380676269531 34.230892181396484 -1.3491582870483398
v 28.608537673950195 34.28146743774414 -0.34767308831214905
v -24.480052947998047 35.070594787597656 1.6890839338302612
v 29.833513259887695 36.18240737915039 -0.11400425434112549
v -33.89397430419922 35.18046569824219 -1.527186393737793
v -28.06110191345215 35.23480224609375 -0.5273838639259338
v 26.59783363342285 34.46984100341797 -0.36761772632598877
v 36.29286193847656 33.87602615356445 1.1977488994598389
v -33.9286994934082 36.58786392211914 -0.7091416120529175
v 27.084583282470703 35.662818908691406 -0.2927597761154175
v -22.48823356628418 35.78141403198242 0.408984512090683
v -33.8165397644043 39.08475112915039 -0.15348738431930542
v 27.819692611694336 38.89997482299805 -0.37997081875801086
v 37.34450912475586 38.30260467529297 0.546437680721283
v 28.847402572631836 39.17457580566406 -0.9973779916763306
v 26.66269302368164 37.816856384277344 -0.43336981534957886
v 28.202404022216797 40.311283111572266 -0.8909439444541931
v -18.207927703857422 41.53816223144531 -0.3536392152309418
v 28.672935485839844 44.05419158935547 -1.104772925376892
v 37.01209259033203 44.02742385864258 0.41897499561309814
v -32.408382415771484 46.18742752075195 0.590072751045227
v -18.66672706604004 46.55669021606445 0.8851468563079834
v 31.75060272216797 49.4846305847168 -0.2024238407611847
v -30.869670867919922 51.71506881713867 -0.04757958650588989
v -26.73737907409668 55.98426818847656 -0.6935251355171204
v -21.99525260925293 55.3270378112793 -0.30609646439552307
v -22.647417068481445 57.36384582519531 -0.761554479598999
v -2.4422519207000732 -12.316909790039062 1.3284218311309814
v -0.6565133929252625 -11.675739288330078 -0.6407079100608826
v -0.46564456820487976 -10.017775535583496 1.4987685680389404
v -0.44227999448776245 -6.392006874084473 0.7753903865814209
v -0.9428004622459412 -4.250917434692383 0.8281322121620178
v -0.26292717456817627 -3.249392509460449 0.41285496950149536
v -2.64058256149292 -1.2163633108139038 0.6913470029830933
v -3.9027631282806396 3.117967367172241 1.0413075685501099
v 2.3864095211029053 2.359656810760498 1.2391241788864136
v -3.961439847946167 5.377651691436768 1.5590686798095703
v -3.0148770809173584 7.9019880294799805 0.8425127267837524
v 2.253816604614258 8.07952880859375 0.6302674412727356
v 2.1588988304138184 10.695699691772461 1.392655849456787
v -2.850919246673584 15.3800630569458 0.10076197236776352
v 3.373720407485962 18.58285903930664 1.535483956336975
v 1.0393424034118652 20.10785675048828 0.4445298910140991
v 34.4481315612793 30.059066772460938 0.6456436514854431
v 26.156177520751953 32.094573974609375 1.0216511487960815
v 25.754150390625 33.755157470703125 0.15301348268985748
v 29.500513076782227 35.14995193481445 -0.1550721377134323
v 23.799922943115234 36.674720764160156 0.7016688585281372
v 25.290931701660156 37.54996109008789 -0.2453470230102539
v -20.451030731201172 37.6032829284668 1.9286056756973267
v 22.83361053466797 39.14761734008789 0.9139707088470459
v 28.43264389038086 37.35859298706055 0.8936769366264343
v 29.39406394958496 38.168209075927734 -0.037554726004600525
v -33.911617279052734 42.1238899230957 0.6660184860229492
v -18.399538040161133 39.5816535949707 1.725528597831726
v 23.519737243652344 40.80881118774414 1.1650320291519165
v -34.18313217163086 43.2025260925293 -0.30394116044044495
v 26.983943939208984 42.592979431152344 0.07081273198127747
v 26.544553756713867 44.41263198852539 1.0296835899353027
v -18.037981033325195 45.06352615356445 2.451709032058716
v 28.952014923095703 47.28072738647461 0.5155441761016846
v -20.214778900146484 49.301292419433594 0.9696913361549377
v 34.24507522583008 49.46876907348633 -0.8374236226081848
v -28.587718963623047 54.52070617675781 0.9890596866607666
v -27.876373291015625 55.202850341796875 0.7041903734207153
v -26.053260803222656 55.88530731201172 1.1080191135406494
v -0.7450649738311768 -11.553312301635742 1.654926061630249
v -2.4110159873962402 -6.088791370391846 1.05397367477417
v -1.1653351783752441 -4.866156578063965 0.14291518926620483
v -0.8760551810264587 -5.075139999389648 1.2785372734069824
v -0.6675264239311218 -3.3001022338867188 1.0975043773651123
v -2.0698304176330566 -2.536832094192505 1.1064258813858032
v -1.439197063446045 -2.913942575454712 1.4953562021255493
v -2.5038139820098877 -1.0473936796188354 3.1361842155456543
v 0.5770280957221985 -1.7676109075546265 2.3065831661224365
v 2.088139533996582 1.4052252769470215 0.10768543928861618
v -3.82473087310791 6.404526710510254 2.4039487838745117
v 3.018759250640869 13.156182289123535 1.8337011337280273
v 30.62288475036621 30.178577423095703 0.8720646500587463
v 29.22930145263672 31.538272857666016 1.6723073720932007
v 35.976070404052734 31.201927185058594 1.5727545022964478
v 23.769269943237305 35.139034271240234 1.9246063232421875
v -29.74809455871582 35.052146911621094 0.4911375939846039
v -22.840429306030273 35.245521545410156 1.5361239910125732
v -25.92391014099121 35.77092361450195 3.1153416633605957
v 21.568279266357422 38.614070892333984 3.081308603286743
v -32.32554244995117 37.42412567138672 1.98678457736969
v 22.1639404296875 36.97938537597656 1.712298035621643
v 21.951868057250977 39.26668930053711 2.083183765411377
v -32.44419479370117 41.463226318359375 2.9674201011657715
v 37.31616973876953 39.89098358154297 1.8839268684387207
v 23.183427810668945 41.17094039916992 2.1561050415039062
v 25.217897415161133 42.75299835205078 1.2046947479248047
v -17.493162155151367 43.26504135131836 2.196157217025757
v -32.85807800292969 45.153953552246094 0.6017772555351257
v 36.580108642578125 43.791168212890625 1.7690846920013428
v 27.620655059814453 45.39849853515625 0.8893791437149048
v -32.0112419128418 48.80059814453125 0.9094558358192444
v 35.063621520996094 47.41280746459961 2.049952983856201
v -24.4315128326416 57.144142150878906 0.18986307084560394
v -1.9663218259811401 -12.759337425231934 2.5789263248443604
v -0.8440890908241272 -6.124396324157715 2.7066879272460938
v -0.7235431671142578 -1.785129427909851 3.480229616165161
v -3.144688606262207 -0.02434682659804821 1.688315749168396
v 1.0687335729599 -0.3145245611667633 3.7919251918792725
v -4.044609546661377 1.4051910638809204 2.074777603149414
v 2.458799123764038 3.2355754375457764 2.781306266784668
v -2.7061338424682617 9.002333641052246 2.6234514713287354
v 1.8131533861160278 8.515387535095215 1.9557992219924927
v -2.727691411972046 10.40286922454834 2.5837416648864746
v 3.5157690048217773 15.473294258117676 2.0225815773010254
v -2.812164545059204 19.41465187072754 2.089829921722412
v 2.5895349979400635 19.06092071533203 3.843144416809082
v 1.9492255449295044 19.902462005615234 2.600039482116699
v 31.38847541809082 30.239126205444336 2.789311408996582
v 35.2286262512207 31.256254196166992 2.679114580154419
v 24.30893325805664 33.33187484741211 2.7966129779815674
v 36.126487731933594 36.6407470703125 2.3770980834960938
v -29.563331604003906 36.117652893066406 3.9473602771759033
v -22.58286476135254 35.64225387573242 2.798858642578125
v -21.677265167236328 36.20817184448242 2.405524969100952
v -31.512149810791016 36.30955505371094 2.250737428665161
v -20.440196990966797 37.65973663330078 3.3180837631225586
v -17.850194931030273 39.54436492919922 3.761212110519409
v 35.499755859375 40.586944580078125 4.167085647583008
v -16.78813934326172 41.884178161621094 2.583901882171631
v 24.892181396484375 43.335205078125 3.1762492656707764
v 29.801321029663086 48.216773986816406 2.9378223419189453
v 33.48130416870117 48.64875793457031 2.2464773654937744
v 31.22378158569336 49.19173812866211 1.9226912260055542
v -31.14413070678711 51.11744689941406 1.4677388668060303
v -21.406524658203125 51.306156158447266 1.9149421453475952
v -29.93645668029785 51.84955596923828 2.9509310722351074
v -29.344255447387695 53.373355865478516 2.7165701389312744
v -30.118431091308594 53.54802703857422 1.6075019836425781
v -21.939990997314453 54.148311614990234 1.716629147529602
v -23.231035232543945 55.50841522216797 2.0048201084136963
v -22.6097469329834 55.37712478637695 1.5198291540145874
v -27.095766067504883 55.108551025390625 1.9555230140686035
v -2.3467702865600586 -11.702442169189453 3.0433690547943115
v -1.176437258720398 -9.448723793029785 3.880302667617798
v -2.0471549034118652 -6.29624080657959 3.5133557319641113
v -0.7668606638908386 -7.412843227386475 3.690237283706665
v 1.543556571006775 3.5835776329040527 5.826722621917725
v -4.24736213684082 4.450207710266113 3.8045670986175537
v -2.3672280311584473 8.0391263961792 3.704322576522827
v -1.185355544090271 9.10894775390625 4.003637313842773
v 1.0700178146362305 8.306807518005371 3.4938466548919678
v -2.4507646560668945 11.37575912475586 4.829459190368652
v -2.991164445877075 11.936139106750488 1.383357286453247
v -2.068180799484253 20.740060806274414 2.8008437156677246
v -1.3097264766693115 20.878416061401367 1.523756742477417
v 29.792644500732422 31.383983612060547 4.282104969024658
v 32.038028717041016 31.064420700073242 4.405734062194824
v 26.188350677490234 31.937082290649414 2.5409302711486816
v 25.34276580810547 32.671749114990234 2.8537752628326416
v 27.273845672607422 32.904598236083984 5.7964653968811035
v 33.48223876953125 32.2814826965332 4.624954700469971
v 23.688457489013672 34.9794807434082 3.197014093399048
v 33.63521194458008 36.70514678955078 5.782765865325928
v 35.349308013916016 38.72343444824219 4.379679203033447
v -22.36115074157715 37.53792953491211 4.247379302978516
v -18.617685317993164 38.18904113769531 3.345475912094116
v 21.9256649017334 39.97997283935547 3.83454966545105
v -16.874692916870117 40.54671859741211 2.849797248840332
v 23.01543426513672 41.19248962402344 3.334261417388916
v -17.65204429626465 42.1031379699707 4.120260238647461
v -32.04648208618164 44.57219696044922 3.140134811401367
v 25.82813835144043 44.82964324951172 2.8472747802734375
v -19.27606964111328 46.60841751098633 2.926832675933838
v 25.87898826599121 44.96318435668945 4.841098308563232
v -31.654298782348633 47.478214263916016 3.488967180252075
v 28.179250717163086 47.38436508178711 3.6231441497802734
v 34.74441909790039 46.94826126098633 3.0297603607177734
v -21.920387268066406 49.889869689941406 4.676973819732666
v -26.098663330078125 54.19521713256836 3.604936361312866
v -1.7329061031341553 -11.439496994018555 3.5672767162323
v -2.4407267570495605 -8.248283386230469 3.910831928253174
v -1.4965530633926392 -0.6624931693077087 5.38131856918335
v 2.1422369480133057 1.31210458278656 4.7008867263793945
v -3.726735830307007 5.8412556648254395 4.394063472747803
v 0.4533156156539917 7.791392803192139 4.427091598510742
v 0.08221129328012466 8.938846588134766 4.329104900360107
v 0.0018995065474882722 9.649370193481445 4.941874980926514
v -0.9459429979324341 9.840829849243164 4.994483947753906
v 1.0061986446380615 9.671370506286621 3.9900906085968018
v 1.6209546327590942 12.215167999267578 5.973568916320801
v 0.9975795149803162 20.93803596496582 6.5054545402526855
v -0.6860869526863098 21.39700698852539 5.787351608276367
v 0.5369075536727905 21.309593200683594 4.523720741271973
v 25.469011306762695 33.88175582885742 5.221136569976807
v 34.60749053955078 33.37117004394531 4.18497371673584
v 33.45370864868164 34.63838577270508 5.466874122619629
v 21.904218673706055 36.1761589050293 3.0663537979125977
v -28.16170883178711 35.93049240112305 4.126882553100586
v -24.040132522583008 36.9782829284668 4.301262378692627
v -21.055871963500977 38.1729736328125 4.074255466461182
v -19.279510498046875 38.44155502319336 4.216282367706299
v -21.658802032470703 39.11684036254883 4.87955904006958
v -18.032609939575195 40.12623596191406 4.623537540435791
v -22.101049423217773 39.93997573852539 5.8219685554504395
v -21.536537170410156 40.572418212890625 4.741929531097412
v -17.098590850830078 40.760215759277344 3.850131034851074
v -20.74947166442871 39.485103607177734 4.4763569831848145
v -22.55695915222168 42.13029098510742 4.7875566482543945
v -18.93202018737793 41.35629653930664 4.812893867492676
v -23.06125831604004 41.579063415527344 5.507140159606934
v -21.795703887939453 42.73190689086914 4.572686195373535
v -22.644947052001953 43.29558181762695 5.206830978393555
v -30.879776000976562 44.201316833496094 5.625102519989014
v -19.77216339111328 45.13887405395508 4.907925605773926
v 27.28209114074707 45.89884948730469 3.3306407928466797
v 28.661672592163086 47.143192291259766 5.1621809005737305
v 32.536014556884766 44.913150787353516 6.481739044189453
v -29.839956283569336 49.80925369262695 4.808143615722656
v 30.230257034301758 47.985816955566406 4.284831523895264
v 31.28868865966797 48.48480987548828 3.98264741897583
v -27.802785873413086 52.985538482666016 3.9615437984466553
v -22.749969482421875 52.30888366699219 4.300727367401123
v -1.892582893371582 -8.40579605102539 4.966107368469238
v -3.59543514251709 0.27031129598617554 4.837167263031006
v 0.3658766448497772 -0.5847837924957275 5.201923370361328
v 1.5659468173980713 0.4420629143714905 6.854076385498047
v 1.8761489391326904 1.6447725296020508 6.680384635925293
v -2.3213937282562256 6.851779937744141 5.540632247924805
v 0.8425827026367188 5.673854827880859 6.505857944488525
v -0.46756523847579956 7.848972320556641 4.60627555847168
v 0.3575868606567383 9.964674949645996 6.846290588378906
v -3.1150293350219727 16.22046661376953 2.8226559162139893
v -2.8088269233703613 18.29526138305664 5.031583786010742
v -1.9319978952407837 20.57185173034668 6.09053373336792
v 30.19060707092285 31.607240676879883 5.014611721038818
v 31.090951919555664 32.319740295410156 5.847805023193359
v 28.968860626220703 32.482582092285156 6.997142791748047
v 32.034664154052734 34.273529052734375 6.404417991638184
v -28.952014923095703 37.37792205810547 5.452841281890869
v 22.018198013305664 37.51769256591797 6.298528671264648
v -27.466876983642578 38.506107330322266 7.010663986206055
v -22.149274826049805 38.43616485595703 5.973574638366699
v -31.19662857055664 39.8377799987793 5.25278902053833
v -22.899555206298828 41.3331413269043 6.477353572845459
v 24.54817008972168 42.21959686279297 6.346722602844238
v 34.002906799316406 41.71799850463867 6.25506067276001
v -18.636445999145508 43.94851303100586 4.863432884216309
v -22.843202590942383 43.45388412475586 6.561280727386475
v -21.90033721923828 44.32880783081055 5.927762508392334
v -20.701242446899414 44.44094467163086 5.2801513671875
v 25.82727813720703 44.32814407348633 6.935456275939941
v -21.42559242248535 45.88898468017578 6.055826663970947
v -27.869136810302734 47.52235412597656 7.2175092697143555
v 32.29004669189453 47.4422607421875 4.845952033996582
v -20.605140686035156 47.604618072509766 4.331737518310547
v -28.88608741760254 48.28401565551758 6.178308010101318
v -22.87200164794922 50.07950973510742 5.980269908905029
v -25.046302795410156 51.3268928527832 6.159353256225586
v 1.2832685708999634 -8.493734359741211 7.103147506713867
v 1.8309166431427002 -7.521193504333496 6.804577827453613
v 2.69215726852417 -8.42913818359375 6.677428722381592
v -7.364834785461426 -7.67024564743042 6.9700446128845215
v 4.030303955078125 -8.62498664855957 7.21787691116333
v -6.630443096160889 -6.210738658905029 6.859938144683838
v -5.672032356262207 -7.236787796020508 7.057644844055176
v 3.7292637825012207 -7.229711055755615 6.700296401977539
v -4.132898807525635 1.9994043111801147 5.891234874725342
v -1.3844027519226074 6.317046165466309 7.013164043426514
v -0.6393731832504272 9.62983226776123 7.369986534118652
v 0.9041716456413269 10.38090705871582 6.891749858856201
v 1.8411961793899536 14.689610481262207 6.950998783111572
v 30.673086166381836 33.29637908935547 7.125932216644287
v 24.652469635009766 35.212894439697266 5.291770935058594
v 30.840211868286133 34.67960739135742 8.192927360534668
v 22.64691162109375 36.76558303833008 6.128413200378418
v 32.419395446777344 37.15360641479492 7.105400085449219
v -25.89661407470703 37.92290496826172 6.370293617248535
v -23.393091201782227 37.538124084472656 6.113256931304932
v 21.691484451293945 38.63265609741211 6.2732977867126465
v -27.907419204711914 39.783546447753906 7.470951557159424
v -30.624366760253906 39.077301025390625 5.587655544281006
v -29.735620498657227 40.72896194458008 6.691064357757568
v 22.84813117980957 40.47099685668945 6.675180435180664
v 33.868770599365234 43.23664474487305 6.133230209350586
v -29.907663345336914 46.03036880493164 6.280663967132568
v 30.91751480102539 46.182273864746094 6.718623161315918
v -21.672346115112305 45.124427795410156 6.9432291984558105
v 29.748720169067383 46.82203674316406 6.39174747467041
v -21.584585189819336 47.08879470825195 7.679986476898193
v -26.381061553955078 49.00843048095703 7.759634971618652
v -21.891942977905273 48.52863311767578 6.223546028137207
v -22.806095123291016 49.53181838989258 8.492583274841309
v -26.213790893554688 51.99300003051758 5.572722434997559
v -8.422207832336426 -9.802889823913574 8.528802871704102
v -4.9212164878845215 -8.364130020141602 8.149806022644043
v -7.732653617858887 -6.619685649871826 6.949771881103516
v -9.142770767211914 -5.382715702056885 7.980748653411865
v 0.05945861339569092 -5.170442581176758 7.898090362548828
v 5.332208633422852 -7.7634992599487305 8.232967376708984
v 1.9095863103866577 -5.702219009399414 7.338306427001953
v 5.371025085449219 -6.048028469085693 7.862798690795898
v -5.4098968505859375 -5.620023250579834 7.332135200500488
v -7.793458938598633 -3.3275797367095947 7.885563373565674
v 4.409942626953125 -4.758606910705566 7.606324195861816
v 4.208317756652832 -1.8680458068847656 7.830435276031494
v 1.2508866786956787 -0.8356800675392151 7.6743645668029785
v 0.620724618434906 -0.34139132499694824 6.675555229187012
v 2.436378240585327 -0.6052276492118835 7.7363057136535645
v -0.542283296585083 -0.14706814289093018 7.508638858795166
v -2.562974452972412 0.3006420135498047 6.830978870391846
v -1.0968421697616577 0.7715845704078674 8.184671401977539
v 2.1417341232299805 1.073256492614746 7.852207660675049
v 1.891896367073059 1.8584504127502441 8.57010269165039
v -3.644963502883911 3.8607091903686523 6.88143253326416
v 0.8700934648513794 2.6898093223571777 7.91855001449585
v 0.09773020446300507 6.106392860412598 6.87345027923584
v 1.857080340385437 15.43354320526123 8.898268699645996
v 27.35468864440918 33.04208755493164 7.189874649047852
v 28.40706443786621 32.11888885498047 8.75831413269043
v 29.8314208984375 32.89860916137695 8.419376373291016
v 25.469114303588867 33.99863052368164 7.163356304168701
v 23.192672729492188 35.093196868896484 7.8325958251953125
v 23.62024688720703 35.798240661621094 6.845257759094238
v -25.06578826904297 37.319175720214844 7.4801459312438965
v 21.49746322631836 37.329307556152344 7.606969356536865
v -23.796470642089844 37.00666809082031 7.824185371398926
v 31.84775733947754 37.03815460205078 8.459956169128418
v -26.934101104736328 38.53211975097656 8.136340141296387
v -22.306365966796875 37.45650863647461 7.874083995819092
v -21.80152702331543 39.9755973815918 6.979877948760986
v 31.85777473449707 40.91949462890625 9.154437065124512
v -21.097549438476562 38.798728942871094 8.01694107055664
v -21.19386863708496 41.01413345336914 7.575867176055908
v -22.55056381225586 42.4166374206543 7.209831714630127
v 32.04689407348633 43.377742767333984 8.05771541595459
v -28.906299591064453 44.842350006103516 7.449660301208496
v 25.02760124206543 43.93803405761719 7.881433963775635
v -19.55543327331543 43.12676239013672 7.965515613555908
v -21.112300872802734 44.389137268066406 7.6759562492370605
v -19.841367721557617 45.437992095947266 8.732380867004395
v 31.289670944213867 44.65824508666992 8.695877075195312
v 27.038410186767578 45.363399505615234 7.046284198760986
v 28.55660057067871 46.1164665222168 6.876029968261719
v -27.39533233642578 47.63801193237305 8.025270462036133
v -21.851654052734375 48.70689392089844 9.01346492767334
v -25.578950881958008 49.63121032714844 7.829115390777588
v -23.88625717163086 49.831111907958984 7.493525981903076
v -25.42745590209961 50.10715866088867 7.05323600769043
v -0.22449113428592682 -11.247231483459473 9.033384323120117
v -7.828476428985596 -11.055778503417969 8.788528442382812
v 3.6978418827056885 -10.596885681152344 8.948348045349121
v -6.690319061279297 -10.634697914123535 8.720266342163086
v -3.722376823425293 -9.048017501831055 9.362709999084473
v -1.251401424407959 -6.983608245849609 8.890227317810059
v -9.565221786499023 -6.688417911529541 8.372509002685547
v 7.127871036529541 -5.7082839012146 10.566545486450195
v 1.4473609924316406 -2.135335683822632 7.893492221832275
v -7.294168949127197 0.5942279100418091 9.149173736572266
v -5.636825084686279 -2.7131378650665283 8.15783405303955
v 0.19173231720924377 -0.9906966686248779 8.337367057800293
v -0.3812125027179718 -0.09316622465848923 8.724065780639648
v -4.991819381713867 0.1412765383720398 9.056673049926758
v -3.3201725482940674 1.4583263397216797 7.688157081604004
v 0.4945991337299347 2.0453314781188965 8.854618072509766
v 1.2592161893844604 2.1211254596710205 9.626072883605957
v -2.753798246383667 2.4836788177490234 8.213988304138184
v -0.2531585693359375 1.8199026584625244 8.649317741394043
v -1.6277804374694824 4.352436065673828 8.152294158935547
v -0.2167302668094635 4.166346073150635 8.070240020751953
v -0.7696940898895264 9.140771865844727 9.616944313049316
v 0.16908520460128784 8.913423538208008 9.54900074005127
v 0.8600646257400513 10.499114036560059 9.503753662109375
v 1.378509283065796 14.03857135772705 10.072928428649902
v 2.074795961380005 15.305817604064941 9.583256721496582
v -2.169290781021118 18.867218017578125 9.013922691345215
v -0.5096978545188904 20.0697078704834 8.698761940002441
v 0.3988783657550812 20.837697982788086 7.597335338592529
v 16.817005157470703 32.9149055480957 8.957735061645508
v 19.72618293762207 36.66649627685547 9.057002067565918
v -23.878299713134766 35.248992919921875 9.676280975341797
v -16.80464744567871 40.57726287841797 9.033676147460938
v 21.91927146911621 40.62562561035156 8.457898139953613
v -18.239395141601562 41.98685836791992 8.61020565032959
v 32.376285552978516 41.06322479248047 8.101483345031738
v -27.733285903930664 42.953948974609375 7.927558898925781
v -28.360794067382812 44.460052490234375 8.75347900390625
v 30.05840492248535 44.63829040527344 11.90215015411377
v 26.240175247192383 45.23678970336914 8.504256248474121
v 29.481935501098633 46.031524658203125 8.010859489440918
v 29.323984146118164 46.11469650268555 9.399112701416016
v -27.74965476989746 46.15562438964844 8.118461608886719
v -25.900232315063477 50.20728302001953 10.090655326843262
v 3.2156898975372314 -23.20633316040039 9.910832405090332
v 6.648212432861328 -23.6164493560791 9.916462898254395
v 7.09754753112793 -23.119287490844727 10.377909660339355
v 1.6393229961395264 -20.34729766845703 9.828973770141602
v 4.344947814941406 -22.293859481811523 9.476031303405762
v -13.081685066223145 -18.59857749938965 9.901440620422363
v 4.407941818237305 -19.9068660736084 9.583173751831055
v 5.602066516876221 -21.710464477539062 10.005608558654785
v 2.0306060314178467 -18.7593994140625 9.537302017211914
v -9.201891899108887 -18.271656036376953 10.086801528930664
v 0.0394156351685524 -18.149494171142578 10.160897254943848
v 3.6940717697143555 -16.50065040588379 10.183382987976074
v 5.350516319274902 -18.88591194152832 10.543075561523438
v -0.7127317786216736 -16.000991821289062 9.8833589553833
v 2.3893165588378906 -17.07814598083496 9.549494743347168
v -12.000629425048828 -19.361955642700195 9.532633781433105
v -7.368133544921875 -16.167905807495117 9.806591987609863
v -11.203665733337402 -15.832184791564941 9.879972457885742
v 0.42957213521003723 -14.95530891418457 9.439007759094238
v -7.7660112380981445 -13.767989158630371 9.411127090454102
v -4.538433074951172 -14.214868545532227 10.602581024169922
v 3.0256075859069824 -14.075432777404785 9.891761779785156
v 0.9411484003067017 -12.310484886169434 8.725401878356934
v 2.3590126037597656 -13.84797477722168 9.440691947937012
v -9.359130859375 -12.94783878326416 9.486857414245605
v 2.472417116165161 -11.735906600952148 8.613103866577148
v -9.217284202575684 -10.105355262756348 9.252104759216309
v -2.5309391021728516 -9.01081371307373 9.683488845825195
v -1.827199935913086 -9.702128410339355 9.6866455078125
v -11.004290580749512 -6.587419033050537 10.742304801940918
v -10.502514839172363 -3.948591470718384 9.971227645874023
v -2.503093957901001 -4.688689231872559 9.189091682434082
v -3.344036817550659 -4.967443943023682 8.863777160644531
v -1.4610435962677002 -4.528013229370117 9.049678802490234
v -8.199687004089355 -2.7168846130371094 8.422040939331055
v -2.0280699729919434 -3.144232988357544 9.582653999328613
v -0.4875694811344147 -2.046929359436035 9.166438102722168
v 5.515283584594727 -0.731303334236145 9.096909523010254
v -6.912966728210449 1.5395125150680542 9.983872413635254
v -6.574644088745117 0.624763011932373 8.898266792297363
v 0.08063118159770966 0.9912185668945312 10.104463577270508
v 5.254998207092285 0.7979736328125 9.54548454284668
v -1.773436188697815 11.257185935974121 9.346617698669434
v 1.0111385583877563 11.456267356872559 10.576727867126465
v -2.397340774536133 13.635072708129883 8.697870254516602
v 1.298201560974121 19.232879638671875 8.948644638061523
v -1.4005640745162964 19.132265090942383 11.776444435119629
v 0.9714563488960266 19.72380828857422 9.050300598144531
v 5.211156368255615 22.6209659576416 9.912969589233398
v 6.205386161804199 22.515655517578125 10.189780235290527
v -3.7375283241271973 24.205509185791016 9.691736221313477
v -2.9072163105010986 23.264909744262695 10.022819519042969
v -6.397904872894287 27.007247924804688 10.40024471282959
v 3.176588296890259 26.281381607055664 10.035541534423828
v 7.219424247741699 25.961299896240234 9.47135066986084
v -4.960934638977051 26.172611236572266 9.677970886230469
v -2.602764129638672 26.701112747192383 9.572997093200684
v -7.277522087097168 29.35175895690918 9.941189765930176
v 2.1725220680236816 27.307069778442383 9.958545684814453
v 4.820410251617432 27.343345642089844 9.519551277160645
v -1.2073264122009277 27.773326873779297 9.750702857971191
v 2.3003060817718506 27.903112411499023 10.066186904907227
v -2.6235787868499756 29.24062156677246 10.088818550109863
v 7.052009582519531 28.45659637451172 9.586715698242188
v -5.4009294509887695 28.335481643676758 9.485519409179688
v -5.671964645385742 30.082509994506836 9.580167770385742
v 12.936929702758789 29.8316650390625 10.472183227539062
v -10.130623817443848 31.2132511138916 9.890093803405762
v 15.547128677368164 30.683643341064453 9.877663612365723
v 27.178272247314453 30.809993743896484 10.198214530944824
v 26.02007293701172 31.663665771484375 8.949275016784668
v -8.459343910217285 31.112789154052734 9.696430206298828
v 14.582860946655273 31.324186325073242 9.513001441955566
v 16.755619049072266 31.811126708984375 9.795790672302246
v 28.229957580566406 31.460601806640625 10.776511192321777
v 29.503969192504883 32.10913848876953 10.600455284118652
v -7.189824104309082 31.254981994628906 9.918172836303711
v 13.031000137329102 32.80250549316406 9.766083717346191
v -13.23558235168457 33.63750076293945 9.95206356048584
v 14.04710865020752 34.34194564819336 9.79096794128418
v 18.585573196411133 33.5769157409668 9.449831008911133
v -10.010223388671875 33.7956428527832 9.890478134155273
v 15.417025566101074 35.649696350097656 10.068135261535645
v 17.732328414916992 35.415283203125 9.479758262634277
v 19.667034149169922 34.624412536621094 9.375360488891602
v -25.978282928466797 36.06607437133789 9.513609886169434
v -16.375656127929688 36.0035514831543 10.58671760559082
v -21.541746139526367 35.454593658447266 9.46409797668457
v -18.735448837280273 35.45745086669922 9.972942352294922
v -12.018128395080566 34.21435546875 9.53045654296875
v 18.172142028808594 37.62457275390625 10.030425071716309
v -11.534639358520508 36.88856887817383 9.585206985473633
v 20.730634689331055 38.724979400634766 8.604419708251953
v -20.949018478393555 36.545597076416016 9.07028579711914
v -13.637040138244629 38.475791931152344 9.506498336791992
v -27.601743698120117 39.851009368896484 8.328015327453613
v 19.924423217773438 39.782901763916016 10.221627235412598
v -15.239046096801758 40.20880126953125 9.518568992614746
v -12.47516918182373 39.93251037597656 10.807453155517578
v -14.68517780303955 42.06325912475586 10.33403491973877
v -28.162437438964844 42.91624069213867 10.223644256591797
v 22.20589828491211 43.272823333740234 10.577533721923828
v -17.01350212097168 43.58232116699219 9.881373405456543
v 24.542200088500977 44.971763610839844 10.179474830627441
v 4.7133893966674805 -25.921768188476562 11.023951530456543
v 8.231048583984375 -26.787548065185547 10.934712409973145
v 6.074680328369141 -25.065113067626953 10.027591705322266
v 7.0425496101379395 -25.233823776245117 10.351157188415527
v 2.1115758419036865 -23.781042098999023 11.304420471191406
v -14.526742935180664 -22.483182907104492 10.820877075195312
v -13.131999015808105 -22.182100296020508 11.532615661621094
v -17.179733276367188 -21.575340270996094 10.861212730407715
v -11.209407806396484 -21.361209869384766 11.721309661865234
v 6.31592321395874 -21.74524688720703 10.963227272033691
v -16.87856674194336 -20.473318099975586 11.161604881286621
v -14.473688125610352 -20.72480583190918 10.246503829956055
v -10.97332763671875 -19.937767028808594 10.038056373596191
v -6.307750225067139 -16.922561645507812 11.455398559570312
v 3.661923408508301 -14.943024635314941 10.59444522857666
v -3.0698227882385254 -13.177630424499512 10.344988822937012
v -5.299217700958252 -12.179492950439453 9.781224250793457
v 8.185226440429688 -2.8901526927948 12.00204086303711
v -2.1694865226745605 -1.2760863304138184 10.393159866333008
v 6.957154273986816 -3.4683022499084473 9.977653503417969
v -2.964202404022217 -1.2401055097579956 10.148027420043945
v -0.6966104507446289 -0.4314400553703308 9.743684768676758
v -3.8724708557128906 1.3108744621276855 11.469669342041016
v -2.713334560394287 -0.23734121024608612 11.69985294342041
v 3.231621265411377 2.301945209503174 9.731074333190918
v -0.8079171776771545 10.844804763793945 10.741093635559082
v 0.21501003205776215 11.453210830688477 11.323482513427734
v -0.1821679025888443 9.301977157592773 10.116045951843262
v -2.068227529525757 15.508360862731934 10.437515258789062
v 0.8304361701011658 14.086143493652344 11.255617141723633
v 0.9822215437889099 16.173412322998047 10.88780689239502
v -2.1019628047943115 19.216110229492188 11.091720581054688
v 0.6630022525787354 18.585412979125977 10.857636451721191
v -1.4751536846160889 19.509363174438477 9.878690719604492
v 3.9238440990448 21.118885040283203 10.827448844909668
v 4.474553108215332 20.089887619018555 11.034832000732422
v 5.663437843322754 21.46168327331543 10.711942672729492
v -3.39271879196167 21.98036766052246 10.730717658996582
v -4.817719459533691 23.679706573486328 10.68213176727295
v -1.0416585206985474 23.063404083251953 11.469642639160156
v 2.982198715209961 24.412059783935547 11.073837280273438
v 4.757848739624023 24.87657928466797 9.829500198364258
v -5.709378242492676 25.458703994750977 10.424113273620605
v 0.09908788651227951 25.423742294311523 11.012560844421387
v 8.72773265838623 23.186359405517578 12.218500137329102
v -0.4990614354610443 26.889190673828125 10.088685989379883
v 9.485201835632324 26.430063247680664 10.710958480834961
v -8.11209774017334 29.9912109375 10.081806182861328
v 9.934564590454102 28.24190330505371 10.477632522583008
v 2.479882001876831 29.14520835876465 11.020537376403809
v 5.859793186187744 29.237985610961914 9.96548843383789
v 11.365982055664062 29.091276168823242 10.617436408996582
v 0.6333609223365784 29.3685302734375 10.796843528747559
v 10.184453964233398 30.196582794189453 10.858095169067383
v -10.343287467956543 30.070510864257812 11.13602352142334
v -2.158881425857544 30.094785690307617 11.193977355957031
v 8.425030708312988 29.587881088256836 10.546785354614258
v 15.000894546508789 29.396549224853516 11.09729290008545
v 23.017112731933594 30.57645034790039 10.24836540222168
v 24.647628784179688 29.724103927612305 11.179985046386719
v -11.810935020446777 30.870115280151367 11.060541152954102
v 20.97157859802246 32.607025146484375 9.509958267211914
v 11.544492721557617 30.675941467285156 10.519820213317871
v -13.368884086608887 32.48725509643555 10.90137004852295
v -6.0194478034973145 31.507461547851562 10.502992630004883
v 19.190183639526367 32.249874114990234 10.136312484741211
v -9.05388069152832 34.85954666137695 10.806783676147461
v -22.067298889160156 33.96902084350586 11.217823028564453
v -17.03166961669922 34.22465133666992 11.514713287353516
v -15.454375267028809 34.52137756347656 11.22683334350586
v -26.379989624023438 36.0328483581543 10.851250648498535
v -15.030116081237793 36.952083587646484 10.00339126586914
v -8.337538719177246 35.613277435302734 12.04118537902832
v 15.689109802246094 37.0329475402832 11.184967041015625
v -28.05042839050293 38.61696243286133 10.6094388961792
v 31.239858627319336 36.44242858886719 10.73847484588623
v 20.298206329345703 41.88816833496094 12.41458797454834
v 31.26017189025879 43.45008850097656 10.504071235656738
v 27.9525146484375 46.141632080078125 11.0098237991333
v -20.150592803955078 47.134708404541016 9.898890495300293
v -17.75973892211914 44.845428466796875 10.313492774963379
v -27.45884895324707 47.701168060302734 10.348225593566895
v -19.950952529907227 48.00648880004883 12.148655891418457
v -24.09077262878418 50.373477935791016 10.307503700256348
v 7.04489278793335 -27.462636947631836 11.35623836517334
v 8.634917259216309 -28.420490264892578 12.572267532348633
v 9.810715675354004 -27.64820671081543 12.069037437438965
v 10.220417022705078 -26.498111724853516 12.08981704711914
v -19.76852035522461 -24.20990753173828 12.03763484954834
v -20.309589385986328 -22.735048294067383 12.060639381408691
v -18.16827964782715 -24.042098999023438 11.904547691345215
v -15.465425491333008 -23.917707443237305 12.034193992614746
v -16.917301177978516 -22.76946258544922 10.813404083251953
v -13.913566589355469 -23.031978607177734 12.154550552368164
v -18.325790405273438 -20.82312774658203 12.353631973266602
v -0.8264920115470886 -20.288188934326172 12.297572135925293
v -15.182279586791992 -19.60161018371582 10.84469223022461
v -14.999519348144531 -18.661861419677734 11.834004402160645
v -8.906205177307129 -19.528013229370117 11.639448165893555
v -4.498125076293945 -15.877055168151855 11.465202331542969
v -4.336142539978027 -16.923616409301758 12.533275604248047
v -12.228538513183594 -13.817227363586426 12.394107818603516
v -2.9516043663024902 -16.01226806640625 11.422656059265137
v -10.942758560180664 -10.709028244018555 12.038312911987305
v 5.439822196960449 -13.033815383911133 13.82933521270752
v -10.630956649780273 -12.185426712036133 10.631933212280273
v -9.960725784301758 -9.030768394470215 9.92216682434082
v 5.597750186920166 -9.67321491241455 11.304244995117188
v 6.470827579498291 -6.8647918701171875 10.685352325439453
v 8.33443546295166 -3.6995491981506348 12.422155380249023
v -10.067843437194824 -1.6079967021942139 10.323540687561035
v -10.13241195678711 1.226601004600525 12.5856351852417
v 8.65251636505127 2.9419188499450684 14.998347282409668
v -4.520236968994141 1.3784987926483154 10.2449951171875
v -0.26221179962158203 11.872045516967773 11.440943717956543
v -1.6943756341934204 16.587411880493164 11.189176559448242
v -0.12896844744682312 16.735610961914062 11.572484016418457
v -1.8577618598937988 18.102031707763672 11.939485549926758
v -2.334562301635742 17.552213668823242 10.743812561035156
v -1.552290439605713 19.682287216186523 11.427689552307129
v 3.2109715938568115 20.237728118896484 12.04893684387207
v 5.533625602722168 19.267446517944336 12.331143379211426
v -2.4513473510742188 20.445905685424805 12.054877281188965
v -1.938024640083313 20.581233978271484 11.874245643615723
v -3.1923134326934814 21.12833595275879 12.08054256439209
v -1.739192008972168 21.452850341796875 11.994545936584473
v -0.17669643461704254 22.75130271911621 11.937787055969238
v 2.4699714183807373 22.687149047851562 11.862784385681152
v -0.9418200254440308 25.012859344482422 10.8921537399292
v -7.9961466789245605 27.88816261291504 12.033490180969238
v 12.554841995239258 26.323150634765625 11.987771987915039
v 14.461404800415039 28.0379638671875 11.796031951904297
v 4.48281192779541 29.90070152282715 11.867942810058594
v 7.543954372406006 30.529800415039062 12.14126205444336
v 9.119890213012695 31.358301162719727 12.311579704284668
v 17.441198348999023 30.559728622436523 11.543761253356934
v -3.8058388233184814 30.876033782958984 10.59794807434082
v -4.190732955932617 31.27969741821289 12.621613502502441
v -3.1062326431274414 31.02050018310547 11.473867416381836
v 11.075238227844238 32.81425476074219 11.388077735900879
v 28.1968936920166 31.786075592041016 13.136795997619629
v 10.126033782958984 32.522605895996094 12.334959983825684
v -20.092391967773438 31.72074317932129 14.0178804397583
v -19.878644943237305 33.863319396972656 11.055957794189453
v 13.022188186645508 34.676429748535156 10.932024002075195
v -24.267072677612305 34.762020111083984 11.832722663879395
v -6.828715801239014 34.479042053222656 13.008637428283691
v 13.385595321655273 35.72661590576172 13.206040382385254
v 30.2332706451416 34.86254119873047 12.028846740722656
v -27.63677215576172 38.13212966918945 11.872652053833008
v 30.339115142822266 36.57518768310547 12.864309310913086
v 17.26198959350586 38.95500946044922 11.89177131652832
v -11.134456634521484 38.480281829833984 10.528109550476074
v 18.95564079284668 40.929508209228516 13.01797866821289
v -14.000039100646973 43.242042541503906 11.9093656539917
v 27.22637939453125 46.351844787597656 10.412382125854492
v -27.818185806274414 47.26864242553711 10.757620811462402
v -25.512205123901367 50.15315628051758 10.841662406921387
v 9.231199264526367 -28.982223510742188 13.308934211730957
v 6.332763671875 -27.97936248779297 13.319626808166504
v 4.993474960327148 -27.218265533447266 14.559212684631348
v 4.364249229431152 -26.484121322631836 12.150995254516602
v 10.850071907043457 -27.031801223754883 13.676775932312012
v 10.510883331298828 -24.77654266357422 13.333273887634277
v -17.45729637145996 -24.5175838470459 13.454668998718262
v 9.228571891784668 -23.578964233398438 12.23307991027832
v -12.886404037475586 -22.51177978515625 14.159147262573242
v 0.9882293939590454 -21.401573181152344 10.865571975708008
v -9.882649421691895 -20.838300704956055 14.583147048950195
v -8.605552673339844 -20.019493103027344 13.248698234558105
v -2.9048240184783936 -17.779064178466797 12.769978523254395
v -12.382552146911621 -16.16114044189453 10.948670387268066
v 4.389806270599365 -11.342225074768066 11.00627613067627
v 7.816546440124512 -4.355533599853516 11.824286460876465
v -12.125081062316895 1.2451494932174683 15.5909423828125
v 7.997299671173096 -0.6905809044837952 12.726123809814453
v -1.148691177368164 -0.6908565163612366 10.272265434265137
v -8.64618968963623 1.8373708724975586 12.032153129577637
v 1.6111156940460205 2.6415233612060547 10.673428535461426
v 6.991148471832275 2.804086685180664 13.055645942687988
v 2.122758388519287 4.446603298187256 12.122305870056152
v 4.248722553253174 18.187219619750977 13.028926849365234
v -2.1064436435699463 20.283016204833984 12.21556282043457
v 2.460073471069336 21.239517211914062 12.668553352355957
v -3.556884527206421 21.4106388092041 14.207179069519043
v 6.777132034301758 21.01641845703125 13.139483451843262
v -0.5700335502624512 21.906400680541992 12.594151496887207
v 1.6027859449386597 21.856210708618164 12.713037490844727
v 10.41502571105957 23.4664306640625 13.153680801391602
v 17.78788948059082 27.387500762939453 13.625283241271973
v 22.008798599243164 27.84144401550293 13.109580993652344
v 20.309295654296875 29.24786376953125 12.633781433105469
v 2.7212791442871094 29.784042358398438 12.312621116638184
v -2.1629443168640137 30.321269989013672 12.34752368927002
v 0.35352203249931335 30.183767318725586 12.4817476272583
v -21.27810287475586 32.41666793823242 13.69661808013916
v -18.686941146850586 31.954801559448242 13.60849380493164
v -6.4223408699035645 32.591068267822266 11.5879487991333
v 10.931836128234863 33.998897552490234 13.050472259521484
v -26.200376510620117 36.10731506347656 12.919360160827637
v 16.975305557250977 39.6864128112793 13.585402488708496
v -27.982450485229492 40.71821594238281 12.5070161819458
v 30.23493766784668 41.11061477661133 13.520092010498047
v -27.987693786621094 45.55367660522461 11.449298858642578
v -15.009605407714844 44.2823371887207 12.082327842712402
v -27.047250747680664 44.822654724121094 13.931500434875488
v 26.32807159423828 45.65422439575195 11.64570140838623
v -26.09481430053711 45.827308654785156 15.745457649230957
v -26.32149314880371 49.12328338623047 12.079136848449707
v 3.16540789604187 -26.315753936767578 14.643173217773438
v 1.9756484031677246 -25.128929138183594 13.684409141540527
v -20.850034713745117 -24.54890251159668 13.11652660369873
v -18.518056869506836 -25.241748809814453 13.383064270019531
v 0.03646359592676163 -22.07037353515625 13.62167739868164
v 9.525369644165039 -22.006628036499023 15.260231971740723
v 5.459400177001953 -16.00516128540039 13.57741641998291
v 6.242952346801758 -8.505094528198242 15.325813293457031
v -11.662569046020508 -4.537729263305664 12.310686111450195
v 8.840537071228027 -2.133157730102539 15.284404754638672
v -11.819840431213379 -1.3577556610107422 12.717308044433594
v -1.5794662237167358 0.1370404064655304 13.593155860900879
v -2.655066728591919 0.43207457661628723 13.616460800170898
v -10.787920951843262 2.051875352859497 14.464509963989258
v 0.2608656883239746 2.018115520477295 13.625422477722168
v -4.760802268981934 2.5950052738189697 14.053018569946289
v -6.253444194793701 2.607544183731079 13.067556381225586
v -6.019061088562012 3.5877466201782227 14.273138999938965
v 1.4191688299179077 5.7877726554870605 15.432435989379883
v 4.8274455070495605 4.4342827796936035 12.379183769226074
v 3.81052565574646 6.46652364730835 14.585685729980469
v 4.726170063018799 18.403865814208984 13.499926567077637
v -2.3384993076324463 21.224266052246094 14.44823169708252
v -1.0052520036697388 21.418113708496094 13.59424114227295
v 1.0880213975906372 21.129133224487305 14.378101348876953
v -4.263635158538818 22.20060920715332 12.842491149902344
v -5.035687446594238 23.089401245117188 13.645413398742676
v -6.67088508605957 25.066429138183594 13.117326736450195
v 14.813152313232422 26.129798889160156 13.857720375061035
v 20.07910919189453 26.428573608398438 14.162949562072754
v 22.871009826660156 26.660322189331055 14.697014808654785
v -9.701520919799805 28.438684463500977 13.218003273010254
v 24.597248077392578 28.765535354614258 12.713804244995117
v -3.6794915199279785 30.506210327148438 14.402665138244629
v -1.4630234241485596 29.92519187927246 14.107224464416504
v 25.69914436340332 29.622337341308594 12.9798583984375
v -16.726089477539062 30.195831298828125 14.245182037353516
v -14.039571762084961 31.628528594970703 12.861320495605469
v -12.995284080505371 30.6099910736084 13.50658130645752
v -15.097715377807617 31.06163787841797 13.719436645507812
v 8.789801597595215 32.0099983215332 15.27847671508789
v -15.420581817626953 32.981658935546875 12.758852005004883
v 11.26468276977539 34.483436584472656 15.011618614196777
v 15.098600387573242 37.274681091308594 12.653586387634277
v -13.184432983398438 41.213836669921875 11.289704322814941
v 23.656131744384766 45.11428451538086 12.797370910644531
v 29.218063354492188 44.93256759643555 12.948265075683594
v -17.472312927246094 45.65141677856445 12.261155128479004
v -18.814725875854492 47.33329391479492 12.0038480758667
v -21.330385208129883 48.97991180419922 13.654780387878418
v -17.37615966796875 -24.55840301513672 16.26109504699707
v 0.9471652507781982 -23.690258026123047 14.704341888427734
v -21.969186782836914 -23.05228042602539 14.920741081237793
v -14.725013732910156 -24.08573341369629 13.768662452697754
v -21.381071090698242 -22.722736358642578 13.474803924560547
v -1.9964311122894287 -21.000028610229492 14.770411491394043
v -20.783796310424805 -21.850770950317383 13.428873062133789
v -3.3378617763519287 -19.8367919921875 16.176488876342773
v 7.114492893218994 -20.73011589050293 14.23575210571289
v -17.281896591186523 -17.522624969482422 16.205385208129883
v -13.629722595214844 -15.904123306274414 14.249993324279785
v 5.77564811706543 -11.104723930358887 14.39549732208252
v -12.052471160888672 -6.408609390258789 15.501605987548828
v 7.222026824951172 -6.625178813934326 15.73559284210205
v -7.602747917175293 3.3881123065948486 13.921189308166504
v -6.319033622741699 4.816153526306152 14.830527305603027
v 2.404824733734131 6.051092147827148 14.574423789978027
v 7.041487693786621 5.5167036056518555 14.724720001220703
v 5.046849250793457 6.500272750854492 14.745007514953613
v 3.9115149974823 17.97479248046875 14.615811347961426
v 5.782644748687744 17.78924560546875 15.42143440246582
v 3.3217084407806396 18.82062339782715 13.983412742614746
v 6.310403347015381 19.083667755126953 14.623807907104492
v -3.269972801208496 20.384876251220703 15.539244651794434
v -5.249110698699951 22.141714096069336 14.50407600402832
v 16.60004234313965 25.840118408203125 14.816854476928711
v -8.649127006530762 26.138174057006836 14.50790786743164
v 20.58534049987793 25.74481201171875 14.994901657104492
v 23.382110595703125 26.5998592376709 15.964797973632812
v 24.53497886657715 27.876737594604492 15.344098091125488
v -14.313241004943848 29.313549041748047 15.256770133972168
v -12.592584609985352 29.233402252197266 15.2275972366333
v -11.195321083068848 29.2885684967041 14.700106620788574
v 6.827972888946533 30.59758186340332 15.182145118713379
v -4.77506160736084 32.10625457763672 14.138897895812988
v 28.459392547607422 33.40838623046875 15.824295997619629
v -22.156295776367188 33.27360153198242 14.286243438720703
v -22.83908462524414 34.13762283325195 15.752729415893555
v -24.69195556640625 36.05146789550781 15.489786148071289
v -4.816617488861084 34.384544372558594 16.702516555786133
v -7.286118507385254 36.41249465942383 15.857548713684082
v -8.416367530822754 38.37382888793945 15.506577491760254
v 16.68108558654785 39.57539749145508 14.940242767333984
v 18.417930603027344 40.80198669433594 14.501081466674805
v -11.509461402893066 41.917442321777344 16.052947998046875
v 20.69573402404785 43.002471923828125 14.475380897521973
v -11.958306312561035 43.38836669921875 17.177593231201172
v 25.660343170166016 45.15139389038086 14.014732360839844
v -20.007524490356445 48.15618133544922 15.470861434936523
v -23.23405647277832 49.74985122680664 11.823806762695312
v 6.652619361877441 -28.194307327270508 17.85866355895996
v 9.373456954956055 -28.535280227661133 15.308629035949707
v -19.563940048217773 -25.456974029541016 15.601994514465332
v 1.706568956375122 -24.594913482666016 16.23702049255371
v -21.619953155517578 -24.405176162719727 15.329139709472656
v -15.474087715148926 -23.825490951538086 16.62031364440918
v -11.125496864318848 -21.6369571685791 15.940113067626953
v 8.99216365814209 -19.53981590270996 17.79633903503418
v -17.628629684448242 -19.154653549194336 14.47987174987793
v -6.67741584777832 -19.040605545043945 15.360875129699707
v -5.051708221435547 -19.30147361755371 16.473581314086914
v -11.531567573547363 -9.027010917663574 14.021642684936523
v -12.432278633117676 -2.786179542541504 13.474800109863281
v 9.38709545135498 -1.5363545417785645 16.34063148498535
v 9.429500579833984 2.7298829555511475 16.07065773010254
v -2.2732677459716797 1.0792853832244873 14.92762279510498
v -3.4867141246795654 2.1778461933135986 15.512373924255371
v -9.46593952178955 3.030039072036743 14.251384735107422
v -9.548470497131348 4.732591152191162 15.477811813354492
v -5.14663553237915 3.751129388809204 14.809456825256348
v -7.850086688995361 6.018324375152588 15.278407096862793
v -8.034773826599121 8.017718315124512 16.047916412353516
v 1.8732304573059082 15.624271392822266 16.46599578857422
v 2.334216833114624 18.563871383666992 15.238080978393555
v 6.832191467285156 16.894672393798828 16.880517959594727
v -3.581732749938965 18.797658920288086 16.34860610961914
v 0.9876279234886169 20.7683162689209 16.339675903320312
v -4.628676414489746 20.180309295654297 15.87057113647461
v 7.9873809814453125 20.719139099121094 15.698119163513184
v -0.6294963359832764 21.115131378173828 16.806900024414062
v 9.452089309692383 22.112422943115234 14.520879745483398
v 12.829405784606934 23.958208084106445 14.731921195983887
v 19.27363395690918 24.75367546081543 15.385332107543945
v 18.94059944152832 23.069719314575195 17.597240447998047
v 16.44084930419922 24.112152099609375 16.133867263793945
v 20.934036254882812 24.31886100769043 16.29652976989746
v 21.667369842529297 25.67375946044922 16.3464298248291
v -11.89205551147461 27.138011932373047 15.74706745147705
v -10.524317741394043 27.399654388427734 15.003992080688477
v -19.418481826782227 29.70777702331543 15.669991493225098
v -16.607685089111328 28.08746910095215 15.426321983337402
v 1.5449119806289673 29.98893165588379 14.695806503295898
v -20.45102310180664 29.594026565551758 16.916688919067383
v -3.917740821838379 32.68878173828125 17.101835250854492
v 29.45862579345703 35.15886688232422 14.966976165771484
v 13.632122039794922 35.86240768432617 15.349878311157227
v -25.752531051635742 37.33549499511719 15.347654342651367
v -7.350395679473877 36.60041809082031 16.874492645263672
v -26.244081497192383 40.44783401489258 17.917478561401367
v -27.20848274230957 40.5028076171875 14.432442665100098
v -9.6422700881958 39.358272552490234 14.884360313415527
v 29.384387969970703 43.15995407104492 14.624040603637695
v 28.571311950683594 40.74692153930664 16.477867126464844
v 23.32339096069336 44.68035888671875 14.932047843933105
v -14.844282150268555 46.33493423461914 17.47442626953125
v -20.816043853759766 48.0389404296875 17.166778564453125
v 10.552200317382812 -27.747499465942383 13.121116638183594
v 5.305018901824951 -27.062896728515625 18.502971649169922
v -21.085798263549805 -25.06886863708496 15.620938301086426
v -20.925268173217773 -24.56992530822754 17.785499572753906
v -19.6594181060791 -24.6304988861084 18.442909240722656
v -22.0961971282959 -22.389522552490234 17.806737899780273
v 11.745805740356445 -23.60976219177246 18.739606857299805
v -13.561656951904297 -22.65968132019043 16.305591583251953
v -3.031879186630249 -20.688644409179688 18.392297744750977
v -4.659003257751465 -19.9018497467041 17.63563346862793
v -7.542699337005615 -19.495105743408203 17.406558990478516
v -13.459912300109863 -13.635171890258789 16.297727584838867
v 8.270464897155762 -4.061193466186523 16.21795654296875
v -12.666139602661133 0.09094107896089554 17.232929229736328
v 10.24934196472168 -1.4769700765609741 20.866506576538086
v -13.13443374633789 2.0347225666046143 18.175458908081055
v -1.2142508029937744 1.5647974014282227 15.202216148376465
v -3.062927007675171 3.2679243087768555 16.787052154541016
v 0.6403495669364929 2.887826919555664 14.867452621459961
v -1.0575919151306152 3.3172085285186768 16.987220764160156
v 0.501937747001648 6.129394054412842 16.57198143005371
v 11.249262809753418 6.2420244216918945 18.68796730041504
v -9.433615684509277 7.1032795906066895 16.09308624267578
v -4.4425578117370605 7.414575576782227 17.061800003051758
v 4.55314302444458 8.588465690612793 16.06370735168457
v 6.665585041046143 9.701166152954102 16.96672821044922
v 8.308209419250488 8.559679985046387 16.99147605895996
v 9.320055961608887 6.220621585845947 16.403545379638672
v 2.4786176681518555 8.794028282165527 16.55385971069336
v 3.3371541500091553 8.233794212341309 16.153060913085938
v -7.079543590545654 9.389259338378906 16.89398193359375
v 4.213510990142822 10.541182518005371 16.68998146057129
v 1.3176112174987793 12.113308906555176 16.969274520874023
v 2.7244832515716553 13.732538223266602 16.540435791015625
v 4.420942306518555 14.200722694396973 16.841068267822266
v 4.307727813720703 15.484396934509277 16.320566177368164
v -6.312551021575928 20.150806427001953 16.927112579345703
v -2.3007869720458984 18.36827850341797 17.04506492614746
v 0.6633907556533813 20.46468734741211 17.032827377319336
v -8.748307228088379 22.64047622680664 16.997058868408203
v 11.890106201171875 21.651447296142578 16.669288635253906
v 15.553446769714355 22.890161514282227 17.046253204345703
v -11.797245025634766 24.476818084716797 17.010658264160156
v -15.756878852844238 23.52420425415039 17.348102569580078
v -15.69074535369873 26.060306549072266 15.955626487731934
v -17.48673439025879 27.020954132080078 16.272048950195312
v -1.8693726062774658 29.287071228027344 16.27407455444336
v 25.655410766601562 29.518415451049805 17.266630172729492
v 27.16404151916504 30.620697021484375 16.59366226196289
v -2.813387870788574 30.377729415893555 16.57699966430664
v 9.684090614318848 32.116371154785156 17.721651077270508
v 11.867901802062988 34.448814392089844 17.948226928710938
v 29.608030319213867 39.05409240722656 15.831381797790527
v -9.250015258789062 39.3705940246582 18.560842514038086
v 18.846033096313477 40.73136520385742 17.3922119140625
v -11.329063415527344 42.07891845703125 17.53363800048828
v 20.29913902282715 42.378570556640625 16.725732803344727
v 27.19131851196289 42.882225036621094 16.031902313232422
v -26.169775009155273 44.579402923583984 16.92051124572754
v 25.69696617126465 44.33226013183594 15.603803634643555
v -24.90398597717285 47.1663932800293 15.60381031036377
v -15.5881929397583 46.31633758544922 16.474048614501953
v 8.289963722229004 -28.55951690673828 18.295215606689453
v 9.73292350769043 -29.1289119720459 19.08525276184082
v 10.407254219055176 -29.014638900756836 19.603002548217773
v 2.860441207885742 -24.811946868896484 19.525096893310547
v -0.4387757182121277 -22.622455596923828 16.76491928100586
v -16.279150009155273 -22.139060974121094 21.12620735168457
v 11.319049835205078 -21.812694549560547 19.094314575195312
v -20.514455795288086 -19.07816505432129 18.11031723022461
v 6.394778728485107 -18.11200523376465 15.288254737854004
v 6.572680473327637 -12.231656074523926 17.78395652770996
v -12.745009422302246 -5.992578506469727 18.15546989440918
v 8.479687690734863 -4.814815998077393 19.111730575561523
v 9.910953521728516 1.436497688293457 17.442441940307617
v -12.097759246826172 3.138275146484375 16.767345428466797
v -2.0382750034332275 3.135061264038086 17.143978118896484
v -1.7248414754867554 5.947854518890381 17.860301971435547
v -11.25309944152832 8.315635681152344 17.81346893310547
v -3.3545544147491455 5.538614749908447 17.105749130249023
v 10.988242149353027 7.703174114227295 18.57012176513672
v -11.386048316955566 10.582280158996582 18.074081420898438
v -9.33537483215332 9.955916404724121 17.3477840423584
v 5.864424705505371 11.425625801086426 17.324382781982422
v -5.917998313903809 11.04201602935791 17.499244689941406
v -4.271106243133545 13.334762573242188 18.23337745666504
v 7.663861274719238 11.193853378295898 17.581693649291992
v 8.7608060836792 11.558417320251465 17.867347717285156
v 11.645512580871582 13.875429153442383 17.84449577331543
v -9.140423774719238 13.541488647460938 17.593809127807617
v 6.164579391479492 13.584563255310059 17.54661750793457
v 11.70174503326416 15.572223663330078 17.51053237915039
v -0.5277794599533081 14.3800048828125 17.55537986755371
v -8.059329986572266 15.59196662902832 17.70995330810547
v -6.537670612335205 17.147306442260742 17.554174423217773
v -4.067352771759033 16.351163864135742 17.532154083251953
v -3.2682085037231445 15.31881046295166 17.601436614990234
v -5.259837627410889 17.916486740112305 17.164976119995117
v 10.08709716796875 19.177820205688477 17.520395278930664
v 0.5099115967750549 17.311363220214844 17.13007926940918
v 9.136494636535645 19.83932113647461 17.069490432739258
v -12.642213821411133 20.491802215576172 17.782325744628906
v -0.12818628549575806 19.908342361450195 17.416282653808594
v 12.298261642456055 19.277130126953125 17.870607376098633
v -8.896004676818848 17.757978439331055 17.571252822875977
v -14.252979278564453 22.436986923217773 17.613101959228516
v -7.347658157348633 19.651700973510742 17.448883056640625
v 13.977005004882812 20.3743839263916 18.154159545898438
v 16.340505599975586 21.25298500061035 18.175514221191406
v 18.770368576049805 21.693645477294922 18.710124969482422
v -10.975631713867188 22.915119171142578 17.440176010131836
v 20.43532371520996 23.063669204711914 18.592849731445312
v -1.2740485668182373 28.769079208374023 18.93783187866211
v 1.9800013303756714 29.463815689086914 17.435922622680664
v 5.665263652801514 29.986251831054688 17.796018600463867
v -3.2912628650665283 31.826404571533203 18.13128089904785
v 27.166439056396484 31.35089111328125 18.49489402770996
v 10.115226745605469 33.22322082519531 16.823612213134766
v -4.893470764160156 34.227020263671875 18.135522842407227
v -6.887526512145996 35.77591323852539 18.409391403198242
v 27.90296745300293 33.92277526855469 18.095348358154297
v 15.808954238891602 37.90378189086914 17.079748153686523
v 17.00520133972168 39.499969482421875 17.31635284423828
v 20.226173400878906 40.670814514160156 19.023588180541992
v 21.304174423217773 42.575138092041016 17.555130004882812
v 21.588106155395508 43.50456237792969 16.475112915039062
v -13.442622184753418 45.11072540283203 17.003332138061523
v -22.534503936767578 48.34647750854492 15.577749252319336
v 11.898221969604492 -26.664579391479492 18.373802185058594
v 12.257669448852539 -26.712570190429688 19.504003524780273
v -11.64412784576416 -21.502466201782227 18.308643341064453
v 9.890129089355469 -20.030563354492188 18.426071166992188
v -9.445414543151855 -20.2280330657959 17.86906623840332
v -5.314091205596924 -19.531661987304688 18.779008865356445
v -15.624549865722656 -15.868415832519531 16.947650909423828
v -16.371379852294922 -13.436500549316406 19.906837463378906
v -14.551109313964844 -14.146784782409668 17.59498405456543
v -12.912477493286133 -9.823674201965332 17.47676658630371
v 7.790621280670166 -9.554075241088867 19.8314266204834
v 7.868231296539307 -6.334203720092773 19.385009765625
v -12.850793838500977 -2.2561540603637695 19.36578941345215
v 9.158175468444824 -3.4286701679229736 20.150726318359375
v 11.382637023925781 3.221364974975586 19.751798629760742
v -12.45578670501709 4.365234851837158 17.967247009277344
v 11.258086204528809 4.500628471374512 18.86988639831543
v 0.38870710134506226 8.547242164611816 17.698532104492188
v -2.0544562339782715 8.418644905090332 19.02091407775879
v 10.944180488586426 9.871058464050293 18.793363571166992
v -1.8161039352416992 9.297347068786621 19.11244010925293
v -3.2714924812316895 9.880215644836426 18.3065185546875
v -12.117656707763672 11.984088897705078 18.82807159423828
v -1.7911747694015503 11.128366470336914 18.592052459716797
v 13.769625663757324 12.28510856628418 19.103214263916016
v -6.419495582580566 14.96683120727539 18.310665130615234
v -10.305351257324219 16.979333877563477 17.93876838684082
v 16.104246139526367 16.99078369140625 18.917247772216797
v -12.716992378234863 16.441125869750977 19.090993881225586
v -14.65147590637207 20.100791931152344 18.850605010986328
v 14.239811897277832 18.730127334594727 18.460098266601562
v 17.224891662597656 20.14402961730957 18.756826400756836
v -17.151290893554688 23.686473846435547 18.185747146606445
v -18.13318634033203 24.539093017578125 19.051708221435547
v 22.115816116333008 25.43828582763672 19.40904426574707
v 1.6518086194992065 28.257368087768555 18.752809524536133
v -21.33368492126465 30.455219268798828 20.155275344848633
v 3.720998764038086 27.588905334472656 20.798099517822266
v 3.850977659225464 29.402790069580078 18.981460571289062
v -21.550779342651367 30.857492446899414 17.633333206176758
v 7.739045143127441 30.209592819213867 19.50835418701172
v -3.207458257675171 30.24459457397461 20.853439331054688
v -22.537771224975586 35.507606506347656 20.41014862060547
v -8.240354537963867 38.1244010925293 18.93072509765625
v 27.23897361755371 39.01840591430664 19.06868553161621
v 22.713747024536133 43.14984893798828 17.698936462402344
v 24.987552642822266 42.9840202331543 17.65483856201172
v -11.72337532043457 42.50061798095703 18.851720809936523
v -12.955730438232422 44.80830383300781 18.02924346923828
v -17.845945358276367 47.388267517089844 19.032840728759766
v -17.142574310302734 47.42473602294922 17.220767974853516
v 8.56521987915039 -27.968082427978516 21.515596389770508
v 1.0332231521606445 -23.827762603759766 19.29149055480957
v 12.400938034057617 -24.44075584411621 19.793859481811523
v -0.6150469183921814 -21.940580368041992 20.417827606201172
v -22.066232681274414 -19.44833755493164 22.21967315673828
v -10.099284172058105 -19.710811614990234 20.594240188598633
v -21.529582977294922 -19.754608154296875 19.068195343017578
v -18.986160278320312 -17.6040096282959 18.612335205078125
v 8.443543434143066 -15.982721328735352 19.52593231201172
v -13.738195419311523 -11.045846939086914 18.4492130279541
v -14.873122215270996 -6.88586950302124 22.757713317871094
v -13.910499572753906 0.24645641446113586 20.30427360534668
v -13.940401077270508 4.157217979431152 20.214021682739258
v 13.540669441223145 7.808917999267578 20.422218322753906
v -1.1644585132598877 8.647597312927246 19.11594009399414
v 12.907960891723633 10.179576873779297 19.51718521118164
v 13.76600170135498 9.682198524475098 20.182451248168945
v -13.27794075012207 11.82761001586914 20.325746536254883
v 15.61635684967041 15.238885879516602 19.431596755981445
v 18.091161727905273 17.23973274230957 20.328832626342773
v -13.713221549987793 16.891597747802734 19.665830612182617
v -16.623516082763672 18.794519424438477 21.283462524414062
v 19.48104476928711 20.7263126373291 19.89236831665039
v 21.209320068359375 23.566144943237305 19.125656127929688
v 22.090078353881836 24.470848083496094 21.145776748657227
v 0.11604379862546921 28.477510452270508 18.28157615661621
v -2.4447531700134277 30.03757095336914 19.170324325561523
v 8.07941722869873 31.07263946533203 18.229429244995117
v 25.394519805908203 29.43799591064453 19.034343719482422
v -22.04952049255371 32.50253677368164 18.063615798950195
v 10.97508716583252 31.377769470214844 20.57110023498535
v 26.025686264038086 31.87093162536621 20.529300689697266
v -5.799501895904541 33.740535736083984 20.57697105407715
v 15.352477073669434 35.86769104003906 19.913436889648438
v -24.680402755737305 37.894100189208984 18.688215255737305
v 17.624679565429688 39.15422058105469 19.11005401611328
v 19.307762145996094 39.36854934692383 20.59281349182129
v -23.48143196105957 38.7971305847168 20.80942726135254
v 24.782737731933594 39.55572509765625 20.952760696411133
v 26.458162307739258 40.40764236450195 18.902408599853516
v 22.790658950805664 41.09901809692383 19.6304931640625
v -24.86701774597168 41.54818344116211 19.634593963623047
v -24.98471450805664 43.35126495361328 19.175537109375
v -13.231637001037598 44.40838623046875 20.03879165649414
v -23.604761123657227 45.98701858520508 18.699623107910156
v -21.210689544677734 47.30852127075195 19.003095626831055
v -16.431373596191406 46.697696685791016 18.936031341552734
v 6.591363430023193 -27.7342529296875 19.957168579101562
v 6.405264854431152 -26.141149520874023 22.69878387451172
v 12.639778137207031 -24.92798614501953 21.269916534423828
v 4.173801898956299 -26.02729606628418 20.24527359008789
v -21.643081665039062 -23.803207397460938 20.489242553710938
v -20.895097732543945 -24.012218475341797 21.2086238861084
v 13.323959350585938 -23.751094818115234 21.314891815185547
v -22.055904388427734 -22.787681579589844 20.37309455871582
v -13.752177238464355 -21.625761032104492 20.392566680908203
v -3.6081860065460205 -18.897754669189453 21.833303451538086
v -13.349565505981445 -4.195422649383545 20.88982391357422
v 13.225760459899902 5.094566822052002 21.291601181030273
v -13.248554229736328 5.7791314125061035 19.316171646118164
v -12.624622344970703 7.891523838043213 19.23407745361328
v -14.315290451049805 8.910289764404297 22.67798614501953
v 14.782815933227539 9.066693305969238 21.572031021118164
v -13.815143585205078 14.160428047180176 20.430686950683594
v 16.456432342529297 15.150297164916992 20.524641036987305
v -18.98598861694336 26.202253341674805 19.052827835083008
v -19.442293167114258 27.309791564941406 18.5906925201416
v 1.9771792888641357 25.759401321411133 22.43585968017578
v 24.031911849975586 27.126333236694336 21.931095123291016
v -1.9851617813110352 27.020614624023438 22.638490676879883
v 16.38815689086914 36.92331314086914 19.967897415161133
v 27.025787353515625 37.55706787109375 19.58905792236328
v -11.340153694152832 41.81060791015625 18.904102325439453
v -19.391801834106445 46.999263763427734 19.971439361572266
v 10.982745170593262 -27.933815002441406 21.62641716003418
v 12.097722053527832 -26.809419631958008 21.41375160217285
v 3.759340763092041 -23.991641998291016 22.29796600341797
v -18.92000961303711 -23.881200790405273 21.073123931884766
v -17.880535125732422 -21.994035720825195 22.808063507080078
v 0.1615542620420456 -22.0997257232666 21.200956344604492
v -2.5213217735290527 -20.31690216064453 21.04624366760254
v -13.353779792785645 -19.882457733154297 22.86543083190918
v -6.412458896636963 -18.781410217285156 20.166528701782227
v 12.01689624786377 -17.87746810913086 22.999475479125977
v -20.76000213623047 -17.197904586791992 20.83767318725586
v 9.026774406433105 -13.75369644165039 21.035385131835938
v -16.30494499206543 -9.428297996520996 22.584049224853516
v 7.347182273864746 -13.404366493225098 19.026321411132812
v -13.253870010375977 -10.763898849487305 17.82780647277832
v 8.487640380859375 -7.634112358093262 21.292545318603516
v -14.827826499938965 15.673127174377441 21.024898529052734
v -16.322463989257812 16.147493362426758 22.405893325805664
v 19.16729736328125 18.408092498779297 21.112091064453125
v 20.827478408813477 21.13755226135254 21.275375366210938
v 0.2854793965816498 26.85019302368164 20.978450775146484
v 23.354690551757812 26.348976135253906 20.173946380615234
v 5.571818828582764 29.105812072753906 19.99923324584961
v 8.725807189941406 29.581214904785156 21.136367797851562
v 12.362475395202637 31.006853103637695 22.04197883605957
v 24.41357421875 28.110971450805664 22.6597843170166
v 12.167460441589355 33.088985443115234 20.733150482177734
v 14.372762680053711 34.83047103881836 20.89805030822754
v -7.500716209411621 34.88227081298828 21.658906936645508
v 26.195711135864258 34.84882736206055 21.15387725830078
v -22.580949783325195 35.921321868896484 21.22645378112793
v 22.2059383392334 38.95750427246094 22.043800354003906
v -9.699947357177734 39.05490493774414 20.79007911682129
v -22.745384216308594 42.302207946777344 21.531110763549805
v -24.47285270690918 43.86855697631836 19.47064971923828
v -16.976858139038086 44.70641326904297 22.952390670776367
v 9.56863021850586 -26.599271774291992 24.321842193603516
v 8.261286735534668 -26.310407638549805 24.139423370361328
v 12.372624397277832 -24.84703254699707 23.074037551879883
v -21.277585983276367 -22.172374725341797 23.26425552368164
v 1.9598538875579834 -23.73249053955078 21.2864933013916
v -9.978489875793457 -18.156517028808594 22.77215576171875
v 13.06768798828125 -20.35832977294922 22.782052993774414
v -3.322305679321289 -16.892742156982422 23.29304313659668
v -21.117557525634766 -15.548526763916016 24.212249755859375
v -5.562269687652588 -16.974218368530273 22.5341739654541
v -14.150102615356445 -2.214217185974121 22.582683563232422
v 10.719219207763672 -3.8220012187957764 23.45357322692871
v 15.481683731079102 12.052874565124512 20.480682373046875
v 16.35970115661621 8.100518226623535 25.37169647216797
v 21.596677780151367 21.167377471923828 23.824522018432617
v 22.256729125976562 22.176233291625977 23.985706329345703
v 0.6708881258964539 25.68861198425293 22.151317596435547
v -19.741186141967773 26.909700393676758 22.337160110473633
v -20.66823387145996 29.164642333984375 22.530941009521484
v -4.371641159057617 32.326377868652344 19.850914001464844
v 15.27751350402832 31.649137496948242 23.678939819335938
v 24.72395896911621 31.34369468688965 24.002153396606445
v 15.326017379760742 34.13517379760742 22.180164337158203
v -22.196481704711914 34.948394775390625 22.808361053466797
v 25.147966384887695 34.7446403503418 22.767684936523438
v -8.716695785522461 37.28978729248047 21.28073501586914
v 20.06715202331543 36.97262954711914 23.172130584716797
v -22.540170669555664 38.27752685546875 22.475156784057617
v -22.062040328979492 40.58289337158203 22.750268936157227
v -10.891387939453125 38.833740234375 22.956552505493164
v -12.489116668701172 39.71797561645508 23.951629638671875
v -21.665889739990234 44.37413787841797 21.68619728088379
v 10.72719669342041 -26.3991641998291 24.430118560791016
v 11.241302490234375 -24.946624755859375 25.392908096313477
v 13.257314682006836 -22.462003707885742 25.71556282043457
v -19.633872985839844 -22.637489318847656 23.241804122924805
v -0.10323012620210648 -20.859039306640625 22.362241744995117
v -21.76618003845215 -19.686479568481445 24.49921989440918
v 13.518548965454102 -21.776161193847656 23.2374324798584
v -14.069762229919434 -18.101058959960938 24.86199188232422
v -2.127382516860962 -19.54677391052246 22.54017448425293
v 0.22155912220478058 -19.76345443725586 23.379972457885742
v -7.518455505371094 -18.618165969848633 20.556554794311523
v -4.811768054962158 -15.733275413513184 23.31064224243164
v -6.863421440124512 -15.939428329467773 23.684284210205078
v 10.537348747253418 -16.13263702392578 21.50040054321289
v -19.838197708129883 -15.377699851989746 22.212947845458984
v -3.4030001163482666 -13.160872459411621 23.97123908996582
v 11.596821784973145 -15.135738372802734 23.33335304260254
v -18.090614318847656 -12.52360725402832 22.87687110900879
v -4.256104469299316 -12.66374683380127 24.154510498046875
v 10.652944564819336 -12.373576164245605 23.589624404907227
v -18.42162322998047 -8.735687255859375 25.315288543701172
v 10.018095016479492 -7.757544994354248 23.858774185180664
v -14.783713340759277 1.0380723476409912 23.51844024658203
v 11.918858528137207 1.9153716564178467 22.64500617980957
v 13.867201805114746 3.7439136505126953 24.234987258911133
v 14.33279037475586 5.948328018188477 24.053911209106445
v -17.335491180419922 14.15922737121582 24.370637893676758
v -17.30268096923828 17.718238830566406 23.084667205810547
v -17.838878631591797 19.197633743286133 23.277721405029297
v -19.10062599182129 22.436275482177734 24.30030632019043
v -0.12198074907064438 23.42604637145996 23.721580505371094
v -1.933005452156067 25.878427505493164 23.622207641601562
v 5.8513712882995605 25.95641326904297 23.165477752685547
v -3.466982841491699 26.312057495117188 25.10825538635254
v 23.864030838012695 30.066654205322266 25.00246810913086
v 24.58778953552246 29.320911407470703 23.223041534423828
v 17.604415893554688 35.3329963684082 22.84452247619629
v -8.766573905944824 34.97133255004883 23.778106689453125
v 23.87234878540039 33.1375617980957 24.63108253479004
v 23.36277961730957 35.40788650512695 23.769990921020508
v 20.91812515258789 35.033939361572266 24.367483139038086
v 22.905393600463867 37.58892822265625 23.0347843170166
v -21.073562622070312 41.0906982421875 23.73285484313965
v -17.938232421875 43.232364654541016 24.395038604736328
v -13.748895645141602 44.88862228393555 20.120098114013672
v -19.650861740112305 44.54145050048828 22.80971908569336
v -16.908206939697266 43.39421844482422 24.254526138305664
v 5.73325777053833 -23.83223533630371 24.102357864379883
v 2.0543322563171387 -19.981164932250977 24.906288146972656
v 13.67848014831543 -20.665830612182617 25.30658721923828
v -0.11214344203472137 -16.040395736694336 25.168787002563477
v -11.642952919006348 -15.674117088317871 25.99928855895996
v -4.051146984100342 -10.891453742980957 25.220338821411133
v -2.9536914825439453 -10.9519681930542 25.04693031311035
v -15.137369155883789 -4.1404194831848145 23.85883140563965
v 11.371126174926758 -5.4469404220581055 24.891496658325195
v -14.94064712524414 -1.913297176361084 24.552289962768555
v 12.110603332519531 -2.5289978981018066 25.592769622802734
v 11.743666648864746 -1.1434611082077026 24.151386260986328
v -14.718311309814453 5.997345447540283 23.20203971862793
v -16.53349494934082 12.059803009033203 24.40209197998047
v 17.131513595581055 12.235624313354492 24.3798885345459
v 0.7178418636322021 23.88414192199707 23.12786102294922
v 1.96291983127594 22.52903175354004 24.38543128967285
v -2.3360390663146973 22.505712509155273 26.481679916381836
v 6.666724681854248 23.167882919311523 25.630512237548828
v 23.427927017211914 25.326515197753906 23.65597152709961
v 9.349053382873535 26.80331039428711 23.791025161743164
v -3.843898296356201 28.955551147460938 23.107257843017578
v 13.295601844787598 29.127195358276367 24.78301429748535
v -21.565637588500977 29.965059280395508 25.38959503173828
v -22.005035400390625 36.51911926269531 25.012508392333984
v -21.60544776916504 38.651458740234375 25.302581787109375
v -13.918508529663086 42.21548843383789 23.729799270629883
v 7.556375503540039 -24.95771026611328 25.108699798583984
v 11.879474639892578 -23.594741821289062 26.82678985595703
v 5.061431884765625 -21.39021110534668 25.446203231811523
v -19.36659812927246 -19.463253021240234 26.019996643066406
v -21.078216552734375 -20.300905227661133 24.9290714263916
v -16.235843658447266 -19.985225677490234 24.30477523803711
v -21.833269119262695 -17.00826072692871 24.662792205810547
v -21.4309024810791 -15.948128700256348 26.25788688659668
v 13.346141815185547 -17.434152603149414 24.93290901184082
v -1.450671911239624 -12.340834617614746 25.486839294433594
v -20.445775985717773 -12.483935356140137 25.30290412902832
v -5.864985466003418 -12.736649513244629 25.324466705322266
v 13.027656555175781 -12.904017448425293 25.631250381469727
v -3.8832576274871826 -8.433260917663574 27.202754974365234
v 12.743295669555664 -10.611908912658691 26.20625877380371
v -18.5850887298584 -10.57982063293457 24.724023818969727
v 11.93132209777832 -8.445247650146484 25.557846069335938
v 14.878795623779297 -4.53401517868042 28.120311737060547
v -15.540887832641602 2.448899984359741 24.96088981628418
v 15.6607084274292 4.038784980773926 26.32733726501465
v 19.33769416809082 16.146503448486328 24.656402587890625
v -19.139102935791016 18.184717178344727 27.537046432495117
v 21.064807891845703 18.73273468017578 25.55063247680664
v 0.7414070963859558 20.36918830871582 25.909221649169922
v 3.710203170776367 21.876501083374023 25.70918083190918
v -0.06504277884960175 21.341482162475586 25.479360580444336
v 3.6727843284606934 23.84076499938965 24.32734489440918
v 21.80560302734375 21.783843994140625 26.840524673461914
v 22.831226348876953 24.321914672851562 25.19637680053711
v 12.329054832458496 26.965829849243164 25.61650276184082
v -21.219280242919922 28.286619186401367 26.126619338989258
v -6.7863383293151855 29.85794448852539 24.926464080810547
v -21.932415008544922 31.56243896484375 25.301130294799805
v 23.114931106567383 30.82472801208496 25.786081314086914
v 19.36964225769043 31.867921829223633 25.9545841217041
v 21.622468948364258 31.86109161376953 25.983617782592773
v -8.3995361328125 32.98037338256836 24.681808471679688
v -10.510115623474121 32.53865051269531 27.018142700195312
v 22.771791458129883 33.63427734375 25.05144691467285
v -11.099238395690918 34.73863220214844 26.55730438232422
v -21.492176055908203 36.19272232055664 26.66278076171875
v -11.91215991973877 35.87959289550781 26.59804344177246
v -18.78949546813965 41.09064483642578 25.317699432373047
v -17.226163864135742 41.10335159301758 25.753780364990234
v -15.365750312805176 39.0672607421875 27.16519546508789
v 13.598762512207031 -19.839818954467773 26.949939727783203
v -20.141416549682617 -16.479801177978516 27.990880966186523
v 2.039353609085083 -15.439563751220703 26.95403480529785
v -8.486858367919922 -15.664055824279785 24.904909133911133
v 0.27994176745414734 -13.03253173828125 26.176523208618164
v -6.043435096740723 -10.927698135375977 27.30835723876953
v 13.698837280273438 -15.571386337280273 26.872039794921875
v -20.748106002807617 -9.7706937789917 26.85344123840332
v -2.4959497451782227 -8.144949913024902 27.241008758544922
v 13.55783462524414 -9.645809173583984 27.923694610595703
v 13.209514617919922 -8.442877769470215 27.159343719482422
v -17.992862701416016 -2.202176094055176 27.561777114868164
v 13.93019962310791 -1.2100529670715332 26.983163833618164
v 14.492610931396484 1.9327654838562012 26.27570915222168
v -16.874584197998047 5.2983293533325195 26.089868545532227
v -17.151382446289062 7.804286003112793 26.31987762451172
v -17.5491886138916 11.757302284240723 26.38515281677246
v 18.33476448059082 10.090423583984375 27.082481384277344
v 19.37030792236328 13.362811088562012 26.556074142456055
v 20.60076904296875 15.282540321350098 27.959522247314453
v 5.020331859588623 19.786603927612305 27.15362548828125
v -2.274482011795044 20.760629653930664 27.385347366333008
v -20.0927791595459 24.860572814941406 25.95924949645996
v -3.4356415271759033 23.85076332092285 26.668386459350586
v 22.456310272216797 25.951080322265625 27.23813819885254
v 23.392335891723633 26.414892196655273 25.913311004638672
v 16.711841583251953 29.134418487548828 26.576034545898438
v 22.655319213867188 28.251991271972656 26.92939567565918
v -7.794731616973877 28.592496871948242 26.95923614501953
v 19.275087356567383 30.20242691040039 27.188087463378906
v 18.98209571838379 33.941776275634766 24.566362380981445
v -13.84925651550293 37.95405960083008 26.92215347290039
v -16.96723175048828 39.49166488647461 27.204669952392578
v 9.483375549316406 -23.74924659729004 26.905315399169922
v 7.836911678314209 -22.318531036376953 26.939268112182617
v 10.64594841003418 -23.7579288482666 27.061941146850586
v 12.474920272827148 -21.08543586730957 28.17563247680664
v -17.166513442993164 -17.714696884155273 27.149662017822266
v 4.953936576843262 -18.428260803222656 27.20729637145996
v -21.026309967041016 -17.121030807495117 26.8619384765625
v 4.7820539474487305 -16.488365173339844 27.85335350036621
v -20.717880249023438 -15.00422477722168 28.578426361083984
v -13.864311218261719 -15.923083305358887 27.116249084472656
v -21.396413803100586 -12.372594833374023 27.357135772705078
v 2.052027702331543 -12.366742134094238 27.631061553955078
v -12.462082862854004 -12.204315185546875 28.93812370300293
v -0.3739185929298401 -10.825468063354492 26.878501892089844
v 0.3366937041282654 -8.62780475616455 28.0672607421875
v -3.875272512435913 -7.181673049926758 27.824790954589844
v -2.3804075717926025 -6.295803546905518 27.951351165771484
v -19.998144149780273 -5.036996841430664 28.38828468322754
v -18.476564407348633 -6.5554704666137695 26.70758056640625
v -2.8952443599700928 -4.087841510772705 27.88551902770996
v -17.59579849243164 -3.8481531143188477 26.776124954223633
v -3.6396212577819824 -3.7063653469085693 27.955860137939453
v 17.16341209411621 1.3582255840301514 29.802597045898438
v -17.437965393066406 2.217442750930786 27.287900924682617
v 17.04180908203125 6.024657249450684 27.519275665283203
v 17.503482818603516 5.706887722015381 28.79450035095215
v 18.276628494262695 7.426883220672607 28.412948608398438
v -18.6232852935791 11.451696395874023 29.350440979003906
v 0.49397867918014526 10.722915649414062 27.85366439819336
v -0.8463423252105713 11.40904426574707 27.56308937072754
v -2.098921775817871 11.982392311096191 27.964956283569336
v -18.3552303314209 14.837838172912598 27.61868667602539
v 20.058637619018555 14.307674407958984 28.427871704101562
v -2.078984260559082 18.328407287597656 27.9511661529541
v -1.2980087995529175 16.103435516357422 27.610130310058594
v 4.096216201782227 15.653807640075684 27.697561264038086
v 0.9228603839874268 13.8629789352417 27.61443328857422
v 0.43877890706062317 16.619491577148438 27.477800369262695
v 0.5564000606536865 18.651762008666992 26.760948181152344
v 21.1674747467041 18.19157600402832 28.124919891357422
v 6.5142412185668945 19.76020622253418 27.472225189208984
v 6.673710346221924 21.05533790588379 27.0731258392334
v 9.347524642944336 21.849199295043945 27.128087997436523
v -5.387138366699219 22.2853946685791 28.37662124633789
v 8.800457000732422 23.50991439819336 26.208953857421875
v -19.62248420715332 23.660552978515625 26.162391662597656
v 11.625808715820312 24.55783462524414 27.06966781616211
v -20.73760986328125 27.262649536132812 26.540178298950195
v 17.134654998779297 26.92103385925293 27.933637619018555
v -6.3858160972595215 25.474105834960938 27.76448631286621
v 20.84522247314453 27.873682022094727 27.908342361450195
v -10.340158462524414 30.368444442749023 28.286468505859375
v 21.489316940307617 30.016433715820312 26.956998825073242
v -21.142654418945312 30.781213760375977 27.340160369873047
v -12.368011474609375 31.7125186920166 28.493610382080078
v -21.444427490234375 34.21643829345703 27.157161712646484
v -20.74931526184082 38.978965759277344 26.106861114501953
v -17.860002517700195 37.21980285644531 28.17412757873535
v 7.258706569671631 -20.744413375854492 27.951976776123047
v 10.63988971710205 -20.416568756103516 29.158315658569336
v 13.121055603027344 -19.891937255859375 28.272714614868164
v 6.8187575340271 -17.101791381835938 29.249229431152344
v 13.480256080627441 -17.03333282470703 28.318836212158203
v -18.67167854309082 -15.20825481414795 29.186386108398438
v -14.694121360778809 -13.919745445251465 29.0092716217041
v 4.644435882568359 -14.33837890625 28.278913497924805
v 13.581962585449219 -13.670065879821777 29.986814498901367
v -21.18424415588379 -11.256782531738281 29.13274574279785
v -8.436235427856445 -11.807013511657715 27.695072174072266
v 13.721426010131836 -11.2991304397583 29.300334930419922
v -20.687084197998047 -7.50906229019165 28.135234832763672
v 14.656686782836914 -7.628290176391602 29.54327964782715
v -6.340421676635742 -7.125075340270996 28.988895416259766
v 0.03335101157426834 -5.596396446228027 29.147367477416992
v 15.526107788085938 -5.254889011383057 29.21150779724121
v -5.459622859954834 -3.833807945251465 29.156875610351562
v -1.9441566467285156 -1.5733312368392944 28.870569229125977
v -3.8074514865875244 -2.0174872875213623 29.128629684448242
v 16.03215217590332 -2.437774896621704 29.843040466308594
v 15.492314338684082 -1.3007206916809082 28.579805374145508
v 17.35833168029785 2.580791711807251 29.739988327026367
v -1.8720579147338867 4.758636474609375 28.83751678466797
v -0.8901056051254272 5.020065784454346 28.716764450073242
v 18.33061408996582 6.567900657653809 30.025720596313477
v -1.757876992225647 7.5982866287231445 28.72591209411621
v -0.13676239550113678 8.51966381072998 28.528852462768555
v 18.77212142944336 9.338682174682617 28.841426849365234
v 1.381770372390747 8.746021270751953 29.114091873168945
v -1.7494014501571655 9.354846000671387 28.51850128173828
v 2.326590061187744 10.713444709777832 28.599454879760742
v 19.434656143188477 10.466702461242676 28.65987205505371
v 4.689733982086182 11.17918872833252 28.74418067932129
v 19.555286407470703 10.47305965423584 29.652667999267578
v 2.327467441558838 12.83725357055664 28.281476974487305
v 5.23700475692749 14.283262252807617 28.509672164916992
v -18.7372989654541 14.75331974029541 28.4451847076416
v 7.0302300453186035 17.290796279907227 28.16046142578125
v -19.553874969482422 19.95315170288086 28.226428985595703
v 9.397523880004883 19.316532135009766 28.469030380249023
v -4.2161030769348145 19.921627044677734 28.96296501159668
v 21.133438110351562 19.39946174621582 29.364028930664062
v -19.626646041870117 25.06402015686035 29.722360610961914
v 21.176647186279297 22.944910049438477 28.88909149169922
v -11.01188850402832 26.24500846862793 30.950523376464844
v 18.545103073120117 27.762147903442383 27.97553062438965
v -20.05295181274414 31.40755844116211 28.540014266967773
v -18.93657112121582 33.92647933959961 29.01336097717285
v -20.16449546813965 35.352840423583984 28.002614974975586
v -14.191402435302734 34.28340530395508 29.061599731445312
v 8.557580947875977 -20.04507827758789 29.003419876098633
v 12.177298545837402 -19.9740047454834 29.12198257446289
v 11.862812042236328 -17.75197982788086 29.78989028930664
v 13.056262969970703 -17.34975242614746 29.099794387817383
v -16.776424407958984 -14.92854118347168 29.070220947265625
v -18.92913246154785 -13.10096549987793 30.074481964111328
v -17.186965942382812 -13.122255325317383 30.057565689086914
v 4.724577903747559 -11.78005599975586 29.222801208496094
v -14.488241195678711 -10.583332061767578 30.732242584228516
v -12.84695053100586 -10.859304428100586 29.864641189575195
v -10.371729850769043 -10.696680068969727 29.15839958190918
v 13.99383544921875 -10.34023666381836 30.184720993041992
v 2.4721391201019287 -9.477157592773438 29.137826919555664
v -12.192727088928223 -8.839751243591309 30.044727325439453
v -21.39588737487793 -8.152684211730957 29.370136260986328
v -9.79788589477539 -7.3495774269104 30.10358428955078
v 1.5902974605560303 -7.383059978485107 29.28015899658203
v -8.777922630310059 -6.018293380737305 30.1949462890625
v 15.627364158630371 -6.240473747253418 30.22254180908203
v -21.125261306762695 -3.2471957206726074 30.952468872070312
v -0.23531369864940643 -3.442558765411377 29.14666175842285
v -19.951385498046875 -2.441584825515747 29.540958404541016
v -2.6112372875213623 0.295590341091156 29.394046783447266
v 16.548500061035156 -0.5472511649131775 30.78105926513672
v -19.73929214477539 2.222297430038452 30.49383544921875
v -5.847781658172607 -1.182695746421814 30.11908721923828
v -2.0822548866271973 2.230342149734497 29.482906341552734
v 4.6437602043151855 3.0355589389801025 30.386011123657227
v -18.46605110168457 2.283707618713379 28.949874877929688
v -3.9357903003692627 1.6798696517944336 29.87423324584961
v 4.721945762634277 4.993188858032227 29.82823944091797
v 0.6464802622795105 4.2221903800964355 29.433467864990234
v 1.0455409288406372 2.8108091354370117 29.552143096923828
v 17.538022994995117 5.368790149688721 30.20838165283203
v -18.577171325683594 5.8509016036987305 29.14398956298828
v 8.53845500946045 8.051505088806152 29.711320877075195
v -3.7765495777130127 6.223282337188721 30.315837860107422
v 2.864924669265747 8.36979866027832 29.553348541259766
v 7.159103870391846 8.48926067352295 29.535390853881836
v 6.207608699798584 9.672016143798828 29.528154373168945
v -3.5305914878845215 11.874032020568848 29.171934127807617
v 10.374226570129395 12.691551208496094 29.663320541381836
v 8.12995719909668 14.6225004196167 29.490007400512695
v 11.243392944335938 15.345963478088379 29.83085060119629
v -20.153091430664062 14.165840148925781 30.44117546081543
v -19.526470184326172 16.63874053955078 29.32147979736328
v -5.98974084854126 16.728914260864258 30.006431579589844
v 10.011237144470215 16.283720016479492 29.44247055053711
v 20.536558151245117 16.84849739074707 30.0911922454834
v 10.983208656311035 18.843767166137695 29.2495059967041
v 14.134138107299805 19.138370513916016 29.815372467041016
v -20.130857467651367 16.77164077758789 30.944974899291992
v -3.4967234134674072 17.69434356689453 29.137920379638672
v -6.974613666534424 19.503358840942383 30.242151260375977
v 12.82847785949707 20.725364685058594 29.056034088134766
v 20.868144989013672 21.008346557617188 29.59755516052246
v -19.396692276000977 22.319995880126953 28.80345344543457
v 17.25550651550293 22.0302791595459 29.779186248779297
v 19.359830856323242 22.866134643554688 29.663698196411133
v 20.240657806396484 22.344097137451172 29.614187240600586
v -9.252518653869629 22.462913513183594 31.0369815826416
v 15.619067192077637 23.423648834228516 29.31981658935547
v 15.288989067077637 25.103544235229492 28.413135528564453
v 18.14611053466797 25.299068450927734 29.345779418945312
v 20.2728271484375 25.558574676513672 29.21099090576172
v -20.632139205932617 28.19328498840332 28.1757755279541
v -19.512245178222656 28.977684020996094 29.842384338378906
v -11.233734130859375 28.83101463317871 29.693090438842773
v -18.81425666809082 31.43015480041504 29.466053009033203
v -13.889053344726562 31.55808448791504 29.655065536499023
v -16.91685676574707 32.034114837646484 29.87177848815918
v -14.828150749206543 32.00995635986328 29.791988372802734
v -17.317644119262695 34.763004302978516 29.33465003967285
v -16.208173751831055 34.90044021606445 29.30794334411621
v 10.699213981628418 -16.10918426513672 30.802974700927734
v 7.868334770202637 -16.398855209350586 29.99629783630371
v 12.22883415222168 -15.136442184448242 31.213619232177734
v 7.247133255004883 -13.490025520324707 30.360326766967773
v 13.025689125061035 -14.4137544631958 31.027952194213867
v 13.169620513916016 -11.62769603729248 31.251876831054688
v -18.784265518188477 -10.664226531982422 31.3585147857666
v -17.254098892211914 -11.405878067016602 31.207035064697266
v 14.43127155303955 -9.814823150634766 30.421937942504883
v -20.945175170898438 -9.327134132385254 30.83397674560547
v 4.716747760772705 -7.525964260101318 30.41705322265625
v 14.762778282165527 -7.914980888366699 31.322355270385742
v -11.37419319152832 -6.7472639083862305 31.15410804748535
v -10.07807731628418 -4.964048862457275 31.114852905273438
v 4.586806297302246 -5.31979513168335 30.55225372314453
v 3.40566349029541 -3.8448009490966797 30.349042892456055
v 15.943978309631348 -3.6572718620300293 31.725830078125
v -20.337953567504883 -2.025620698928833 30.8057861328125
v 4.855572700500488 -1.3802785873413086 30.70111846923828
v -8.429094314575195 -3.0432441234588623 31.206926345825195
v 0.3657355308532715 -0.624029815196991 29.566972732543945
v 6.615642070770264 1.3413814306259155 30.82586097717285
v 17.169002532958984 0.3154931962490082 30.963708877563477
v -6.68438720703125 0.7078784704208374 31.128211975097656
v 3.2593882083892822 0.20941473543643951 30.456789016723633
v -20.167327880859375 1.5249965190887451 31.260971069335938
v -3.5969531536102295 3.364748477935791 29.792800903320312
v 7.268893241882324 3.975188970565796 30.680795669555664
v -6.558497905731201 5.25701379776001 31.255268096923828
v 17.276840209960938 5.572444915771484 31.1086368560791
v -19.5577392578125 7.062880516052246 30.85749053955078
v 18.160173416137695 6.860794544219971 30.873903274536133
v 9.72986888885498 7.605960845947266 30.246288299560547
v 8.98045825958252 10.87092113494873 29.65862464904785
v 18.64885902404785 9.375198364257812 30.63130760192871
v 19.234580993652344 11.346822738647461 31.05449867248535
v -6.099277496337891 9.579890251159668 30.74142074584961
v 12.841485023498535 11.182762145996094 30.754831314086914
v 19.786691665649414 14.586627960205078 30.498096466064453
v -5.238249778747559 14.548474311828613 30.083627700805664
v 12.74899673461914 16.737165451049805 29.901628494262695
v 19.214496612548828 14.701705932617188 31.278852462768555
v -20.12982940673828 20.723350524902344 30.751338958740234
v 20.08481788635254 18.447288513183594 30.844690322875977
v 19.169946670532227 19.382230758666992 30.98980140686035
v -19.190336227416992 23.72584342956543 30.75007438659668
v -18.910568237304688 27.181568145751953 30.703781127929688
v -17.53481674194336 29.993820190429688 31.03664207458496
v -15.925802230834961 30.015897750854492 31.220169067382812
v 11.793755531311035 -12.383116722106934 31.786855697631836
v 10.717489242553711 -13.439685821533203 31.426652908325195
v 10.632548332214355 -10.97614574432373 32.274166107177734
v 13.711219787597656 -10.462562561035156 31.28399085998535
v -20.295135498046875 -11.47679615020752 30.211544036865234
v 7.031637668609619 -9.21996784210205 31.284427642822266
v 14.08263874053955 -9.43898868560791 32.025177001953125
v -16.82118797302246 -8.950302124023438 32.09223937988281
v -13.880812644958496 -8.054605484008789 31.289567947387695
v -21.245420455932617 -7.5582146644592285 30.846099853515625
v -14.621574401855469 -6.628566265106201 31.99949836730957
v 9.258428573608398 -7.084567070007324 31.999576568603516
v 15.498614311218262 -6.918834209442139 31.220617294311523
v 14.910394668579102 -6.916854381561279 32.278419494628906
v -12.75268840789795 -4.815274715423584 31.838106155395508
v -20.35159683227539 -2.116992950439453 31.935056686401367
v 16.281919479370117 -2.672515869140625 30.781936645507812
v -10.468528747558594 -1.9470041990280151 31.97358512878418
v -9.475464820861816 -0.09201931953430176 32.072540283203125
v 16.404891967773438 -0.13501781225204468 32.18213653564453
v -7.677823066711426 2.549959182739258 31.708415985107422
v 6.808465003967285 -0.9769496917724609 31.387794494628906
v 11.54017448425293 2.9581074714660645 31.71335220336914
v 16.94537925720215 1.5033906698226929 31.760839462280273
v 9.109240531921387 3.4117560386657715 31.460628509521484
v -20.18389320373535 4.3987812995910645 31.3072452545166
v 16.845502853393555 6.195645809173584 31.612497329711914
v -20.32366943359375 6.723535537719727 32.84194564819336
v 15.401171684265137 6.361853122711182 31.823713302612305
v 12.913823127746582 7.37733793258667 31.452529907226562
v -7.05203104019165 7.582776069641113 31.5467472076416
v 15.304132461547852 7.834197998046875 31.587543487548828
v -20.301265716552734 10.848465919494629 32.70930480957031
v 14.453617095947266 10.987343788146973 31.373964309692383
v 18.10050392150879 9.103372573852539 31.27535057067871
v 18.127634048461914 12.168549537658691 31.59386444091797
v -19.962371826171875 10.592233657836914 31.58989906311035
v -20.431106567382812 14.258076667785645 32.323814392089844
v 14.77127742767334 15.218378067016602 31.488056182861328
v 14.983101844787598 16.51605224609375 31.248777389526367
v -7.474350929260254 14.477490425109863 31.718109130859375
v -8.061697959899902 17.02747344970703 31.405004501342773
v 18.150949478149414 17.348838806152344 31.62268829345703
v 17.859838485717773 19.175439834594727 31.13493537902832
v -10.217621803283691 21.160064697265625 31.89583969116211
v -18.62586212158203 25.452177047729492 31.68511962890625
v -12.33319091796875 23.908639907836914 32.054344177246094
v -14.55525016784668 26.71640396118164 32.255584716796875
v -17.112510681152344 27.842538833618164 31.88176918029785
v -13.77735710144043 29.126811981201172 31.264598846435547
v 12.556351661682129 -8.873936653137207 32.82832336425781
v 13.609089851379395 -7.509066581726074 33.078765869140625
v 10.80842399597168 -8.309778213500977 32.68222427368164
v -19.85504150390625 -6.973926067352295 32.78816223144531
v 7.028575420379639 -6.312289714813232 31.49237632751465
v 9.335800170898438 -4.458861351013184 32.37468719482422
v 8.118825912475586 -3.086195707321167 31.724740982055664
v -19.905288696289062 -2.767873525619507 33.28764343261719
v 9.63111400604248 -1.354128122329712 31.986473083496094
v 15.815269470214844 -2.978991746902466 32.75108337402344
v -12.52357006072998 -1.9693207740783691 33.12271499633789
v 12.124471664428711 0.5724306106567383 32.615604400634766
v 16.13551902770996 0.9981682896614075 32.70939636230469
v -10.937312126159668 0.34327027201652527 33.220088958740234
v 15.48270034790039 2.759549140930176 32.67782211303711
v -9.432390213012695 4.713718891143799 32.69190216064453
v 15.556180000305176 5.029289722442627 32.244781494140625
v -9.572479248046875 7.739967346191406 33.24713134765625
v -9.760863304138184 11.24866771697998 33.19305419921875
v -20.138792037963867 17.320158004760742 32.556156158447266
v -11.751106262207031 18.243242263793945 33.27251434326172
v -9.982924461364746 18.476665496826172 32.06514358520508
v -20.02134895324707 20.0808162689209 31.787065505981445
v -19.282703399658203 21.477041244506836 31.995521545410156
v -18.695465087890625 22.437833786010742 32.65143966674805
v -13.373335838317871 21.951318740844727 33.41501235961914
v -17.65522003173828 25.32048225402832 32.90447235107422
v -15.935066223144531 25.643814086914062 33.15717315673828
v 12.584565162658691 -6.508047580718994 33.527801513671875
v 11.542681694030762 -5.8183064460754395 33.32233428955078
v -18.85767936706543 -6.9473114013671875 33.29341506958008
v -17.33255958557129 -7.662898063659668 33.11336135864258
v -20.54323959350586 -5.5483808517456055 32.49658203125
v -16.47185707092285 -4.922990798950195 33.79901123046875
v 14.621044158935547 -4.940430641174316 33.39405822753906
v 13.784461975097656 -1.9593796730041504 33.68172836303711
v 11.905628204345703 -1.7197225093841553 33.355491638183594
v 15.196990966796875 -2.149477005004883 33.45722579956055
v -14.55315113067627 -3.8327698707580566 33.719268798828125
v -12.936432838439941 0.115328848361969 33.93855667114258
v 14.22101879119873 1.3362839221954346 33.141841888427734
v -12.020744323730469 1.848814845085144 33.83636474609375
v 15.234940528869629 0.7362484931945801 33.30880355834961
v -20.277587890625 1.558508038520813 34.24742126464844
v -12.042539596557617 5.6055192947387695 33.874515533447266
v -11.426331520080566 8.845017433166504 34.087120056152344
v -9.479722023010254 12.936890602111816 33.053932189941406
v -12.528825759887695 15.657857894897461 34.09971618652344
v -10.379870414733887 15.594664573669434 33.04829406738281
v -19.52704429626465 17.16895866394043 33.788509368896484
v -15.847845077514648 18.73334503173828 34.76024627685547
v -12.041013717651367 20.414892196655273 33.15508270263672
v -17.61395835876465 22.2175350189209 33.50978469848633
v -15.659791946411133 22.55797576904297 33.74923324584961
v -16.82968521118164 25.275169372558594 33.344974517822266
v -18.90913200378418 -3.233647108078003 33.84286880493164
v -17.36747932434082 -3.6162924766540527 34.13178634643555
v -17.218862533569336 -1.1199162006378174 35.2077751159668
v -15.650402069091797 -1.7492443323135376 34.7547721862793
v -19.62076187133789 0.3548234701156616 34.931854248046875
v -13.54508113861084 1.4849181175231934 35.130733489990234
v -20.182126998901367 10.454984664916992 34.53915023803711
v -13.859091758728027 6.834819793701172 35.428871154785156
v -12.061019897460938 12.283072471618652 33.943878173828125
v -20.121501922607422 12.0792818069458 33.99195098876953
v -19.843935012817383 15.069534301757812 34.518863677978516
v -17.89714813232422 17.979507446289062 34.891746520996094
v -17.864437103271484 20.864255905151367 34.024723052978516
v -16.508159637451172 19.401655197143555 34.77186584472656
v -18.642101287841797 0.007792703807353973 35.31830978393555
v -15.60184097290039 0.14238184690475464 35.53492736816406
v -17.291858673095703 1.688934087753296 35.73906326293945
v -15.012133598327637 3.2944276332855225 35.70701599121094
v -16.758861541748047 4.568654537200928 36.535560607910156
v -19.51972198486328 2.44417142868042 35.47874069213867
v -18.47336769104004 8.386075973510742 36.025882720947266
v -19.731287002563477 9.478575706481934 35.30645751953125
v -16.196943283081055 5.513792514801025 36.47434997558594
v -13.357821464538574 9.848311424255371 35.14380645751953
v -19.368452072143555 12.22313404083252 35.10236358642578
v -17.96318244934082 11.201818466186523 35.59070587158203
v -15.679278373718262 10.083747863769531 35.691165924072266
v -14.183917999267578 14.46291732788086 35.390655517578125
v -18.278654098510742 14.574764251708984 35.53756332397461
v -15.578351974487305 15.35055923461914 35.55706024169922
v -17.282367706298828 17.14873504638672 35.3813362121582
v -17.56426239013672 8.83212661743164 36.21681594848633
v 1.138439655303955 29.03745460510254 -37.8754997253418
v 0.7834502458572388 28.11273956298828 -37.17802810668945
v 0.1269262582063675 28.922332763671875 -37.75654602050781
v 0.1269262582063675 28.922332763671875 -37.75654602050781
v 0.1269262582063675 28.922332763671875 -37.75654602050781
v 0.3931032121181488 29.932945251464844 -38.03899002075195
v 0.3931032121181488 29.932945251464844 -38.03899002075195
v 0.3931032121181488 29.932945251464844 -38.03899002075195
v 1.2111395597457886 31.058692932128906 -36.78495788574219
v -1.7060402631759644 28.789100646972656 -36.177467346191406
v -0.5255875587463379 30.551513671875 -36.74531173706055
v -3.7250990867614746 29.91362190246582 -34.92330551147461
v 5.793059349060059 29.358930587768555 -35.24848556518555
v 6.176952838897705 33.117645263671875 -34.727359771728516
v 6.176952838897705 33.117645263671875 -34.727359771728516
v -5.15123987197876 30.69917869567871 -33.26383590698242
v -5.15123987197876 30.69917869567871 -33.26383590698242
v -4.653017520904541 31.63643455505371 -34.05091094970703
v -4.653017520904541 31.63643455505371 -34.05091094970703
v -2.736220359802246 30.576574325561523 -35.790706634521484
v 7.218105316162109 30.41672706604004 -33.82774353027344
v 7.218105316162109 30.41672706604004 -33.82774353027344
v 7.403963088989258 33.98614501953125 -33.52224349975586
v 7.403963088989258 33.98614501953125 -33.52224349975586
v 7.803035259246826 35.13739776611328 -33.990928649902344
v 7.803035259246826 35.13739776611328 -33.990928649902344
v 5.269743919372559 37.30216598510742 -33.91646957397461
v 5.269743919372559 37.30216598510742 -33.91646957397461
v 6.2388410568237305 36.68741226196289 -34.45263671875
v 7.026210784912109 37.11739730834961 -33.83649444580078
v 7.026210784912109 37.11739730834961 -33.83649444580078
v 7.026210784912109 37.11739730834961 -33.83649444580078
v 5.64606237411499 28.026975631713867 -31.079856872558594
v -3.0330183506011963 35.62149429321289 -33.14698028564453
v -3.0330183506011963 35.62149429321289 -33.14698028564453
v -3.0330183506011963 35.62149429321289 -33.14698028564453
v -2.0842416286468506 36.2779655456543 -33.12166976928711
v 3.0648093223571777 37.05101013183594 -32.32192611694336
v -3.8676540851593018 34.629642486572266 -32.769962310791016
v -0.49599689245224 36.86629867553711 -32.34689712524414
v -2.3776774406433105 37.42453384399414 -31.639236450195312
v -2.3776774406433105 37.42453384399414 -31.639236450195312
v -2.3776774406433105 37.42453384399414 -31.639236450195312
v 1.0413247346878052 36.96359634399414 -31.724267959594727
v 1.0413247346878052 36.96359634399414 -31.724267959594727
v 1.6174143552780151 37.22882843017578 -31.141494750976562
v 1.6174143552780151 37.22882843017578 -31.141494750976562
v 1.6174143552780151 37.22882843017578 -31.141494750976562
v 4.980749607086182 37.595558166503906 -32.13615417480469
v 3.190530776977539 26.972183227539062 -25.73802947998047
v 4.2668657302856445 27.863420486450195 -27.18577003479004
v 4.586514472961426 30.876562118530273 -26.555959701538086
v 2.446323871612549 32.84250259399414 -27.306379318237305
v 2.446323871612549 32.84250259399414 -27.306379318237305
v 4.415153503417969 28.760351181030273 -24.470752716064453
v -2.002986431121826 30.656978607177734 -24.514387130737305
v -0.5085024237632751 30.171537399291992 -23.10414695739746
v -0.5085024237632751 30.171537399291992 -23.10414695739746
v 2.1395132541656494 31.356857299804688 -25.218849182128906
v -2.151958703994751 29.490880966186523 -24.363807678222656
v 2.3350443840026855 28.10032844543457 -21.716859817504883
v 1.968103051185608 29.6124210357666 -21.920635223388672
v 0.40183502435684204 28.1544246673584 -20.260648727416992
v 0.40183502435684204 28.1544246673584 -20.260648727416992
v 0.40183502435684204 28.1544246673584 -20.260648727416992
v 0.40183502435684204 28.1544246673584 -20.260648727416992
v 0.898408830165863 28.17474937438965 -20.20816993713379
v 0.898408830165863 28.17474937438965 -20.20816993713379
v 0.898408830165863 28.17474937438965 -20.20816993713379
v -32.04667663574219 1.2102612257003784 -19.797590255737305
v -32.04667663574219 1.2102612257003784 -19.797590255737305
v -32.04667663574219 1.2102612257003784 -19.797590255737305
v -32.04667663574219 1.2102612257003784 -19.797590255737305
v -32.04667663574219 1.2102612257003784 -19.797590255737305
v -32.88573455810547 2.8349766731262207 -19.99602699279785
v -32.88573455810547 2.8349766731262207 -19.99602699279785
v 0.36358219385147095 28.630006790161133 -20.170564651489258
v 0.36358219385147095 28.630006790161133 -20.170564651489258
v 0.3107455372810364 29.468095779418945 -21.094161987304688
v 0.3107455372810364 29.468095779418945 -21.094161987304688
v -33.772071838378906 1.3006131649017334 -19.06560707092285
v -33.772071838378906 1.3006131649017334 -19.06560707092285
v -33.772071838378906 1.3006131649017334 -19.06560707092285
v -33.3128662109375 1.6657606363296509 -19.886817932128906
v -33.3128662109375 1.6657606363296509 -19.886817932128906
v -33.3128662109375 1.6657606363296509 -19.886817932128906
v -34.612892150878906 2.9376590251922607 -18.774749755859375
v -32.34506607055664 2.872540235519409 -19.326311111450195
v -33.59211349487305 1.2723886966705322 -18.145326614379883
v -33.59211349487305 1.2723886966705322 -18.145326614379883
v -34.71200180053711 2.1288836002349854 -18.092243194580078
v -36.15003204345703 2.500483512878418 -17.497920989990234
v -36.15003204345703 2.500483512878418 -17.497920989990234
v -36.05602264404297 3.5602147579193115 -17.92563819885254
v -35.27182388305664 4.057926177978516 -18.107704162597656
v -32.67635726928711 4.243547439575195 -17.68348503112793
v -32.67635726928711 4.243547439575195 -17.68348503112793
v -34.24076843261719 1.895856499671936 -17.256568908691406
v -36.30842590332031 2.661118507385254 -16.464275360107422
v -36.30842590332031 2.661118507385254 -16.464275360107422
v -34.876922607421875 2.6226468086242676 -15.281744003295898
v -34.876922607421875 2.6226468086242676 -15.281744003295898
v -33.417449951171875 4.731790542602539 -16.441835403442383
v -33.417449951171875 4.731790542602539 -16.441835403442383
v -33.417449951171875 4.731790542602539 -16.441835403442383
v -36.539527893066406 4.534903526306152 -16.0926570892334
v -36.98091506958008 6.204746723175049 -15.982710838317871
v -36.98091506958008 6.204746723175049 -15.982710838317871
v -37.75368881225586 6.956303119659424 -15.854215621948242
v -37.75368881225586 6.956303119659424 -15.854215621948242
v -36.089900970458984 5.949208736419678 -16.48589324951172
v -36.089900970458984 5.949208736419678 -16.48589324951172
v -37.21195602416992 8.364072799682617 -16.43765640258789
v -35.332942962646484 6.508484363555908 -16.373464584350586
v -34.58049774169922 6.993168830871582 -15.617323875427246
v -37.999698638916016 10.837909698486328 -16.123319625854492
v -36.73716354370117 11.345392227172852 -15.321891784667969
v -33.939640045166016 4.597451686859131 -14.15004825592041
v -33.394287109375 4.3413825035095215 -15.379594802856445
v -33.394287109375 4.3413825035095215 -15.379594802856445
v -37.82758712768555 6.402946472167969 -14.976128578186035
v -37.82758712768555 6.402946472167969 -14.976128578186035
v -33.774932861328125 6.54397439956665 -14.618717193603516
v -33.774932861328125 6.54397439956665 -14.618717193603516
v -33.774932861328125 6.54397439956665 -14.618717193603516
v -38.15391540527344 8.993696212768555 -15.88545036315918
v -38.15391540527344 8.993696212768555 -15.88545036315918
v -35.48299789428711 9.07116413116455 -15.754937171936035
v -35.48299789428711 9.07116413116455 -15.754937171936035
v -34.90161895751953 9.131793022155762 -14.749064445495605
v -34.90161895751953 9.131793022155762 -14.749064445495605
v -36.00609588623047 10.981119155883789 -14.772953987121582
v -37.84790802001953 12.317695617675781 -15.47809886932373
v -39.10392761230469 15.06246566772461 -14.779707908630371
v -38.433074951171875 15.615453720092773 -15.22957992553711
v -36.93404769897461 5.239739894866943 -14.565534591674805
v -36.93404769897461 5.239739894866943 -14.565534591674805
v -38.26096725463867 8.17951774597168 -14.49044132232666
v -38.26096725463867 8.17951774597168 -14.49044132232666
v -34.55120086669922 7.33860969543457 -14.348925590515137
v -34.55120086669922 7.33860969543457 -14.348925590515137
v -39.07110595703125 9.436511039733887 -15.04690170288086
v -39.07110595703125 9.436511039733887 -15.04690170288086
v -36.151912689208984 9.758790016174316 -13.343632698059082
v -36.151912689208984 9.758790016174316 -13.343632698059082
v -36.151912689208984 9.758790016174316 -13.343632698059082
v -38.9872932434082 17.038787841796875 -13.975299835205078
v -37.37611389160156 17.523780822753906 -14.248876571655273
v -39.14057159423828 22.86505699157715 -13.714698791503906
v -38.29912185668945 17.38792610168457 -14.454974174499512
v -36.98597717285156 22.350343704223633 -13.852129936218262
v -38.2881965637207 23.117843627929688 -14.457301139831543
v -36.18741226196289 23.176563262939453 -13.06177043914795
v -36.18741226196289 23.176563262939453 -13.06177043914795
v 32.20314407348633 -1.8228830099105835 -13.027381896972656
v 32.22924041748047 -1.8862156867980957 -13.02399730682373
v 32.22924041748047 -1.8862156867980957 -13.02399730682373
v 32.142822265625 -1.1741892099380493 -13.02554988861084
v 32.176570892333984 -1.1922448873519897 -13.030858993530273
v -39.2080192565918 14.775720596313477 -13.562568664550781
v -36.846885681152344 11.922977447509766 -13.658656120300293
v -36.846885681152344 11.922977447509766 -13.658656120300293
v -36.846885681152344 11.922977447509766 -13.658656120300293
v -36.846885681152344 11.922977447509766 -13.658656120300293
v -36.97679901123047 17.84189796447754 -13.43393325805664
v -36.56306076049805 22.459854125976562 -12.332137107849121
v -36.56306076049805 22.459854125976562 -12.332137107849121
v -38.57714080810547 24.203292846679688 -14.00190544128418
v -38.57714080810547 24.203292846679688 -14.00190544128418
v -37.39396667480469 23.996231079101562 -14.241080284118652
v -37.740821838378906 26.086057662963867 -12.590394020080566
v -37.16796875 26.186708450317383 -12.421321868896484
v -37.16796875 26.186708450317383 -12.421321868896484
v -37.16796875 26.186708450317383 -12.421321868896484
v 32.182586669921875 -1.439732551574707 -13.011979103088379
v 32.141319274902344 -0.9911795854568481 -13.021292686462402
v 32.141319274902344 -0.9911795854568481 -13.021292686462402
v -34.786861419677734 6.444780349731445 -13.039826393127441
v -34.786861419677734 6.444780349731445 -13.039826393127441
v -37.7872314453125 10.768304824829102 -12.783331871032715
v -37.7872314453125 10.768304824829102 -12.783331871032715
v 39.21989440917969 14.339310646057129 -12.347189903259277
v 39.21989440917969 14.339310646057129 -12.347189903259277
v 38.30907440185547 16.65872573852539 -12.39059066772461
v 38.50042724609375 18.82062530517578 -12.014795303344727
v 38.50042724609375 18.82062530517578 -12.014795303344727
v 40.11724090576172 14.452041625976562 -11.858431816101074
v 39.621219635009766 17.93990707397461 -12.422309875488281
v -36.73341369628906 23.716259002685547 -11.854002952575684
v 21.55038833618164 67.85585021972656 -11.980005264282227
v 21.55038833618164 67.85585021972656 -11.980005264282227
v 22.56035041809082 68.20345306396484 -12.245010375976562
v 39.47470474243164 11.796246528625488 -10.766671180725098
v 39.47470474243164 11.796246528625488 -10.766671180725098
v 37.84799575805664 12.495452880859375 -11.116951942443848
v 40.05427932739258 12.776117324829102 -10.679291725158691
v -37.77133560180664 18.80854606628418 -11.700017929077148
v -38.88801956176758 20.3713436126709 -11.42624282836914
v -38.12242126464844 20.63863754272461 -10.761069297790527
v 39.54356002807617 19.423383712768555 -11.965155601501465
v -37.2091178894043 20.71697235107422 -10.975173950195312
v -38.45745849609375 24.8016300201416 -11.565319061279297
v 23.108850479125977 69.10857391357422 -11.082736015319824
v 23.108850479125977 69.10857391357422 -11.082736015319824
v 37.24518966674805 12.094342231750488 -10.181831359863281
v 37.24518966674805 12.094342231750488 -10.181831359863281
v 39.48018264770508 11.89395523071289 -10.303018569946289
v -37.238609313964844 22.303253173828125 -10.85558032989502
v 38.34326171875 21.76106834411621 -10.189942359924316
v 39.34287643432617 21.883588790893555 -10.419087409973145
v -38.98959732055664 23.558664321899414 -11.112680435180664
v -38.98959732055664 23.558664321899414 -11.112680435180664
v -38.98959732055664 23.558664321899414 -11.112680435180664
v -38.100502014160156 23.420019149780273 -10.573225021362305
v -38.100502014160156 23.420019149780273 -10.573225021362305
v -37.774356842041016 26.099773406982422 -11.554415702819824
v -36.952781677246094 27.01009750366211 -11.470919609069824
v -36.952781677246094 27.01009750366211 -11.470919609069824
v -36.952781677246094 27.01009750366211 -11.470919609069824
v -36.952781677246094 27.01009750366211 -11.470919609069824
v -36.952781677246094 27.01009750366211 -11.470919609069824
v 25.830860137939453 60.098777770996094 -9.561656951904297
v 27.675140380859375 59.5691032409668 -9.826031684875488
v 25.021242141723633 68.12516021728516 -11.52768325805664
v 24.001558303833008 68.5891342163086 -11.055509567260742
v 37.37748336791992 11.991252899169922 -9.8624849319458
v 37.37748336791992 11.991252899169922 -9.8624849319458
v 37.23548889160156 15.21761417388916 -9.036650657653809
v 39.04161071777344 23.423748016357422 -9.97878360748291
v 38.48501205444336 24.26173210144043 -9.300287246704102
v 38.48501205444336 24.26173210144043 -9.300287246704102
v 38.48501205444336 24.26173210144043 -9.300287246704102
v 38.09621810913086 25.448871612548828 -9.12473201751709
v 39.15062713623047 25.657514572143555 -8.933656692504883
v 39.15062713623047 25.657514572143555 -8.933656692504883
v 28.916723251342773 63.288063049316406 -9.312287330627441
v 22.108156204223633 69.33499145507812 -10.513782501220703
v 22.108156204223633 69.33499145507812 -10.513782501220703
v 22.108156204223633 69.33499145507812 -10.513782501220703
v 38.496036529541016 12.964851379394531 -8.930173873901367
v 38.496036529541016 12.964851379394531 -8.930173873901367
v 36.90058517456055 16.981502532958984 -9.400075912475586
v 38.11673355102539 16.312820434570312 -8.091145515441895
v 37.88100814819336 19.774131774902344 -9.65854263305664
v 37.897090911865234 23.214447021484375 -8.277894020080566
v 37.897090911865234 23.214447021484375 -8.277894020080566
v 37.04901885986328 24.459035873413086 -7.9125189781188965
v 36.87737274169922 27.097576141357422 -7.7732977867126465
v 39.649105072021484 25.94234848022461 -7.865559101104736
v 37.409271240234375 26.877836227416992 -8.195976257324219
v 37.409271240234375 26.877836227416992 -8.195976257324219
v 38.204559326171875 26.828895568847656 -8.30629825592041
v 38.204559326171875 26.828895568847656 -8.30629825592041
v 38.204559326171875 26.828895568847656 -8.30629825592041
v 38.65553665161133 27.50926971435547 -7.925267696380615
v 37.31060791015625 30.474136352539062 -8.422484397888184
v 38.751190185546875 29.490720748901367 -8.057856559753418
v 37.160213470458984 32.51008987426758 -7.943370342254639
v 37.160213470458984 32.51008987426758 -7.943370342254639
v 38.79896545410156 30.658510208129883 -7.309439659118652
v -28.981853485107422 35.23892593383789 -7.6146979331970215
v -27.371679306030273 36.720603942871094 -8.200664520263672
v -27.21212387084961 35.96764373779297 -7.616128921508789
v -27.21212387084961 35.96764373779297 -7.616128921508789
v 27.906414031982422 58.989234924316406 -7.589977264404297
v 27.906414031982422 58.989234924316406 -7.589977264404297
v 27.906414031982422 58.989234924316406 -7.589977264404297
v 29.49973487854004 58.316593170166016 -7.664241790771484
v 29.49973487854004 58.316593170166016 -7.664241790771484
v 38.35447311401367 18.05238151550293 -8.029814720153809
v 38.643123626708984 20.525312423706055 -7.435727119445801
v 38.643123626708984 20.525312423706055 -7.435727119445801
v 39.31952667236328 22.182443618774414 -6.8798322677612305
v 38.856624603271484 26.915117263793945 -6.716367721557617
v 38.856624603271484 26.915117263793945 -6.716367721557617
v 39.58415985107422 29.589359283447266 -7.1236186027526855
v 39.58415985107422 29.589359283447266 -7.1236186027526855
v 38.175933837890625 32.16044616699219 -7.753346920013428
v 35.99403762817383 32.68940734863281 -7.368460178375244
v 36.66194152832031 36.388858795166016 -7.076479434967041
v 31.175729751586914 54.696998596191406 -7.115697860717773
v 31.175729751586914 54.696998596191406 -7.115697860717773
v 31.175729751586914 54.696998596191406 -7.115697860717773
v 32.01408767700195 55.21799087524414 -6.700131893157959
v 32.01408767700195 55.21799087524414 -6.700131893157959
v 28.39933967590332 58.43452072143555 -7.648777961730957
v 28.39933967590332 58.43452072143555 -7.648777961730957
v 29.077913284301758 58.388145446777344 -7.222754955291748
v 29.077913284301758 58.388145446777344 -7.222754955291748
v 29.077913284301758 58.388145446777344 -7.222754955291748
v 26.89904022216797 59.2464599609375 -8.568107604980469
v 29.391559600830078 62.065608978271484 -7.342974662780762
v 28.59903335571289 62.940284729003906 -7.247814178466797
v 23.76326560974121 66.34351348876953 -6.908761501312256
v 26.786611557006836 65.91329193115234 -7.421738147735596
v 22.29897689819336 67.82481384277344 -8.081303596496582
v 22.29897689819336 67.82481384277344 -8.081303596496582
v 38.421836853027344 22.399625778198242 -6.634039878845215
v 38.722530364990234 23.405176162719727 -5.965304851531982
v 36.72021484375 26.15174102783203 -6.493221759796143
v 36.72021484375 26.15174102783203 -6.493221759796143
v 39.5947380065918 28.407814025878906 -6.972564220428467
v 37.52015686035156 35.549072265625 -6.306822776794434
v 37.52015686035156 35.549072265625 -6.306822776794434
v -24.049341201782227 38.27830123901367 -6.444118976593018
v 37.528690338134766 37.21324157714844 -6.025899887084961
v 37.528690338134766 37.21324157714844 -6.025899887084961
v 37.528690338134766 37.21324157714844 -6.025899887084961
v 30.782827377319336 54.75046920776367 -6.443543910980225
v 33.3178596496582 54.09622573852539 -6.027841091156006
v 33.3178596496582 54.09622573852539 -6.027841091156006
v -26.30412483215332 55.45909881591797 -5.793299674987793
v -22.570018768310547 55.898189544677734 -6.0530548095703125
v -23.341629028320312 57.84617614746094 -5.963054180145264
v 29.31795883178711 59.843055725097656 -6.8382649421691895
v 24.603103637695312 65.26910400390625 -6.522588729858398
v 37.3404655456543 24.129703521728516 -6.1949357986450195
v 37.18189239501953 26.06947898864746 -5.3677659034729
v 38.11468505859375 26.068756103515625 -5.547379970550537
v 38.11468505859375 26.068756103515625 -5.547379970550537
v 34.53923416137695 30.87748908996582 -5.387803554534912
v -33.85126495361328 34.43011474609375 -4.990785598754883
v -33.85126495361328 34.43011474609375 -4.990785598754883
v -33.85126495361328 34.43011474609375 -4.990785598754883
v 37.902793884277344 35.9182014465332 -4.207842826843262
v 38.34572219848633 37.160404205322266 -5.03289270401001
v 38.34572219848633 37.160404205322266 -5.03289270401001
v 38.34572219848633 37.160404205322266 -5.03289270401001
v 37.77775955200195 37.98624801635742 -4.8779778480529785
v 37.77775955200195 37.98624801635742 -4.8779778480529785
v 35.545894622802734 47.13159942626953 -6.294954776763916
v 33.51911926269531 52.3101921081543 -3.8705756664276123
v 31.147655487060547 55.317440032958984 -6.085531711578369
v 31.147655487060547 55.317440032958984 -6.085531711578369
v -25.095701217651367 58.683616638183594 -4.533997058868408
v -22.399234771728516 57.82952117919922 -4.887596130371094
v -22.138225555419922 60.326446533203125 -4.90592098236084
v -22.138225555419922 60.326446533203125 -4.90592098236084
v -22.138225555419922 60.326446533203125 -4.90592098236084
v -22.138225555419922 60.326446533203125 -4.90592098236084
v -22.138225555419922 60.326446533203125 -4.90592098236084
v -22.978145599365234 59.760433197021484 -4.897658348083496
v -22.978145599365234 59.760433197021484 -4.897658348083496
v -22.37541389465332 59.38602828979492 -4.413027286529541
v -22.37541389465332 59.38602828979492 -4.413027286529541
v -22.37541389465332 59.38602828979492 -4.413027286529541
v -21.47563934326172 61.88950729370117 -5.010080814361572
v -21.47563934326172 61.88950729370117 -5.010080814361572
v -18.720779418945312 64.93379974365234 -5.0070929527282715
v -0.6591091752052307 2.00862979888916 -3.986945152282715
v 0.4975323975086212 2.0042290687561035 -3.5847485065460205
v -0.1796584129333496 2.9394853115081787 -3.9813175201416016
v -0.1796584129333496 2.9394853115081787 -3.9813175201416016
v 36.13359832763672 26.88810157775879 -5.313043117523193
v 35.55332946777344 28.744224548339844 -4.722568988800049
v 38.788108825683594 30.429567337036133 -5.601600646972656
v 30.927217483520508 32.16502380371094 -3.5677490234375
v 30.450519561767578 33.29710006713867 -3.94189453125
v 30.450519561767578 33.29710006713867 -3.94189453125
v -34.06058883666992 34.38191604614258 -3.3992767333984375
v -32.83818054199219 33.46807098388672 -4.034829139709473
v -32.83818054199219 33.46807098388672 -4.034829139709473
v 33.0842399597168 54.043514251708984 -5.067711353302002
v -21.156429290771484 63.379886627197266 -5.017612934112549
v -1.4605544805526733 3.0086863040924072 -3.7261102199554443
v -1.4605544805526733 3.0086863040924072 -3.7261102199554443
v 35.569053649902344 29.43315315246582 -2.9953484535217285
v -31.383220672607422 33.95817565917969 -2.124668836593628
v 37.62568283081055 37.64886474609375 -3.421724319458008
v 32.405941009521484 52.04521179199219 -3.3485400676727295
v -1.9825206995010376 2.0265071392059326 -3.022850751876831
v 0.7012563347816467 19.29224967956543 -1.8725959062576294
v 35.89078903198242 29.90009307861328 -1.970529556274414
v 35.89078903198242 29.90009307861328 -1.970529556274414
v 34.77084732055664 29.96372413635254 -3.353362560272217
v 34.77084732055664 29.96372413635254 -3.353362560272217
v 34.77084732055664 29.96372413635254 -3.353362560272217
v 30.090688705444336 48.20895767211914 -1.3032392263412476
v 32.6529541015625 50.17823791503906 -1.5986465215682983
v 32.6529541015625 50.17823791503906 -1.5986465215682983
v 34.445186614990234 51.286067962646484 -3.2993953227996826
v -22.621719360351562 59.744102478027344 -4.32859992980957
v -1.9130477905273438 -12.80695629119873 -0.6202661991119385
v -1.9130477905273438 -12.80695629119873 -0.6202661991119385
v -1.9130477905273438 -12.80695629119873 -0.6202661991119385
v -1.2635778188705444 -10.946754455566406 -0.9293933510780334
v -1.2635778188705444 -10.946754455566406 -0.9293933510780334
v 0.4517335593700409 -2.353116750717163 -0.6049181222915649
v 30.373424530029297 33.22418212890625 -1.9506806135177612
v 30.19508934020996 36.932159423828125 -0.9627332091331482
v 30.19508934020996 36.932159423828125 -0.9627332091331482
v -1.8257898092269897 -11.52092170715332 -0.9321173429489136
v -1.8257898092269897 -11.52092170715332 -0.9321173429489136
v -2.0474319458007812 -9.774020195007324 0.5539637207984924
v -2.0474319458007812 -9.774020195007324 0.5539637207984924
v -1.0378497838974 -9.190979957580566 -0.10589700192213058
v -1.0378497838974 -9.190979957580566 -0.10589700192213058
v -0.585597574710846 -9.73849868774414 0.22085629403591156
v -1.424996018409729 -6.583932876586914 -0.3373439610004425
v -2.1217172145843506 -6.392984867095947 0.09035690128803253
v -2.1217172145843506 -6.392984867095947 0.09035690128803253
v -0.6746218800544739 -4.489503383636475 0.35113999247550964
v -0.6746218800544739 -4.489503383636475 0.35113999247550964
v -0.6746218800544739 -4.489503383636475 0.35113999247550964
v -0.6746218800544739 -4.489503383636475 0.35113999247550964
v -0.9001325368881226 -3.736226797103882 0.10890404880046844
v -0.9001325368881226 -3.736226797103882 0.10890404880046844
v -0.9001325368881226 -3.736226797103882 0.10890404880046844
v 0.9815646409988403 -0.06741303950548172 -1.5901727676391602
v 3.166395664215088 19.262046813964844 0.8235750198364258
v 3.166395664215088 19.262046813964844 0.8235750198364258
v 32.43978500366211 30.22808837890625 0.022111713886260986
v 29.358625411987305 31.95039176940918 0.3620866537094116
v 29.248254776000977 32.96669387817383 -0.414397656917572
v 29.248254776000977 32.96669387817383 -0.414397656917572
v 30.00627326965332 33.09584045410156 -0.9767884612083435
v 29.833513259887695 36.18240737915039 -0.11400425434112549
v 27.819692611694336 38.89997482299805 -0.37997081875801086
v 27.819692611694336 38.89997482299805 -0.37997081875801086
v 28.847402572631836 39.17457580566406 -0.9973779916763306
v 28.847402572631836 39.17457580566406 -0.9973779916763306
v 26.66269302368164 37.816856384277344 -0.43336981534957886
v 28.202404022216797 40.311283111572266 -0.8909439444541931
v 28.202404022216797 40.311283111572266 -0.8909439444541931
v 31.75060272216797 49.4846305847168 -0.2024238407611847
v -30.869670867919922 51.71506881713867 -0.04757958650588989
v -2.4422519207000732 -12.316909790039062 1.3284218311309814
v -0.6565133929252625 -11.675739288330078 -0.6407079100608826
v -0.6565133929252625 -11.675739288330078 -0.6407079100608826
v -0.6565133929252625 -11.675739288330078 -0.6407079100608826
v -0.44227999448776245 -6.392006874084473 0.7753903865814209
v -0.9428004622459412 -4.250917434692383 0.8281322121620178
v -0.9428004622459412 -4.250917434692383 0.8281322121620178
v -0.9428004622459412 -4.250917434692383 0.8281322121620178
v -0.9428004622459412 -4.250917434692383 0.8281322121620178
v -0.9428004622459412 -4.250917434692383 0.8281322121620178
v -0.26292717456817627 -3.249392509460449 0.41285496950149536
v 2.3864095211029053 2.359656810760498 1.2391241788864136
v 26.156177520751953 32.094573974609375 1.0216511487960815
v 26.156177520751953 32.094573974609375 1.0216511487960815
v 25.754150390625 33.755157470703125 0.15301348268985748
v 29.500513076782227 35.14995193481445 -0.1550721377134323
v 29.500513076782227 35.14995193481445 -0.1550721377134323
v -20.451030731201172 37.6032829284668 1.9286056756973267
v 28.43264389038086 37.35859298706055 0.8936769366264343
v 28.43264389038086 37.35859298706055 0.8936769366264343
v 29.39406394958496 38.168209075927734 -0.037554726004600525
v 29.39406394958496 38.168209075927734 -0.037554726004600525
v -34.18313217163086 43.2025260925293 -0.30394116044044495
v -2.4110159873962402 -6.088791370391846 1.05397367477417
v -2.4110159873962402 -6.088791370391846 1.05397367477417
v -1.1653351783752441 -4.866156578063965 0.14291518926620483
v -1.1653351783752441 -4.866156578063965 0.14291518926620483
v -1.1653351783752441 -4.866156578063965 0.14291518926620483
v -1.1653351783752441 -4.866156578063965 0.14291518926620483
v -0.8760551810264587 -5.075139999389648 1.2785372734069824
v -0.8760551810264587 -5.075139999389648 1.2785372734069824
v -0.8760551810264587 -5.075139999389648 1.2785372734069824
v -0.6675264239311218 -3.3001022338867188 1.0975043773651123
v -0.6675264239311218 -3.3001022338867188 1.0975043773651123
v -1.439197063446045 -2.913942575454712 1.4953562021255493
v -1.439197063446045 -2.913942575454712 1.4953562021255493
v 29.22930145263672 31.538272857666016 1.6723073720932007
v -1.9663218259811401 -12.759337425231934 2.5789263248443604
v -1.9663218259811401 -12.759337425231934 2.5789263248443604
v -0.8440890908241272 -6.124396324157715 2.7066879272460938
v -0.7235431671142578 -1.785129427909851 3.480229616165161
v -0.7235431671142578 -1.785129427909851 3.480229616165161
v -2.7061338424682617 9.002333641052246 2.6234514713287354
v -2.7061338424682617 9.002333641052246 2.6234514713287354
v -2.727691411972046 10.40286922454834 2.5837416648864746
v 24.30893325805664 33.33187484741211 2.7966129779815674
v -20.440196990966797 37.65973663330078 3.3180837631225586
v -17.850194931030273 39.54436492919922 3.761212110519409
v -16.78813934326172 41.884178161621094 2.583901882171631
v 31.22378158569336 49.19173812866211 1.9226912260055542
v -30.118431091308594 53.54802703857422 1.6075019836425781
v -30.118431091308594 53.54802703857422 1.6075019836425781
v -2.3467702865600586 -11.702442169189453 3.0433690547943115
v -2.3467702865600586 -11.702442169189453 3.0433690547943115
v -2.0471549034118652 -6.29624080657959 3.5133557319641113
v -2.0471549034118652 -6.29624080657959 3.5133557319641113
v -0.7668606638908386 -7.412843227386475 3.690237283706665
v -2.3672280311584473 8.0391263961792 3.704322576522827
v -2.3672280311584473 8.0391263961792 3.704322576522827
v -2.3672280311584473 8.0391263961792 3.704322576522827
v -2.3672280311584473 8.0391263961792 3.704322576522827
v -1.185355544090271 9.10894775390625 4.003637313842773
v -1.185355544090271 9.10894775390625 4.003637313842773
v 1.0700178146362305 8.306807518005371 3.4938466548919678
v 1.0700178146362305 8.306807518005371 3.4938466548919678
v 1.0700178146362305 8.306807518005371 3.4938466548919678
v -2.4507646560668945 11.37575912475586 4.829459190368652
v 29.792644500732422 31.383983612060547 4.282104969024658
v 26.188350677490234 31.937082290649414 2.5409302711486816
v 25.34276580810547 32.671749114990234 2.8537752628326416
v 23.688457489013672 34.9794807434082 3.197014093399048
v -22.36115074157715 37.53792953491211 4.247379302978516
v -18.617685317993164 38.18904113769531 3.345475912094116
v -16.874692916870117 40.54671859741211 2.849797248840332
v -16.874692916870117 40.54671859741211 2.849797248840332
v 28.179250717163086 47.38436508178711 3.6231441497802734
v -1.7329061031341553 -11.439496994018555 3.5672767162323
v 2.1422369480133057 1.31210458278656 4.7008867263793945
v 0.4533156156539917 7.791392803192139 4.427091598510742
v 0.4533156156539917 7.791392803192139 4.427091598510742
v 0.08221129328012466 8.938846588134766 4.329104900360107
v 0.08221129328012466 8.938846588134766 4.329104900360107
v 0.08221129328012466 8.938846588134766 4.329104900360107
v 0.08221129328012466 8.938846588134766 4.329104900360107
v 0.0018995065474882722 9.649370193481445 4.941874980926514
v 0.0018995065474882722 9.649370193481445 4.941874980926514
v 0.0018995065474882722 9.649370193481445 4.941874980926514
v -0.9459429979324341 9.840829849243164 4.994483947753906
v -0.9459429979324341 9.840829849243164 4.994483947753906
v -0.9459429979324341 9.840829849243164 4.994483947753906
v 1.0061986446380615 9.671370506286621 3.9900906085968018
v 1.0061986446380615 9.671370506286621 3.9900906085968018
v -19.279510498046875 38.44155502319336 4.216282367706299
v -21.658802032470703 39.11684036254883 4.87955904006958
v -21.658802032470703 39.11684036254883 4.87955904006958
v -21.658802032470703 39.11684036254883 4.87955904006958
v -18.032609939575195 40.12623596191406 4.623537540435791
v -18.032609939575195 40.12623596191406 4.623537540435791
v -22.101049423217773 39.93997573852539 5.8219685554504395
v -22.101049423217773 39.93997573852539 5.8219685554504395
v -21.536537170410156 40.572418212890625 4.741929531097412
v -21.536537170410156 40.572418212890625 4.741929531097412
v -17.098590850830078 40.760215759277344 3.850131034851074
v -20.74947166442871 39.485103607177734 4.4763569831848145
v -22.55695915222168 42.13029098510742 4.7875566482543945
v -22.55695915222168 42.13029098510742 4.7875566482543945
v -23.06125831604004 41.579063415527344 5.507140159606934
v -23.06125831604004 41.579063415527344 5.507140159606934
v -21.795703887939453 42.73190689086914 4.572686195373535
v -22.644947052001953 43.29558181762695 5.206830978393555
v -19.77216339111328 45.13887405395508 4.907925605773926
v 28.661672592163086 47.143192291259766 5.1621809005737305
v 31.28868865966797 48.48480987548828 3.98264741897583
v -1.892582893371582 -8.40579605102539 4.966107368469238
v -1.892582893371582 -8.40579605102539 4.966107368469238
v -1.892582893371582 -8.40579605102539 4.966107368469238
v 0.3658766448497772 -0.5847837924957275 5.201923370361328
v 1.5659468173980713 0.4420629143714905 6.854076385498047
v 1.5659468173980713 0.4420629143714905 6.854076385498047
v 1.5659468173980713 0.4420629143714905 6.854076385498047
v 1.5659468173980713 0.4420629143714905 6.854076385498047
v -0.46756523847579956 7.848972320556641 4.60627555847168
v -0.46756523847579956 7.848972320556641 4.60627555847168
v 28.968860626220703 32.482582092285156 6.997142791748047
v 22.018198013305664 37.51769256591797 6.298528671264648
v -27.466876983642578 38.506107330322266 7.010663986206055
v -27.466876983642578 38.506107330322266 7.010663986206055
v -22.149274826049805 38.43616485595703 5.973574638366699
v -22.149274826049805 38.43616485595703 5.973574638366699
v -22.149274826049805 38.43616485595703 5.973574638366699
v -22.899555206298828 41.3331413269043 6.477353572845459
v 24.54817008972168 42.21959686279297 6.346722602844238
v -18.636445999145508 43.94851303100586 4.863432884216309
v -21.90033721923828 44.32880783081055 5.927762508392334
v -21.90033721923828 44.32880783081055 5.927762508392334
v -20.701242446899414 44.44094467163086 5.2801513671875
v -21.42559242248535 45.88898468017578 6.055826663970947
v -21.42559242248535 45.88898468017578 6.055826663970947
v 1.2832685708999634 -8.493734359741211 7.103147506713867
v 1.8309166431427002 -7.521193504333496 6.804577827453613
v -7.364834785461426 -7.67024564743042 6.9700446128845215
v 3.7292637825012207 -7.229711055755615 6.700296401977539
v -0.6393731832504272 9.62983226776123 7.369986534118652
v 0.9041716456413269 10.38090705871582 6.891749858856201
v 30.673086166381836 33.29637908935547 7.125932216644287
v -25.89661407470703 37.92290496826172 6.370293617248535
v -23.393091201782227 37.538124084472656 6.113256931304932
v 21.691484451293945 38.63265609741211 6.2732977867126465
v 21.691484451293945 38.63265609741211 6.2732977867126465
v -27.907419204711914 39.783546447753906 7.470951557159424
v -21.672346115112305 45.124427795410156 6.9432291984558105
v -21.672346115112305 45.124427795410156 6.9432291984558105
v -21.672346115112305 45.124427795410156 6.9432291984558105
v 29.748720169067383 46.82203674316406 6.39174747467041
v -26.381061553955078 49.00843048095703 7.759634971618652
v -26.381061553955078 49.00843048095703 7.759634971618652
v -21.891942977905273 48.52863311767578 6.223546028137207
v 1.9095863103866577 -5.702219009399414 7.338306427001953
v 1.2508866786956787 -0.8356800675392151 7.6743645668029785
v 1.2508866786956787 -0.8356800675392151 7.6743645668029785
v 0.620724618434906 -0.34139132499694824 6.675555229187012
v 0.620724618434906 -0.34139132499694824 6.675555229187012
v 0.620724618434906 -0.34139132499694824 6.675555229187012
v 2.436378240585327 -0.6052276492118835 7.7363057136535645
v -0.542283296585083 -0.14706814289093018 7.508638858795166
v -0.542283296585083 -0.14706814289093018 7.508638858795166
v -1.0968421697616577 0.7715845704078674 8.184671401977539
v -1.0968421697616577 0.7715845704078674 8.184671401977539
v -1.0968421697616577 0.7715845704078674 8.184671401977539
v 2.1417341232299805 1.073256492614746 7.852207660675049
v 2.1417341232299805 1.073256492614746 7.852207660675049
v 1.891896367073059 1.8584504127502441 8.57010269165039
v 1.891896367073059 1.8584504127502441 8.57010269165039
v 0.8700934648513794 2.6898093223571777 7.91855001449585
v 0.8700934648513794 2.6898093223571777 7.91855001449585
v 1.857080340385437 15.43354320526123 8.898268699645996
v 1.857080340385437 15.43354320526123 8.898268699645996
v 27.35468864440918 33.04208755493164 7.189874649047852
v 28.40706443786621 32.11888885498047 8.75831413269043
v 28.40706443786621 32.11888885498047 8.75831413269043
v 29.8314208984375 32.89860916137695 8.419376373291016
v 25.469114303588867 33.99863052368164 7.163356304168701
v 21.49746322631836 37.329307556152344 7.606969356536865
v -26.934101104736328 38.53211975097656 8.136340141296387
v -26.934101104736328 38.53211975097656 8.136340141296387
v -22.306365966796875 37.45650863647461 7.874083995819092
v -21.80152702331543 39.9755973815918 6.979877948760986
v -21.097549438476562 38.798728942871094 8.01694107055664
v -21.097549438476562 38.798728942871094 8.01694107055664
v -28.906299591064453 44.842350006103516 7.449660301208496
v -21.112300872802734 44.389137268066406 7.6759562492370605
v 27.038410186767578 45.363399505615234 7.046284198760986
v -21.851654052734375 48.70689392089844 9.01346492767334
v -25.578950881958008 49.63121032714844 7.829115390777588
v -25.578950881958008 49.63121032714844 7.829115390777588
v -23.88625717163086 49.831111907958984 7.493525981903076
v 1.4473609924316406 -2.135335683822632 7.893492221832275
v 0.19173231720924377 -0.9906966686248779 8.337367057800293
v 0.19173231720924377 -0.9906966686248779 8.337367057800293
v 0.19173231720924377 -0.9906966686248779 8.337367057800293
v -0.3812125027179718 -0.09316622465848923 8.724065780639648
v -0.3812125027179718 -0.09316622465848923 8.724065780639648
v -4.991819381713867 0.1412765383720398 9.056673049926758
v -3.3201725482940674 1.4583263397216797 7.688157081604004
v 0.4945991337299347 2.0453314781188965 8.854618072509766
v 0.4945991337299347 2.0453314781188965 8.854618072509766
v 1.2592161893844604 2.1211254596710205 9.626072883605957
v 1.2592161893844604 2.1211254596710205 9.626072883605957
v -2.753798246383667 2.4836788177490234 8.213988304138184
v -0.2531585693359375 1.8199026584625244 8.649317741394043
v -0.2531585693359375 1.8199026584625244 8.649317741394043
v -1.6277804374694824 4.352436065673828 8.152294158935547
v -0.7696940898895264 9.140771865844727 9.616944313049316
v -0.7696940898895264 9.140771865844727 9.616944313049316
v 0.16908520460128784 8.913423538208008 9.54900074005127
v 0.16908520460128784 8.913423538208008 9.54900074005127
v 0.16908520460128784 8.913423538208008 9.54900074005127
v 1.378509283065796 14.03857135772705 10.072928428649902
v 2.074795961380005 15.305817604064941 9.583256721496582
v 2.074795961380005 15.305817604064941 9.583256721496582
v -2.169290781021118 18.867218017578125 9.013922691345215
v -2.169290781021118 18.867218017578125 9.013922691345215
v 19.72618293762207 36.66649627685547 9.057002067565918
v -27.733285903930664 42.953948974609375 7.927558898925781
v -27.733285903930664 42.953948974609375 7.927558898925781
v -28.360794067382812 44.460052490234375 8.75347900390625
v 29.481935501098633 46.031524658203125 8.010859489440918
v 29.481935501098633 46.031524658203125 8.010859489440918
v -13.081685066223145 -18.59857749938965 9.901440620422363
v 2.3590126037597656 -13.84797477722168 9.440691947937012
v 0.08063118159770966 0.9912185668945312 10.104463577270508
v 0.08063118159770966 0.9912185668945312 10.104463577270508
v 0.08063118159770966 0.9912185668945312 10.104463577270508
v -1.4005640745162964 19.132265090942383 11.776444435119629
v -1.4005640745162964 19.132265090942383 11.776444435119629
v -6.397904872894287 27.007247924804688 10.40024471282959
v 18.172142028808594 37.62457275390625 10.030425071716309
v 20.730634689331055 38.724979400634766 8.604419708251953
v 20.730634689331055 38.724979400634766 8.604419708251953
v -13.637040138244629 38.475791931152344 9.506498336791992
v -27.601743698120117 39.851009368896484 8.328015327453613
v -15.239046096801758 40.20880126953125 9.518568992614746
v 8.231048583984375 -26.787548065185547 10.934712409973145
v 7.0425496101379395 -25.233823776245117 10.351157188415527
v -2.1694865226745605 -1.2760863304138184 10.393159866333008
v -2.1694865226745605 -1.2760863304138184 10.393159866333008
v -2.964202404022217 -1.2401055097579956 10.148027420043945
v -0.6966104507446289 -0.4314400553703308 9.743684768676758
v -2.713334560394287 -0.23734121024608612 11.69985294342041
v -2.713334560394287 -0.23734121024608612 11.69985294342041
v 0.21501003205776215 11.453210830688477 11.323482513427734
v 0.21501003205776215 11.453210830688477 11.323482513427734
v -0.1821679025888443 9.301977157592773 10.116045951843262
v -0.1821679025888443 9.301977157592773 10.116045951843262
v 0.9822215437889099 16.173412322998047 10.88780689239502
v 0.9822215437889099 16.173412322998047 10.88780689239502
v -2.1019628047943115 19.216110229492188 11.091720581054688
v -2.1019628047943115 19.216110229492188 11.091720581054688
v -2.1019628047943115 19.216110229492188 11.091720581054688
v 0.6630022525787354 18.585412979125977 10.857636451721191
v -1.4751536846160889 19.509363174438477 9.878690719604492
v 4.474553108215332 20.089887619018555 11.034832000732422
v -3.39271879196167 21.98036766052246 10.730717658996582
v -4.817719459533691 23.679706573486328 10.68213176727295
v -5.709378242492676 25.458703994750977 10.424113273620605
v -2.158881425857544 30.094785690307617 11.193977355957031
v -6.0194478034973145 31.507461547851562 10.502992630004883
v -6.0194478034973145 31.507461547851562 10.502992630004883
v 8.634917259216309 -28.420490264892578 12.572267532348633
v 8.634917259216309 -28.420490264892578 12.572267532348633
v -19.76852035522461 -24.20990753173828 12.03763484954834
v -20.309589385986328 -22.735048294067383 12.060639381408691
v -18.16827964782715 -24.042098999023438 11.904547691345215
v -0.26221179962158203 11.872045516967773 11.440943717956543
v -0.26221179962158203 11.872045516967773 11.440943717956543
v -1.6943756341934204 16.587411880493164 11.189176559448242
v -1.8577618598937988 18.102031707763672 11.939485549926758
v -1.8577618598937988 18.102031707763672 11.939485549926758
v -2.334562301635742 17.552213668823242 10.743812561035156
v -2.334562301635742 17.552213668823242 10.743812561035156
v -1.552290439605713 19.682287216186523 11.427689552307129
v -1.552290439605713 19.682287216186523 11.427689552307129
v -2.4513473510742188 20.445905685424805 12.054877281188965
v -2.4513473510742188 20.445905685424805 12.054877281188965
v -2.4513473510742188 20.445905685424805 12.054877281188965
v -1.938024640083313 20.581233978271484 11.874245643615723
v -1.938024640083313 20.581233978271484 11.874245643615723
v -1.938024640083313 20.581233978271484 11.874245643615723
v -1.938024640083313 20.581233978271484 11.874245643615723
v -3.1923134326934814 21.12833595275879 12.08054256439209
v -1.739192008972168 21.452850341796875 11.994545936584473
v -1.739192008972168 21.452850341796875 11.994545936584473
v -1.739192008972168 21.452850341796875 11.994545936584473
v -3.8058388233184814 30.876033782958984 10.59794807434082
v -3.8058388233184814 30.876033782958984 10.59794807434082
v -3.8058388233184814 30.876033782958984 10.59794807434082
v -4.190732955932617 31.27969741821289 12.621613502502441
v -4.190732955932617 31.27969741821289 12.621613502502441
v -3.1062326431274414 31.02050018310547 11.473867416381836
v -3.1062326431274414 31.02050018310547 11.473867416381836
v 17.26198959350586 38.95500946044922 11.89177131652832
v 9.231199264526367 -28.982223510742188 13.308934211730957
v 9.231199264526367 -28.982223510742188 13.308934211730957
v -1.148691177368164 -0.6908565163612366 10.272265434265137
v -1.148691177368164 -0.6908565163612366 10.272265434265137
v 1.6111156940460205 2.6415233612060547 10.673428535461426
v 2.122758388519287 4.446603298187256 12.122305870056152
v 4.248722553253174 18.187219619750977 13.028926849365234
v 4.248722553253174 18.187219619750977 13.028926849365234
v 4.248722553253174 18.187219619750977 13.028926849365234
v -2.1064436435699463 20.283016204833984 12.21556282043457
v -2.1064436435699463 20.283016204833984 12.21556282043457
v -2.1064436435699463 20.283016204833984 12.21556282043457
v -2.1064436435699463 20.283016204833984 12.21556282043457
v -2.1064436435699463 20.283016204833984 12.21556282043457
v 2.460073471069336 21.239517211914062 12.668553352355957
v -3.556884527206421 21.4106388092041 14.207179069519043
v 16.975305557250977 39.6864128112793 13.585402488708496
v -20.850034713745117 -24.54890251159668 13.11652660369873
v -18.518056869506836 -25.241748809814453 13.383064270019531
v -1.5794662237167358 0.1370404064655304 13.593155860900879
v 1.4191688299179077 5.7877726554870605 15.432435989379883
v 1.4191688299179077 5.7877726554870605 15.432435989379883
v 4.726170063018799 18.403865814208984 13.499926567077637
v 4.726170063018799 18.403865814208984 13.499926567077637
v 4.726170063018799 18.403865814208984 13.499926567077637
v -2.3384993076324463 21.224266052246094 14.44823169708252
v -2.3384993076324463 21.224266052246094 14.44823169708252
v -1.0052520036697388 21.418113708496094 13.59424114227295
v 1.0880213975906372 21.129133224487305 14.378101348876953
v -3.6794915199279785 30.506210327148438 14.402665138244629
v -21.381071090698242 -22.722736358642578 13.474803924560547
v -3.3378617763519287 -19.8367919921875 16.176488876342773
v 3.9115149974823 17.97479248046875 14.615811347961426
v 3.9115149974823 17.97479248046875 14.615811347961426
v 5.782644748687744 17.78924560546875 15.42143440246582
v 3.3217084407806396 18.82062339782715 13.983412742614746
v 3.3217084407806396 18.82062339782715 13.983412742614746
v 20.58534049987793 25.74481201171875 14.994901657104492
v -4.77506160736084 32.10625457763672 14.138897895812988
v 16.68108558654785 39.57539749145508 14.940242767333984
v 9.373456954956055 -28.535280227661133 15.308629035949707
v 9.373456954956055 -28.535280227661133 15.308629035949707
v 9.373456954956055 -28.535280227661133 15.308629035949707
v -5.051708221435547 -19.30147361755371 16.473581314086914
v -3.4867141246795654 2.1778461933135986 15.512373924255371
v 2.334216833114624 18.563871383666992 15.238080978393555
v 0.9876279234886169 20.7683162689209 16.339675903320312
v -0.6294963359832764 21.115131378173828 16.806900024414062
v -14.844282150268555 46.33493423461914 17.47442626953125
v 10.552200317382812 -27.747499465942383 13.121116638183594
v 10.552200317382812 -27.747499465942383 13.121116638183594
v -21.085798263549805 -25.06886863708496 15.620938301086426
v -20.925268173217773 -24.56992530822754 17.785499572753906
v -3.062927007675171 3.2679243087768555 16.787052154541016
v 0.6633907556533813 20.46468734741211 17.032827377319336
v 0.6633907556533813 20.46468734741211 17.032827377319336
v -1.8693726062774658 29.287071228027344 16.27407455444336
v -15.5881929397583 46.31633758544922 16.474048614501953
v 9.73292350769043 -29.1289119720459 19.08525276184082
v 10.407254219055176 -29.014638900756836 19.603002548217773
v 10.407254219055176 -29.014638900756836 19.603002548217773
v -2.0382750034332275 3.135061264038086 17.143978118896484
v -2.0382750034332275 3.135061264038086 17.143978118896484
v -1.7248414754867554 5.947854518890381 17.860301971435547
v -4.067352771759033 16.351163864135742 17.532154083251953
v 21.304174423217773 42.575138092041016 17.555130004882812
v 11.898221969604492 -26.664579391479492 18.373802185058594
v 12.257669448852539 -26.712570190429688 19.504003524780273
v -5.314091205596924 -19.531661987304688 18.779008865356445
v -16.431373596191406 46.697696685791016 18.936031341552734
v -21.643081665039062 -23.803207397460938 20.489242553710938
v -20.895097732543945 -24.012218475341797 21.2086238861084
v 10.982745170593262 -27.933815002441406 21.62641716003418
v 12.097722053527832 -26.809419631958008 21.41375160217285
v 24.41357421875 28.110971450805664 22.6597843170166
v -22.745384216308594 42.302207946777344 21.531110763549805
v -24.47285270690918 43.86855697631836 19.47064971923828
v 0.6708881258964539 25.68861198425293 22.151317596435547
v 24.72395896911621 31.34369468688965 24.002153396606445
v 10.72719669342041 -26.3991641998291 24.430118560791016
v 11.241302490234375 -24.946624755859375 25.392908096313477
v 24.58778953552246 29.320911407470703 23.223041534423828
v -21.073562622070312 41.0906982421875 23.73285484313965
v 11.879474639892578 -23.594741821289062 26.82678985595703
v 22.831226348876953 24.321914672851562 25.19637680053711
v -21.219280242919922 28.286619186401367 26.126619338989258
v 10.64594841003418 -23.7579288482666 27.061941146850586
v -20.717880249023438 -15.00422477722168 28.578426361083984
v 17.16341209411621 1.3582255840301514 29.802597045898438
v 21.176647186279297 22.944910049438477 28.88909149169922
v -21.39588737487793 -8.152684211730957 29.370136260986328
v 16.548500061035156 -0.5472511649131775 30.78105926513672
v -19.396692276000977 22.319995880126953 28.80345344543457
v 13.025689125061035 -14.4137544631958 31.027952194213867
v 13.169620513916016 -11.62769603729248 31.251876831054688
v 15.943978309631348 -3.6572718620300293 31.725830078125
v 17.169002532958984 0.3154931962490082 30.963708877563477
v 14.08263874053955 -9.43898868560791 32.025177001953125
vn 0.18296357989311218 -0.5439860820770264 -0.8189038038253784
vn -0.1310967355966568 -0.7000939249992371 -0.7019131779670715
vn -0.18583045899868011 -0.5518222451210022 -0.8129940032958984
vn -0.08536355197429657 -0.2472636103630066 -0.9651806950569153
vn -0.18688082695007324 0.776005208492279 -0.6024046540260315
vn 0.2884327471256256 0.39423590898513794 -0.8725735545158386
vn -0.43233513832092285 -0.8232694864273071 -0.36785000562667847
vn -0.06358636170625687 -0.9933120608329773 -0.09637382626533508
vn 0.3392641246318817 -0.8000529408454895 -0.49478796124458313
vn -0.4976343512535095 -0.6654276847839355 -0.5563866496086121
vn 0.4501354694366455 0.03649096563458443 -0.8922143578529358
vn -0.29562798142433167 0.5867428779602051 -0.7538812160491943
vn 0.15494003891944885 -0.9831094145774841 -0.09741378575563431
vn -0.6705644130706787 -0.598156750202179 -0.4388072192668915
vn 0.5588714480400085 -0.6406726837158203 -0.5264990329742432
vn -0.00529306847602129 0.6021142601966858 -0.7983924150466919
vn 0.1226833313703537 0.27322691679000854 -0.9540942311286926
vn 0.5786876082420349 0.07017506659030914 -0.8125244975090027
vn -0.43874046206474304 -0.8981117010116577 0.030034886673092842
vn -0.6486408710479736 -0.7257606983184814 -0.22920818626880646
vn 0.5973721742630005 -0.773374617099762 -0.21222202479839325
vn -0.7354746460914612 -0.6334880590438843 -0.2403537631034851
vn -0.7147873640060425 -0.1861358880996704 -0.6741161346435547
vn -0.6695137023925781 -0.09945626556873322 -0.7361112236976624
vn -0.2312350571155548 0.6853423714637756 -0.6905332207679749
vn 0.7952333092689514 -0.5823373198509216 -0.1687815934419632
vn -0.1488213837146759 0.5679380297660828 -0.8095051646232605
vn -0.28125420212745667 0.6288620233535767 -0.7248646020889282
vn -0.07272504270076752 0.26135969161987305 -0.962497889995575
vn -0.2971903085708618 0.44202089309692383 -0.8463423848152161
vn 0.7082545161247253 0.11199416220188141 -0.6970171332359314
vn 0.7671404480934143 -0.4514528214931488 -0.455725759267807
vn -0.4881335496902466 0.3536887764930725 -0.7978909015655518
vn 0.06880031526088715 0.19389404356479645 -0.9786069393157959
vn 0.952931821346283 0.10722111165523529 0.2835923135280609
vn 0.5022841095924377 0.26135388016700745 -0.8242601752281189
vn 0.7992867827415466 -0.589755654335022 0.11545083671808243
vn -0.3344762921333313 0.3514764606952667 -0.8744083046913147
vn -0.06540446728467941 0.38574936985969543 -0.9202823638916016
vn -0.12643051147460938 0.19904081523418427 -0.9718014597892761
vn -0.8100483417510986 0.5719529986381531 0.129195898771286
vn -0.06330553442239761 0.5134410858154297 -0.8557865619659424
vn 0.1435924768447876 0.17713777720928192 -0.9736546874046326
vn -0.4723636507987976 0.45718783140182495 -0.753559410572052
vn 0.10041621327400208 -0.9859866499900818 -0.13321760296821594
vn -0.8109980821609497 -0.5637732148170471 0.15633903443813324
vn 0.951483964920044 -0.2876328229904175 0.10929551720619202
vn -0.5126801133155823 0.3971675634384155 -0.7611944675445557
vn 0.2545250952243805 0.3218296766281128 -0.9119445085525513
vn -0.8614993095397949 0.4712396264076233 -0.18908250331878662
vn 0.6505621075630188 0.5413206219673157 0.5326733589172363
vn 0.8741511106491089 -0.40065041184425354 0.27447956800460815
vn 0.9273435473442078 0.17544695734977722 0.3305334746837616
vn -0.25854501128196716 0.5957149863243103 -0.7604459524154663
vn -0.013115600682795048 0.9149156808853149 -0.40343177318573
vn -0.025560274720191956 0.9856950044631958 -0.16658957302570343
vn -0.9385941028594971 0.3443922996520996 0.020859232172369957
vn 0.6751783490180969 0.3317168354988098 0.6588612198829651
vn -0.11422482877969742 0.8625211715698242 0.4929604232311249
vn -0.1905435025691986 -0.9788686633110046 -0.07422493398189545
vn -0.9371346831321716 -0.05464618280529976 0.344662606716156
vn 0.8987107276916504 0.0021208426915109158 0.4385368824005127
vn -0.7422214150428772 0.40299367904663086 0.5354470610618591
vn -0.19504451751708984 0.6327700018882751 0.7493728399276733
vn -0.8454074263572693 0.19938009977340698 0.4955136477947235
vn -0.497649610042572 0.509407103061676 0.702032208442688
vn -0.48677292466163635 0.5815080404281616 0.6518440246582031
vn 0.40849554538726807 0.684712290763855 0.6035731434822083
vn 0.07341340184211731 0.782138466835022 0.6187648177146912
vn -0.00587040837854147 -0.9906232953071594 -0.13649553060531616
vn 0.27148476243019104 -0.945131778717041 -0.18171924352645874
vn 0.2279295176267624 -0.9712368249893188 -0.0688992515206337
vn -0.716023325920105 -0.6772191524505615 0.16936586797237396
vn -0.2985004484653473 0.7474051713943481 0.5935343503952026
vn 0.7269721031188965 0.3453322649002075 0.5935124754905701
vn -0.17715486884117126 0.6277167201042175 0.7580157518386841
vn 0.3674689829349518 0.5319209098815918 0.7629067301750183
vn -0.5118352770805359 -0.8574904799461365 0.052294764667749405
vn -0.8725000619888306 -0.37757381796836853 0.3101317286491394
vn 0.8912983536720276 0.14999987185001373 0.42788705229759216
vn 0.6978187561035156 0.4404428005218506 0.5648531317710876
vn 0.0775558277964592 0.6403785943984985 0.7641336917877197
vn 0.8775153160095215 0.15558503568172455 0.4536080062389374
vn 0.37258294224739075 -0.8901880383491516 0.26219695806503296
vn -0.7144688963890076 -0.6759466528892517 0.18063853681087494
vn -0.4756641089916229 0.7293517589569092 0.49172118306159973
vn -0.12895195186138153 0.8668895363807678 0.48153284192085266
vn 0.007343002129346132 0.87591552734375 0.48240867257118225
vn 0.6653758883476257 0.5468191504478455 0.5081965923309326
vn -0.8974924683570862 -0.2501736879348755 0.3632084131240845
vn -0.27635693550109863 -0.9521405100822449 0.13059617578983307
vn 0.5770492553710938 -0.6972737908363342 0.4252333343029022
vn -0.8704278469085693 0.4524346590042114 0.19405752420425415
vn -0.7322648763656616 -0.5924268364906311 0.33588486909866333
vn 0.17980046570301056 -0.8906609416007996 0.4176061153411865
vn 0.03238978609442711 -0.10467374324798584 -0.9939790368080139
vn 0.03238978609442711 -0.10467374324798584 -0.9939790368080139
vn -0.9968910217285156 -0.07764101773500443 -0.013423267751932144
vn 0.6337614059448242 0.3054955005645752 0.71064692735672
vn 0.10151149332523346 0.8573707938194275 0.5045896172523499
vn -0.2592008709907532 -0.8203698992729187 -0.5097137689590454
vn 0.03238978609442711 -0.10467374324798584 -0.9939790368080139
vn -0.6614439487457275 -0.3666737377643585 -0.654249370098114
vn 0.6528752446174622 0.5144861340522766 -0.5559297800064087
vn -0.060248613357543945 -0.9980058670043945 -0.018826808780431747
vn -0.6384879946708679 -0.4491574466228485 -0.6249725222587585
vn -0.5104243755340576 -0.4111531674861908 -0.7552616000175476
vn -0.5710506439208984 -0.2631816565990448 -0.7775837779045105
vn -0.5112754106521606 0.3688051402568817 -0.7762603759765625
vn 0.24630814790725708 0.7601691484451294 -0.6012281179428101
vn 0.9727048873901367 0.18332341313362122 0.1422596424818039
vn -0.41199150681495667 -0.9072153568267822 0.08499026298522949
vn 0.9700415730476379 -0.012665197253227234 0.24260886013507843
vn -0.624245822429657 0.41286683082580566 -0.6632179617881775
vn -0.9796741008758545 -0.04325844720005989 -0.19587577879428864
vn -0.2292214334011078 -0.9557550549507141 0.1843634992837906
vn 0.6039819121360779 -0.586002767086029 0.5401913523674011
vn 0.2681726813316345 0.9402765035629272 -0.20967485010623932
vn -0.954163134098053 0.024373358115553856 -0.29829275608062744
vn -0.4716453552246094 -0.17952759563922882 -0.8633193969726562
vn -0.47031861543655396 -0.1773010641336441 -0.8645026087760925
vn -0.042431678622961044 0.2517913281917572 -0.9668509364128113
vn -0.5024400353431702 -0.16214223206043243 -0.8492725491523743
vn 0.1147317960858345 0.28368693590164185 -0.9520285129547119
vn 0.6239134073257446 0.6311076283454895 -0.4609069526195526
vn -0.6158744692802429 0.08210227638483047 -0.7835546731948853
vn 0.4126327633857727 0.34289684891700745 -0.8438933491706848
vn 0.5761290192604065 0.5465215444564819 -0.6077741980552673
vn -0.40705758333206177 -0.48172852396965027 0.7760423421859741
vn 0.5089868903160095 -0.5039591193199158 0.6978233456611633
vn 0.9050945043563843 -0.023507146164774895 0.4245601296424866
vn -0.62172532081604 -0.6379738450050354 -0.4543644189834595
vn 0.7183243632316589 0.6294445395469666 -0.29632675647735596
vn -0.5962538719177246 -0.07476889342069626 -0.7993065714836121
vn 0.6490218639373779 0.32104113698005676 -0.689712405204773
vn 0.9230251312255859 0.2554113566875458 -0.2877318859100342
vn 0.638394296169281 0.5876274704933167 -0.49713853001594543
vn -0.564254105091095 0.11297649145126343 -0.817834734916687
vn 0.44165465235710144 0.29328107833862305 -0.8478958606719971
vn -0.6756764650344849 0.18754693865776062 -0.7129428386688232
vn 0.8679713606834412 0.1715555042028427 -0.4660412669181824
vn -0.5234059691429138 0.1482280194759369 -0.8390915393829346
vn 0.6304609775543213 0.17647245526313782 -0.7558944225311279
vn 0.23388180136680603 -0.5056352615356445 0.8304409980773926
vn -0.970973789691925 -0.16177751123905182 -0.17617560923099518
vn -0.9636691212654114 -0.18688689172267914 -0.19082759320735931
vn 0.6624316573143005 0.7187768220901489 -0.2110552042722702
vn -0.6726922988891602 -0.6154105067253113 -0.41079801321029663
vn 0.24907779693603516 0.9473819732666016 -0.2010665088891983
vn -0.9722842574119568 0.03189891576766968 -0.23161569237709045
vn 0.1850418746471405 0.2564743161201477 -0.9486730098724365
vn -0.6671920418739319 0.07163190096616745 -0.7414335012435913
vn -0.6491475701332092 0.22068291902542114 -0.7279467582702637
vn 0.837827742099762 -0.01352700311690569 -0.5457670092582703
vn -0.6368919610977173 0.04809024930000305 -0.7694517970085144
vn 0.7488124966621399 0.18771113455295563 -0.6356448531150818
vn 0.1736360341310501 0.018927089869976044 -0.9846280217170715
vn 0.0033375518396496773 -0.0017754202708601952 -0.999992847442627
vn -0.04636677727103233 0.00618779007345438 -0.9989053010940552
vn -0.15555694699287415 -0.00029671640368178487 -0.9878268837928772
vn -0.7724690437316895 -0.3939264714717865 0.4981098473072052
vn 0.16464297473430634 0.036744438111782074 0.9856685400009155
vn -0.7418821454048157 -0.23448558151721954 0.6281937956809998
vn 0.6464704275131226 0.3543461859226227 0.6756587028503418
vn -0.9679313898086548 -0.1183161735534668 0.2216080278158188
vn -0.9839354157447815 0.029833747074007988 -0.17601436376571655
vn 0.5694771409034729 0.7874361276626587 -0.23588192462921143
vn -0.9977903962135315 -0.029267430305480957 0.059646859765052795
vn 0.9343342185020447 0.04824768751859665 -0.3531171381473541
vn 0.9635767340660095 -0.022755006328225136 -0.266462117433548
vn -0.6726944446563721 0.12677058577537537 -0.7289797067642212
vn 0.08324111998081207 0.33791354298591614 -0.9374887943267822
vn -0.8136350512504578 0.5808076858520508 -0.025699539110064507
vn 0.7656508684158325 0.36247462034225464 -0.5314046144485474
vn -0.47841137647628784 -0.048614609986543655 0.8767890930175781
vn -0.1439565122127533 0.021832013502717018 -0.9893431663513184
vn 0.09703050553798676 -0.3166158199310303 0.9435780048370361
vn -0.3726922571659088 -0.251847505569458 0.8931255340576172
vn -0.02340536378324032 0.02931077592074871 0.9992963075637817
vn 0.5225667357444763 -0.08295498043298721 0.8485531210899353
vn -0.3411230444908142 -0.06704480201005936 0.9376246929168701
vn 0.7215492725372314 -0.17301629483699799 0.6703969240188599
vn -0.6944631934165955 -0.1592763513326645 0.7016778588294983
vn -0.4848659336566925 -0.2063072770833969 -0.8499072790145874
vn -0.003395352978259325 -0.22750358283519745 0.9737712740898132
vn -0.6265391707420349 -0.06056193262338638 -0.7770334482192993
vn -0.19378790259361267 0.32814425230026245 -0.924536406993866
vn 0.5887734889984131 -0.31026890873908997 -0.7463772892951965
vn 0.040828458964824677 0.09964538365602493 -0.9941850304603577
vn -0.9550597071647644 0.29052257537841797 0.058801863342523575
vn 0.9121441841125488 0.03138114511966705 0.4086664319038391
vn -0.5156416296958923 -0.5982311964035034 -0.6133784055709839
vn 0.21997936069965363 -0.31944262981414795 -0.9217187762260437
vn -0.8477457761764526 -0.22432421147823334 -0.48063063621520996
vn 0.23867778480052948 -0.06686132401227951 -0.9687942862510681
vn -0.2508499026298523 -0.2930925488471985 -0.9225893616676331
vn -0.26361826062202454 0.018986405804753304 -0.9644402265548706
vn 0.3186933696269989 0.29050013422966003 -0.902243971824646
vn 0.5765128135681152 0.12243825197219849 -0.8078625202178955
vn -0.9704837203025818 0.2383900284767151 -0.036489833146333694
vn -0.5152398943901062 0.09467979520559311 -0.8518002033233643
vn 0.10477536171674728 0.5393540859222412 -0.8355353474617004
vn -0.13343718647956848 -0.9136955142021179 -0.38386860489845276
vn -0.6526926755905151 -0.1821223348379135 -0.7354072332382202
vn 0.7520208358764648 -0.397948682308197 -0.5254536271095276
vn -0.8790757060050964 0.040408845990896225 -0.4749663174152374
vn 0.375216543674469 -0.40142470598220825 0.83550626039505
vn -0.46833336353302 -0.3279079496860504 0.8204512596130371
vn -0.5571978688240051 -0.2113756239414215 0.803026020526886
vn 0.7019082307815552 0.3353942632675171 -0.6283593773841858
vn 0.2759096026420593 -0.2462964951992035 0.9290919899940491
vn -0.8304327130317688 0.5239645838737488 0.18932153284549713
vn -0.23151573538780212 -0.5911210179328918 -0.7726425528526306
vn -0.08136799931526184 -0.5312661528587341 -0.8432885408401489
vn 0.538947343826294 -0.07263787090778351 -0.8392016887664795
vn 0.7038074135780334 0.5333989858627319 -0.4691914916038513
vn 0.627509355545044 0.7786015868186951 0.00337778776884079
vn 0.3870958685874939 0.6299725770950317 -0.6732691526412964
vn -0.21887469291687012 -0.900688886642456 -0.3753044307231903
vn 0.05224161222577095 -0.8931939601898193 0.4466266930103302
vn -0.9973589777946472 -0.07230285555124283 -0.0068784370087087154
vn 0.9940680265426636 -0.040207404643297195 0.10105553269386292
vn 0.8521135449409485 0.2234712541103363 -0.47324731945991516
vn 0.3254004120826721 0.012082701548933983 0.9454991221427917
vn -0.9341587424278259 0.14908653497695923 -0.32422319054603577
vn 0.6545348167419434 0.39167335629463196 -0.6466653943061829
vn -0.9844763875007629 -0.04798382893204689 0.16883064806461334
vn -0.524053156375885 -0.0532771497964859 0.8500175476074219
vn -0.8188556432723999 0.5729862451553345 -0.03409266099333763
vn 0.9489420056343079 0.0980689525604248 -0.29981932044029236
vn -0.3199459910392761 -0.739594042301178 -0.5921446681022644
vn -0.04752015322446823 -0.7622109055519104 -0.6455821394920349
vn 0.1558293253183365 -0.26644712686538696 -0.9511693716049194
vn 0.42162972688674927 -0.3946007192134857 -0.8164058923721313
vn -0.5428570508956909 -0.7822510004043579 -0.3055972456932068
vn -0.7745923399925232 -0.6258081197738647 -0.0914929062128067
vn 0.8017054200172424 0.2766318917274475 -0.529852032661438
vn 0.8608002066612244 0.5007736086845398 -0.09082332998514175
vn 0.33842116594314575 0.6233383417129517 -0.7049258351325989
vn 0.22405605018138885 0.9243543744087219 0.30881693959236145
vn 0.2823992669582367 0.7580136060714722 -0.5879337191581726
vn -0.03162485361099243 -0.9727773070335388 0.22957395017147064
vn -0.9613132476806641 -0.11755586415529251 0.249113529920578
vn 0.771643877029419 -0.22798287868499756 0.5937924981117249
vn -0.831540048122406 0.2188691943883896 0.510526716709137
vn 0.9787023663520813 0.20513546466827393 -0.007823478430509567
vn -0.38561806082725525 0.3172503411769867 -0.8664010763168335
vn 0.8520297408103943 0.3196355700492859 -0.414582222700119
vn -0.9204850792884827 0.1762586534023285 -0.34876948595046997
vn -0.7388184666633606 -0.04206066578626633 -0.6725906729698181
vn -0.3952261805534363 0.40503621101379395 -0.8244646191596985
vn 0.9937201738357544 0.012147819623351097 0.11123201996088028
vn -0.6765884160995483 -0.7073956727981567 0.20449820160865784
vn 0.8521578907966614 -0.04818065091967583 -0.5210618376731873
vn 0.9349889755249023 0.2052685022354126 -0.2892414629459381
vn -0.757500946521759 0.6311213374137878 0.16696737706661224
vn 0.3232187330722809 0.9160810708999634 0.23732931911945343
vn 0.1030007004737854 -0.7471339702606201 0.6566442847251892
vn -0.9777411818504333 0.16762927174568176 -0.12618450820446014
vn -0.6705788373947144 -0.06364794075489044 0.7391027808189392
vn 0.22692564129829407 -0.17444275319576263 0.9581620693206787
vn 0.7685260772705078 -0.11709032952785492 0.6290130615234375
vn -0.9969021677970886 0.06606363505125046 -0.04268069192767143
vn -0.9726580381393433 0.09962791204452515 -0.20978736877441406
vn -0.7024166584014893 -0.08941801637411118 -0.7061269283294678
vn 0.9369919300079346 0.013226522132754326 0.3491004705429077
vn -0.7038111686706543 -0.14476719498634338 -0.6954798102378845
vn 0.9258958697319031 0.37074631452560425 -0.0725531280040741
vn -0.6809410452842712 -0.008125555701553822 -0.7322931885719299
vn -0.015555338934063911 0.5109398365020752 -0.8594757318496704
vn 0.7200199961662292 -0.10022495687007904 -0.6866776347160339
vn -0.5802475810050964 0.01457902230322361 -0.8143096566200256
vn 0.7734114527702332 0.11757732182741165 -0.6229047775268555
vn 0.28292569518089294 0.3330708146095276 -0.8994536399841309
vn 0.8912853598594666 0.2471490055322647 -0.38016805052757263
vn -0.2616472542285919 -0.7094410061836243 -0.6543959379196167
vn 0.16678906977176666 -0.599291205406189 -0.7829632759094238
vn 0.30025991797447205 -0.40169960260391235 -0.86514812707901
vn -0.49754273891448975 -0.31459614634513855 -0.8083814382553101
vn 0.23213310539722443 -0.5653018355369568 -0.7915478944778442
vn -0.008210628293454647 -0.3494550585746765 -0.9369171857833862
vn 0.2791884243488312 -0.0640825554728508 -0.9580956101417542
vn -0.26337161660194397 -0.009321562945842743 -0.9646494388580322
vn -0.06805121153593063 0.17772909998893738 -0.9817237257957458
vn 0.24024182558059692 0.11547419428825378 -0.9638202786445618
vn -0.7491539120674133 -0.6558907628059387 -0.09260539710521698
vn 0.20642288029193878 -0.865536093711853 -0.45632970333099365
vn -0.631134569644928 -0.7140922546386719 0.30288833379745483
vn 0.9216347336769104 0.38803425431251526 0.004328870680183172
vn -0.9529789090156555 -0.18655602633953094 0.23880554735660553
vn -0.7424721121788025 -0.5212608575820923 0.42074012756347656
vn 0.8192534446716309 0.45164254307746887 0.35333120822906494
vn -0.8034079670906067 0.33139729499816895 0.49468329548835754
vn 0.7137055993080139 0.6800110340118408 0.16795633733272552
vn 0.33662939071655273 0.7101983428001404 0.6183032393455505
vn -0.8233690857887268 0.17891179025173187 0.5385664701461792
vn -0.916074812412262 -0.11206122487783432 0.385031521320343
vn 0.518133282661438 -0.2127656191587448 0.8284133672714233
vn -0.9127150774002075 -0.36940643191337585 0.1746140867471695
vn 0.12578673660755157 -0.43728381395339966 0.8904833197593689
vn 0.8328714370727539 0.4105529189109802 0.3711757957935333
vn 0.739366888999939 0.07619525492191315 -0.6689775586128235
vn -0.9115250706672668 -0.27439770102500916 -0.3063136339187622
vn -0.8666331171989441 -0.2936828136444092 -0.40335777401924133
vn -0.7091778516769409 -0.09474599361419678 -0.6986343264579773
vn 0.308283269405365 0.2831813097000122 -0.9081683158874512
vn -0.47123536467552185 0.06086038053035736 -0.8799052238464355
vn -0.41759806871414185 0.14672990143299103 -0.8967063426971436
vn 0.9321745038032532 0.2908768951892853 -0.21550260484218597
vn -0.7287648916244507 -0.09084377437829971 -0.6787113547325134
vn 0.6216310262680054 -0.6766977310180664 -0.3945313096046448
vn -0.4176197350025177 0.14253108203411102 -0.8973732590675354
vn -0.5208846926689148 0.20963332056999207 -0.827485978603363
vn -0.38388755917549133 -0.23215271532535553 -0.8937200307846069
vn -0.11161942780017853 -0.14740383625030518 -0.9827579855918884
vn 0.2141067087650299 0.021787192672491074 -0.976567268371582
vn 0.7060582637786865 0.10166667401790619 -0.7008177638053894
vn -0.2566712498664856 0.013345278799533844 -0.9664066433906555
vn -0.660540759563446 0.3611378073692322 -0.6582289338111877
vn -0.37756773829460144 0.2868438959121704 -0.8804334998130798
vn 0.3383674621582031 0.04361622408032417 -0.9400026798248291
vn -0.6645415425300598 0.07667045295238495 -0.7433075904846191
vn 0.6228935718536377 0.18103641271591187 -0.7610712647438049
vn 0.15328216552734375 0.09500212222337723 -0.9836052060127258
vn -0.23007498681545258 0.03585861995816231 -0.9725120067596436
vn 0.5821663737297058 0.13501577079296112 -0.801781177520752
vn 0.2913382351398468 -0.04863246530294418 -0.9553831219673157
vn 0.13111622631549835 0.04117746278643608 -0.9905114769935608
vn -0.0042375256307423115 0.098418228328228 -0.9951361417770386
vn 0.5544525384902954 0.22695404291152954 -0.8006711006164551
vn -0.36907702684402466 -0.014990611933171749 -0.9292779564857483
vn -0.1631993055343628 0.18134582042694092 -0.969783365726471
vn 0.40130800008773804 -0.06242379918694496 -0.9138134717941284
vn -0.08559614419937134 0.22715537250041962 -0.9700895547866821
vn 0.05299331620335579 0.05460507050156593 -0.9971007704734802
vn 0.8838526606559753 0.28379708528518677 -0.3718382716178894
vn 0.3309170603752136 0.14040902256965637 -0.9331554770469666
vn 0.21271543204784393 0.24185574054718018 -0.9467089176177979
vn -0.8485549688339233 -0.04243898391723633 -0.5274024605751038
vn 0.7101876139640808 0.3529125154018402 -0.6091684103012085
vn -0.132910817861557 0.01973728835582733 -0.9909314513206482
vn 0.4759826362133026 0.4903027415275574 -0.7300985455513
vn -0.7491539120674133 -0.6558907628059387 -0.09260539710521698
vn -0.10553174465894699 -0.9926016926765442 0.060041073709726334
vn -0.15722914040088654 -0.9289128184318542 -0.33526110649108887
vn -0.615371584892273 -0.5112314820289612 0.599966824054718
vn 0.8951252698898315 0.30313315987586975 0.32689598202705383
vn 0.6961378455162048 0.6679811477661133 0.2630460262298584
vn -0.5236544609069824 -0.4891272187232971 0.6975246071815491
vn -0.5607990622520447 -0.08123302459716797 0.8239572644233704
vn 0.5539997220039368 0.354040265083313 0.7534850239753723
vn -0.3996810019016266 0.15056005120277405 0.9042050838470459
vn 0.6236528754234314 0.6021402478218079 0.4984818696975708
vn 0.0821201428771019 0.8051283955574036 0.5873878598213196
vn -0.8368684649467468 -0.42814722657203674 0.34108826518058777
vn -0.18775272369384766 -0.418361097574234 0.8886635899543762
vn 0.8412826657295227 0.10440859943628311 0.5304172039031982
vn -0.9760310053825378 -0.1913353055715561 0.1037026196718216
vn 0.6605082154273987 -0.3799842596054077 0.6475652456283569
vn 0.8022170066833496 -0.2787010073661804 -0.5279901623725891
vn -0.6367857456207275 -0.12787742912769318 -0.7603625655174255
vn -0.6312519907951355 -0.10168486088514328 -0.7688830494880676
vn -0.5044181942939758 -0.5933669209480286 -0.6272782683372498
vn -0.9310688376426697 0.010772156529128551 -0.36468443274497986
vn 0.3052770793437958 0.4232233464717865 -0.8530462384223938
vn -0.41733768582344055 -0.31289350986480713 -0.853186309337616
vn -0.8198344707489014 -0.251707524061203 -0.5143100023269653
vn -0.4129375219345093 -0.09618009626865387 -0.9056666493415833
vn 0.6399925947189331 -0.669205367565155 -0.3775893449783325
vn 0.8666508197784424 0.04802125319838524 -0.49659883975982666
vn 0.5955693125724792 -0.07153525203466415 -0.8001124858856201
vn -0.5271961688995361 -0.4092392027378082 -0.7447062730789185
vn -0.8337251543998718 0.3021530508995056 -0.4621751606464386
vn -0.7882869243621826 -0.014275699853897095 -0.6151422262191772
vn 0.8471689224243164 0.27845466136932373 -0.45251280069351196
vn 0.5198717713356018 -0.07900161296129227 -0.8505833148956299
vn -0.24988767504692078 0.2844089865684509 -0.925563395023346
vn -0.9957299828529358 0.03589227795600891 -0.08505013585090637
vn 0.7498945593833923 -0.10386469960212708 -0.6533531546592712
vn -0.4848315119743347 0.2957471013069153 -0.8230869174003601
vn 0.7037357687950134 0.06382915377616882 -0.707588791847229
vn 0.8697142004966736 0.49244359135627747 -0.033112604171037674
vn -0.492239773273468 0.2832328975200653 -0.8230911493301392
vn 0.210104301571846 0.1615837663412094 -0.9642338752746582
vn -0.9951079487800598 0.09055717289447784 -0.03949202224612236
vn 0.7156814336776733 0.18078377842903137 -0.6746237874031067
vn 0.7685714960098267 0.36693599820137024 -0.5240761637687683
vn -0.38767704367637634 0.2308628410100937 -0.8924173712730408
vn -0.11245134472846985 0.2133825570344925 -0.970475435256958
vn 0.3375885784626007 0.09780506044626236 -0.9361987709999084
vn -0.06185441091656685 0.4006427526473999 -0.9141441583633423
vn -0.4754136800765991 0.4649006724357605 -0.746893048286438
vn -0.1427907943725586 -0.29380321502685547 0.9451404213905334
vn 0.8524314165115356 -0.10548072308301926 0.512088418006897
vn -0.5931477546691895 -0.6243728399276733 0.5082659125328064
vn 0.2525453567504883 0.16082318127155304 0.9541261196136475
vn -0.3173215389251709 -0.21636997163295746 0.9233043789863586
vn -0.24044139683246613 -0.061114925891160965 0.9687377214431763
vn -0.9017952680587769 -0.385678768157959 0.19498015940189362
vn -0.9069800972938538 -0.22576147317886353 0.35555437207221985
vn 0.6786718964576721 0.16083648800849915 0.716614305973053
vn -0.7000147700309753 -0.43850940465927124 -0.5636389255523682
vn -0.5304223299026489 -0.4515433609485626 -0.71746826171875
vn -0.4908437430858612 -0.03819168359041214 -0.8704102039337158
vn -0.08915509283542633 -0.7681629061698914 -0.6340166330337524
vn -0.5963990092277527 -0.029036691412329674 -0.802162766456604
vn 0.02282368391752243 -0.9102513194084167 -0.4134266972541809
vn 0.975883960723877 0.17116321623325348 0.13547590374946594
vn 0.6157181262969971 -0.5763925313949585 -0.5372734665870667
vn -0.6190770268440247 -0.38177019357681274 -0.6862908601760864
vn 0.6592245101928711 0.5496320128440857 -0.5131546854972839
vn 0.793584942817688 -0.36316895484924316 -0.4881919324398041
vn 0.8141683340072632 -0.36598142981529236 -0.4507633447647095
vn 0.832834005355835 -0.1764984130859375 -0.5246292352676392
vn -0.8115848302841187 0.47695061564445496 -0.33741408586502075
vn 0.9763343930244446 0.12078970670700073 -0.17939040064811707
vn 0.7830344438552856 -0.08833007514476776 -0.6156744360923767
vn -0.9569754600524902 0.07839134335517883 -0.2793792188167572
vn 0.7387654185295105 0.20373858511447906 -0.6424299478530884
vn -0.7494953870773315 0.4149087369441986 -0.5158558487892151
vn 0.9087890982627869 0.202922984957695 -0.36458832025527954
vn 0.8857676386833191 0.417576402425766 -0.20259720087051392
vn 0.8142403364181519 0.5700542330741882 0.10977661609649658
vn -0.6536291837692261 0.47444748878479004 -0.5896342396736145
vn -0.4514499604701996 0.758879542350769 -0.4693557918071747
vn 0.9463385343551636 0.14708255231380463 -0.28776735067367554
vn -0.8661617636680603 0.4674769341945648 -0.17671723663806915
vn -0.7100666165351868 0.6114972829818726 -0.34910789132118225
vn 0.8105416893959045 0.1420566737651825 -0.5681919455528259
vn -0.34840598702430725 0.505484402179718 -0.7893660664558411
vn -0.3102981746196747 0.5759057402610779 -0.7563382983207703
vn 0.9568785429000854 -0.09801781177520752 0.27345186471939087
vn -0.048848796635866165 0.08701292425394058 0.9950088262557983
vn 0.008736812509596348 -0.006924767512828112 -0.999937891960144
vn -0.18898849189281464 0.1032450944185257 -0.9765366315841675
vn 0.3521019518375397 -0.4513043165206909 -0.8199686408042908
vn -0.06573899835348129 0.3545912504196167 -0.9327076077461243
vn -0.9293649196624756 -0.36906933784484863 -0.008285592310130596
vn 0.2726582884788513 -0.5826543569564819 0.7656183242797852
vn -0.9310698509216309 -0.3554037809371948 -0.08244390040636063
vn 0.7744260430335999 -0.21958960592746735 0.5933335423469543
vn 0.7959065437316895 0.5993651151657104 0.08540689945220947
vn -0.5648345947265625 -0.7614733576774597 -0.3179938793182373
vn -0.631183922290802 -0.46976104378700256 -0.6171964406967163
vn -0.6595668792724609 -0.2554653584957123 -0.706900954246521
vn 0.9348890781402588 -0.04855005070567131 0.3516039550304413
vn -0.5459007620811462 -0.8129426836967468 0.2027721405029297
vn -0.1008656919002533 -0.7526960968971252 -0.6505956649780273
vn 0.45351681113243103 -0.8683590292930603 -0.20068630576133728
vn 0.16637971997261047 -0.9837824702262878 -0.06700579077005386
vn -0.8396802544593811 0.05603383481502533 -0.5401826500892639
vn 0.9703364372253418 0.14563845098018646 0.19296801090240479
vn 0.5038370490074158 -0.834982693195343 -0.22125108540058136
vn -0.8113422989845276 -0.3443915843963623 -0.4723537862300873
vn 0.7818147540092468 -0.48333612084388733 -0.3938933312892914
vn -0.9258590340614319 0.09048808366060257 -0.3668745160102844
vn -0.8864882588386536 0.3079513609409332 -0.34540486335754395
vn -0.8334801197052002 0.33184102177619934 -0.4418059289455414
vn 0.9342415928840637 0.3563464879989624 -0.014486641623079777
vn 0.9196081757545471 0.05184095725417137 -0.3894011974334717
vn 0.9273755550384521 0.3198581039905548 -0.1940758377313614
vn -0.7606956362724304 0.38486507534980774 0.522705614566803
vn -0.022245893254876137 0.5970924496650696 0.8018639087677002
vn 0.40576988458633423 0.7806510329246521 0.4753260016441345
vn 0.008736812509596348 -0.006924767512828112 -0.999937891960144
vn -0.29013562202453613 0.3562691807746887 -0.8881968855857849
vn 0.42191341519355774 0.24052655696868896 -0.8741487860679626
vn 0.7234530448913574 0.15840837359428406 -0.6719542145729065
vn -0.9308570623397827 -0.33638784289360046 0.14264777302742004
vn 0.5848589539527893 -0.7999059557914734 -0.13450120389461517
vn -0.9911231398582458 -0.1277512162923813 -0.036804597824811935
vn 0.634136438369751 -0.691041111946106 -0.3468906581401825
vn -0.8785204887390137 -0.38784700632095337 -0.2788841128349304
vn 0.9599323868751526 -0.13075633347034454 0.2478559911251068
vn -0.9801967144012451 0.14314612746238708 -0.13683390617370605
vn -0.9247769117355347 -0.06389182060956955 -0.3751073181629181
vn -0.9591212272644043 0.2717159390449524 0.07910017669200897
vn 0.9516912698745728 0.2731074094772339 -0.14034269750118256
vn -0.7910488843917847 0.42977869510650635 -0.4353525936603546
vn -0.5355197787284851 0.4604254961013794 0.7079737186431885
vn -0.32692691683769226 0.4954957365989685 0.8047377467155457
vn 0.9380066990852356 0.3440830409526825 0.04183652624487877
vn -0.7285085916519165 0.6611307263374329 0.1793912798166275
vn -0.41252368688583374 -0.5226806402206421 -0.7460759282112122
vn -0.55253005027771 -0.4594156742095947 -0.6954478621482849
vn -0.13429369032382965 0.34309038519859314 -0.929652750492096
vn 0.16111871600151062 0.08505653589963913 -0.9832630157470703
vn -0.4034774899482727 0.09588579833507538 -0.9099515676498413
vn 0.6568239331245422 -0.00271649775095284 -0.7540391087532043
vn -0.13988040387630463 0.04802687466144562 -0.9890030026435852
vn -0.3995853066444397 0.4637364149093628 -0.7907465696334839
vn 0.33301371335983276 0.2109006941318512 -0.9190335869789124
vn 0.07220018655061722 0.8302292227745056 -0.5527265071868896
vn -0.48710817098617554 -0.7268823981285095 0.4841151535511017
vn 0.6279025077819824 -0.5711768269538879 0.5286732912063599
vn -0.8855871558189392 -0.45299068093299866 -0.10263917595148087
vn -0.5529741048812866 -0.8140889406204224 -0.1774226725101471
vn 0.8687407374382019 -0.22402319312095642 0.4417048990726471
vn 0.2650919556617737 -0.9468843936920166 -0.18203306198120117
vn -0.9863723516464233 -0.02251749113202095 0.16298042237758636
vn -0.8572351932525635 0.46383416652679443 -0.22361944615840912
vn 0.7838073372840881 -0.15052378177642822 -0.6024854779243469
vn -0.9072790741920471 0.3986562490463257 -0.13385778665542603
vn -0.9496967792510986 0.12180028855800629 -0.28851452469825745
vn 0.8976810574531555 0.3826587200164795 0.21849703788757324
vn -0.9371889233589172 0.24163992702960968 -0.25156936049461365
vn 0.8988029956817627 0.4381887912750244 -0.011989165097475052
vn 0.8739293813705444 0.049940794706344604 -0.4834804832935333
vn -0.66506427526474 0.6369704604148865 0.3898181617259979
vn -0.9215850830078125 0.2212696522474289 0.318936824798584
vn 0.4910265803337097 0.7341006994247437 0.4690299332141876
vn -0.41133061051368713 0.5908946394920349 0.6940105557441711
vn 0.8368383049964905 0.5000280141830444 0.22287553548812866
vn 0.926260232925415 0.3768481910228729 -0.00524222943931818
vn -0.3215329349040985 0.8943410515785217 0.3110797703266144
vn 0.20770354568958282 0.806947648525238 0.5528966188430786
vn 0.13476449251174927 0.8917600512504578 0.4319750666618347
vn 0.2040214091539383 -0.24375639855861664 -0.9481340050697327
vn 0.2114803045988083 -0.2025405913591385 -0.9561659693717957
vn 0.15504761040210724 -0.5620107650756836 -0.8124679327011108
vn 0.24998152256011963 -0.4888056516647339 -0.8358099460601807
vn -0.8237335085868835 -0.3344244658946991 -0.4578464925289154
vn -0.7350574135780334 0.20107445120811462 -0.6475026607513428
vn 0.9184560775756836 -0.00011118790280306712 -0.3955228924751282
vn 0.7748071551322937 -0.11883461475372314 -0.6209284663200378
vn -0.7856504321098328 0.06104865297675133 -0.6156511902809143
vn -0.8437523245811462 0.14511533081531525 -0.5167431831359863
vn 0.95408034324646 -0.26778823137283325 -0.1342390924692154
vn 0.4408700168132782 -0.026485798880457878 -0.8971800804138184
vn -0.5684689283370972 0.05600815266370773 -0.8207959532737732
vn 0.7000553011894226 0.005355244968086481 -0.7140684723854065
vn -0.8330854177474976 -0.5429145097732544 -0.10588890314102173
vn -0.9360223412513733 -0.21817974746227264 -0.27615171670913696
vn 0.9669684171676636 -0.07001664489507675 0.24509131908416748
vn 0.954749584197998 -0.26510384678840637 0.13480831682682037
vn 0.6777458190917969 -0.5756042003631592 -0.45753732323646545
vn 0.9904102683067322 -0.1210414469242096 0.06660681962966919
vn 0.652762770652771 -0.45594364404678345 -0.604992687702179
vn 0.9609317183494568 0.2039840668439865 0.18708455562591553
vn 0.8886253237724304 0.0921497568488121 -0.44928106665611267
vn 0.9352676272392273 0.29341384768486023 -0.19794663786888123
vn 0.8960656523704529 0.41611745953559875 0.15463703870773315
vn -0.9253201484680176 0.33685988187789917 -0.17409174144268036
vn -0.7442804574966431 0.6431339383125305 -0.1800704151391983
vn -0.7619995474815369 0.6398175954818726 -0.09995032846927643
vn -0.40048158168792725 0.8286740183830261 0.39104196429252625
vn 0.20779810845851898 -0.2231992483139038 -0.9523665308952332
vn -0.9847575426101685 0.025365503504872322 -0.17207296192646027
vn -0.5498229265213013 0.43812230229377747 -0.7111565470695496
vn 0.6867256760597229 0.19761601090431213 -0.6995397210121155
vn -0.5063390731811523 0.0764227956533432 -0.858941376209259
vn -0.5029371380805969 0.006665094755589962 -0.8642972707748413
vn 0.560303270816803 -0.004075921606272459 -0.8282775282859802
vn -0.3402363657951355 -0.5272006988525391 -0.778651773929596
vn -0.7606852650642395 -0.4642820656299591 -0.45365193486213684
vn 0.8827732801437378 -0.4648953974246979 -0.06770208477973938
vn 0.4231854975223541 -0.5051820874214172 -0.7521337270736694
vn 0.9403390288352966 -0.3401380479335785 -0.00828596856445074
vn -0.8971280455589294 0.0954853743314743 -0.4313279688358307
vn 0.9606235027313232 -0.0647929385304451 -0.2701932191848755
vn 0.94012051820755 -0.20449680089950562 -0.27268001437187195
vn 0.8735400438308716 0.14278805255889893 -0.4653377830982208
vn -0.7104548215866089 0.5892360210418701 -0.38477903604507446
vn 0.6813955903053284 0.39115476608276367 -0.6186258792877197
vn -0.06434276700019836 -0.9959542155265808 -0.06273167580366135
vn 0.38724005222320557 -0.8224586844444275 0.41666164994239807
vn -0.5223503112792969 -0.5838528275489807 -0.6215029954910278
vn -0.6467013359069824 -0.6922405958175659 -0.3202817142009735
vn -0.25702977180480957 -0.3420184254646301 -0.903857946395874
vn -0.2572745680809021 -0.6184573769569397 -0.7425094246864319
vn -0.8026798367500305 0.08614187687635422 -0.5901565551757812
vn -0.2808644473552704 -0.8730751872062683 0.39856603741645813
vn 0.02164938673377037 0.10790134966373444 -0.9939258098602295
vn 0.0056768665090203285 -0.9865080118179321 0.16361477971076965
vn -0.9423338174819946 0.30904245376586914 -0.12845110893249512
vn -0.7800089120864868 -0.4575870633125305 0.42684921622276306
vn 0.028797751292586327 -0.9983050227165222 0.050574664026498795
vn -0.12568658590316772 -0.1022639274597168 -0.9867851734161377
vn 0.9309918284416199 -0.02148374728858471 0.36440715193748474
vn -0.9235443472862244 -0.13151855766773224 0.3602343499660492
vn 0.29569900035858154 0.12282215803861618 -0.9473525881767273
vn 0.6517553925514221 -0.6870902180671692 -0.32112613320350647
vn -0.9211423397064209 -0.09455686062574387 0.3775656521320343
vn 0.438553124666214 -0.4295489490032196 -0.7894040942192078
vn 0.9359071850776672 -0.329704225063324 0.12398722022771835
vn -0.88540118932724 -0.40212032198905945 -0.233161062002182
vn 0.01431708037853241 0.05741167813539505 -0.9982479214668274
vn -0.7104085683822632 -0.052125316113233566 -0.7018566131591797
vn 0.7564425468444824 -0.31683647632598877 -0.5721970200538635
vn -0.7757031321525574 0.23024508357048035 -0.5875983834266663
vn 0.874441385269165 0.4211801588535309 0.24074797332286835
vn -0.9654099345207214 0.2363491952419281 0.11010386794805527
vn 0.8717699646949768 0.4799169898033142 0.0984722152352333
vn -0.5717173218727112 0.8086754083633423 0.13850454986095428
vn -0.858920693397522 0.5018684267997742 -0.1018984317779541
vn -0.7034500241279602 0.7002030611038208 0.12195810675621033
vn 0.9479702115058899 0.2872590720653534 0.13723963499069214
vn 0.7464333772659302 0.5317025780677795 0.40016210079193115
vn -0.9826790690422058 0.07856828719377518 -0.1678362488746643
vn 0.20779810845851898 -0.2231992483139038 -0.9523665308952332
vn 0.9914618134498596 -0.0808623880147934 0.10229678452014923
vn 0.762014627456665 0.04133289307355881 -0.6462393403053284
vn -0.9719401001930237 0.14726577699184418 0.183426171541214
vn 0.5030357837677002 -0.12443626672029495 -0.8552605509757996
vn -0.9272647500038147 -0.3500139117240906 -0.1329299360513687
vn -0.9302775263786316 0.005327142309397459 -0.36681780219078064
vn 0.9834089279174805 -0.16653436422348022 -0.07192554324865341
vn -0.9544414281845093 0.16054093837738037 -0.2515316605567932
vn -0.9910492897033691 0.13197509944438934 -0.020097602158784866
vn 0.9990022778511047 0.010788685642182827 0.04333573952317238
vn 0.9647877812385559 -0.18482904136180878 0.1871435046195984
vn -0.9661368131637573 0.03694697842001915 -0.25537142157554626
vn 0.9741448163986206 0.19443774223327637 0.11504708975553513
vn 0.34484192728996277 0.9063892960548401 -0.2440129816532135
vn 0.017631668597459793 -0.9980913996696472 0.05918397009372711
vn -0.1322907656431198 -0.9699015021324158 -0.20442654192447662
vn -0.5707786679267883 -0.39867493510246277 -0.7178230881690979
vn -0.17599208652973175 0.22519485652446747 -0.9582870006561279
vn -0.5672445893287659 -0.27450522780418396 -0.7764537930488586
vn -0.3391641676425934 -0.02431231178343296 -0.9404129385948181
vn 0.7084990739822388 -0.671045184135437 -0.218466117978096
vn -0.5733176469802856 0.10928379744291306 -0.812012255191803
vn -0.08043915778398514 0.20249369740486145 -0.9759742617607117
vn -0.8555648326873779 -0.5150065422058105 -0.05269845947623253
vn -0.8941137194633484 0.08968283236026764 0.43876832723617554
vn 0.6745873689651489 -0.6087756752967834 -0.41752129793167114
vn -0.622911274433136 0.4538813829421997 -0.6371603012084961
vn -0.9723273515701294 0.23098453879356384 0.0350082665681839
vn -0.4587439298629761 0.21437697112560272 -0.8623204827308655
vn -0.6407000422477722 0.4595336616039276 -0.6150871515274048
vn 0.893466591835022 0.3955194354057312 0.212795227766037
vn -0.7636908292770386 0.5766130685806274 -0.2903338074684143
vn 0.8784505724906921 0.43584343791007996 0.19587020576000214
vn 0.3767790198326111 0.8683937788009644 0.3223813474178314
vn -0.5828588604927063 0.8032950758934021 0.12244416773319244
vn -0.5638816952705383 0.813018798828125 0.14504428207874298
vn -0.4205312728881836 0.8131870031356812 0.40234363079071045
vn 0.8892572522163391 -0.3675447702407837 0.2722722887992859
vn -0.9966861009597778 0.019029831513762474 -0.0790867805480957
vn -0.43693846464157104 0.3028472363948822 -0.8469759821891785
vn -0.9643557667732239 0.06242387741804123 0.25714045763015747
vn 0.6756263375282288 -0.5595201849937439 0.48006898164749146
vn -0.8309190273284912 -0.5341475605964661 0.1557561308145523
vn 0.292103111743927 -0.338030070066452 0.8946571350097656
vn -0.7508001327514648 -0.6267337203025818 0.20857641100883484
vn 0.7187942862510681 -0.6303640007972717 0.29321661591529846
vn 0.9474086165428162 -0.25800979137420654 -0.18933536112308502
vn -0.9181234836578369 0.393618106842041 0.045978568494319916
vn 0.939158022403717 -0.30029264092445374 0.16675280034542084
vn -0.43250060081481934 -0.8802806735038757 -0.19506187736988068
vn -0.7202915549278259 -0.6885039210319519 -0.08451268076896667
vn 0.845791220664978 -0.35418033599853516 0.39899054169654846
vn -0.7215650081634521 -0.5504631400108337 -0.4199216961860657
vn 0.1653527319431305 -0.9750330448150635 0.14821982383728027
vn 0.3862440884113312 -0.9219418168067932 -0.02896314300596714
vn 0.05724119022488594 -0.9117007255554199 0.4068480432033539
vn -0.9877845644950867 0.05520099028944969 -0.14572042226791382
vn -0.8100154995918274 -0.2664557993412018 0.5223754644393921
vn -0.7788228988647461 -0.25064167380332947 -0.5749900341033936
vn -0.8590707182884216 0.30324965715408325 -0.4123556613922119
vn -0.8756296038627625 -0.04063095897436142 0.48127099871635437
vn 0.9111125469207764 -0.03783009201288223 0.41041797399520874
vn -0.7448413372039795 0.605583131313324 -0.28014352917671204
vn -0.671235978603363 0.521445095539093 -0.526818037033081
vn 0.9439549446105957 0.32404422760009766 0.06280498951673508
vn -0.8829757571220398 0.4043301045894623 0.23847641050815582
vn 0.8584868311882019 0.26688677072525024 0.4379176199436188
vn -0.6702404022216797 0.597528874874115 -0.4401555359363556
vn -0.963640034198761 0.2585895359516144 0.06730075925588608
vn 0.7646644711494446 0.5431836843490601 0.34675610065460205
vn -0.13731494545936584 0.8182896375656128 0.5581635236740112
vn -0.8055533766746521 -0.584031343460083 0.09995605051517487
vn 0.9684953093528748 0.17491678893566132 0.1772594004869461
vn -0.10614170879125595 -0.861329972743988 0.49683475494384766
vn -0.8874276876449585 -0.4431861340999603 -0.1267206221818924
vn 0.8504562973976135 -0.51717609167099 0.09619180858135223
vn -0.9532157182693481 -0.26107093691825867 -0.1523865908384323
vn 0.9856565594673157 0.07506614923477173 0.15114957094192505
vn -0.9400737285614014 -0.03264632076025009 0.33940476179122925
vn 0.9285382032394409 0.10716215521097183 0.35543379187583923
vn -0.9589555263519287 -0.020649682730436325 0.2828036844730377
vn 0.9937573075294495 -0.06125114485621452 0.0932454988360405
vn -0.9578033685684204 0.27818477153778076 -0.07229012250900269
vn 0.8072453737258911 0.5718944072723389 0.14591653645038605
vn 0.5991843342781067 0.8006109595298767 -0.00041707034688442945
vn -0.0802922397851944 -0.9549475908279419 0.28570666909217834
vn 0.7056794762611389 -0.35503947734832764 0.6131585240364075
vn -0.7610892653465271 -0.5517110228538513 -0.34111320972442627
vn 0.8776986598968506 -0.2234751433134079 0.4239150583744049
vn -0.32692527770996094 -0.7765927314758301 0.5385382771492004
vn 0.2967536449432373 -0.7909789681434631 0.5350602865219116
vn 0.6441137194633484 -0.7404866814613342 0.19182561337947845
vn -0.6169124245643616 -0.5559951066970825 0.5570354461669922
vn 0.7544524073600769 -0.6560260057449341 0.020771509036421776
vn 0.7641304135322571 -0.6073482632637024 -0.2173309326171875
vn 0.8154190182685852 0.08238646388053894 0.5729784965515137
vn 0.9001373052597046 -0.10554055124521255 -0.4226275384426117
vn -0.8057548403739929 0.5861005187034607 -0.08511863648891449
vn -0.485667884349823 0.8680868148803711 0.10272341966629028
vn 0.4165826439857483 0.8003077507019043 0.43123820424079895
vn -0.5283862352371216 0.8452833890914917 0.07939767837524414
vn -0.8541299700737 0.44019845128059387 0.27692463994026184
vn 0.908965528011322 0.34669598937034607 0.2314813882112503
vn -0.7455082535743713 0.43479228019714355 0.5051466226577759
vn -0.5170804262161255 0.6690670251846313 0.5338324904441833
vn -0.711916446685791 0.684646725654602 -0.1563134491443634
vn 0.8633975982666016 0.3514673411846161 0.3619603216648102
vn 0.34942716360092163 0.649827241897583 0.6750002503395081
vn 0.6993205547332764 0.5323517918586731 0.4770244061946869
vn -0.3533240258693695 0.8114144206047058 0.46558424830436707
vn -0.9978787899017334 -0.019462669268250465 0.062122493982315063
vn 0.8470826745033264 -0.20343221724033356 0.4909849464893341
vn -0.9128519892692566 0.24980898201465607 0.3229500353336334
vn 0.948967695236206 -0.013154792599380016 0.3150988519191742
vn 0.916784405708313 0.22974355518817902 0.32668668031692505
vn -0.9922194480895996 0.11859038472175598 0.037906426936388016
vn -0.7793511152267456 0.5759015083312988 0.24687904119491577
vn -0.6038836240768433 0.4915923774242401 0.6274244785308838
vn 0.6015625 0.5783712267875671 0.5510074496269226
vn -0.6599445343017578 -0.7487885355949402 0.06155405938625336
vn -0.996581494808197 -0.050978224724531174 0.06501181423664093
vn -0.6462685465812683 0.7603760361671448 -0.06453823298215866
vn -0.14356082677841187 0.9416564106941223 -0.3044232428073883
vn -0.36002424359321594 -0.8724695444107056 0.330422967672348
vn 0.10466379672288895 -0.8056226968765259 0.5831102132797241
vn -0.14762920141220093 -0.9869908094406128 -0.06367773562669754
vn -0.48052069544792175 -0.7861984968185425 -0.38857659697532654
vn -0.47432512044906616 -0.8315482139587402 0.28903841972351074
vn 0.48312121629714966 -0.44998428225517273 0.7510712742805481
vn -0.9389021992683411 -0.32906413078308105 -0.1008940190076828
vn 0.7275336384773254 -0.14791373908519745 0.6699376106262207
vn 0.7854355573654175 -0.11820121109485626 0.6075519919395447
vn 0.3565681576728821 -0.5185398459434509 0.7771586775779724
vn 0.7003448605537415 -0.6009804606437683 -0.385148823261261
vn -0.8603907823562622 0.5088752508163452 -0.02781635709106922
vn 0.7739633917808533 -0.513116180896759 -0.37106937170028687
vn -0.7516226768493652 0.6556289196014404 0.07220842689275742
vn 0.7601557970046997 0.23042799532413483 0.6075080037117004
vn -0.9019224643707275 0.1744653433561325 0.3950921893119812
vn -0.7169758081436157 0.6551703214645386 -0.23811249434947968
vn 0.7727541327476501 0.5046871900558472 0.3848920464515686
vn -0.7389620542526245 0.6694528460502625 0.07594657689332962
vn -0.8920463919639587 0.20412763953208923 0.40321850776672363
vn -0.5330285429954529 0.845263659954071 0.03754878044128418
vn 0.7227185964584351 0.45081448554992676 0.5238741636276245
vn 0.8251557946205139 0.3818000853061676 0.41634926199913025
vn -0.17305487394332886 0.7325491905212402 0.6583492755889893
vn 0.764818012714386 -0.3569517433643341 0.5363198518753052
vn -0.9579565525054932 0.08754938095808029 0.2732294499874115
vn -0.2934235632419586 -0.8803514242172241 0.37267136573791504
vn 0.4453672170639038 -0.8651958107948303 -0.23040036857128143
vn -0.8470414876937866 0.449761301279068 0.28325873613357544
vn 0.3894864320755005 0.7135904431343079 0.5823134779930115
vn -0.3118625283241272 0.2047441005706787 0.927804708480835
vn -0.1985088735818863 -0.7194352746009827 0.665587842464447
vn -0.8036828637123108 0.00450078584253788 0.5950409173965454
vn 0.9297052025794983 -0.22101688385009766 0.2946178913116455
vn 0.945441484451294 -0.2868290841579437 0.15449738502502441
vn 0.5450887084007263 0.817634105682373 0.18534521758556366
vn -0.1777266561985016 0.9720508456230164 0.15339599549770355
vn 0.42881080508232117 0.9008516073226929 -0.06773251295089722
vn -0.6569445133209229 -0.698591947555542 0.2835370600223541
vn 0.7436127662658691 -0.17977739870548248 0.6439877152442932
vn 0.6142038702964783 -0.22921431064605713 0.7551254630088806
vn -0.8415282964706421 -0.5399097204208374 -0.018099142238497734
vn -0.05222742259502411 -0.8459756970405579 0.5306575298309326
vn 0.13706143200397491 -0.8425646424293518 0.5208636522293091
vn 0.2424762099981308 -0.534069299697876 0.8099229335784912
vn 0.30557525157928467 -0.7678717970848083 0.5630244612693787
vn 0.8878161311149597 -0.44375014305114746 0.12193591147661209
vn -0.014863243326544762 -0.22073015570640564 0.9752216935157776
vn 0.9018486738204956 -0.009987379424273968 0.431936651468277
vn 0.8935037851333618 -0.03270517662167549 0.4478631615638733
vn 0.851183295249939 0.11619175225496292 0.511846125125885
vn 0.14354704320430756 -0.2875182628631592 0.946956992149353
vn 0.6010014414787292 0.3729582726955414 0.7068942189216614
vn 0.13287530839443207 -0.0787419006228447 0.9879999160766602
vn 0.6153711676597595 0.4298010766506195 0.660749077796936
vn 0.36330756545066833 -0.14588157832622528 0.9201772809028625
vn 0.8907936811447144 -0.3420065939426422 0.2991955280303955
vn -0.7999110817909241 0.070854552090168 0.5959210991859436
vn 0.6854966282844543 0.4412246644496918 0.5791503190994263
vn -0.7100885510444641 0.7031806111335754 -0.03621179237961769
vn -0.7877902984619141 0.5836328864097595 0.19687333703041077
vn 0.6534494161605835 0.46116745471954346 0.600273609161377
vn -0.6460474729537964 0.4044063687324524 0.647362470626831
vn -0.3137510418891907 0.891871452331543 0.32576924562454224
vn -0.33898302912712097 0.8810089826583862 0.3300209045410156
vn -0.4525134265422821 0.5434420108795166 0.7070378065109253
vn 0.6085084676742554 0.47956788539886475 0.6322437524795532
vn 0.7203934788703918 -0.1975100189447403 0.6648482084274292
vn -0.7560039162635803 -0.6336923241615295 0.16398808360099792
vn 0.3508234918117523 -0.8576570749282837 0.37596166133880615
vn 0.4453672170639038 -0.8651958107948303 -0.23040036857128143
vn 0.9830729365348816 0.12312696129083633 0.13567358255386353
vn -0.517645001411438 0.6919424533843994 0.5032486915588379
vn 0.7120324373245239 0.42383015155792236 0.5598015785217285
vn -0.018663940951228142 0.8371490836143494 0.5466562509536743
vn 0.38215529918670654 -0.9233919978141785 -0.0361187607049942
vn -0.9996333718299866 0.025375064462423325 0.009447488002479076
vn -0.9906644225120544 0.10054661333560944 0.09205637872219086
vn -0.7809163331985474 0.596514880657196 0.18530994653701782
vn -0.1095895916223526 -0.8827996253967285 0.45678767561912537
vn 0.332070916891098 -0.6555747389793396 0.6781966090202332
vn -0.16121578216552734 -0.9412401914596558 0.2967766225337982
vn 0.6206082105636597 -0.37250617146492004 0.689988911151886
vn -0.35528895258903503 -0.5890589356422424 0.7257956862449646
vn -0.8489696383476257 -0.47680240869522095 0.22783777117729187
vn -0.22146017849445343 -0.6518741250038147 0.7252693176269531
vn 0.7548667192459106 -0.6151747107505798 0.22745606303215027
vn -0.7966359257698059 -0.12668050825595856 0.591035783290863
vn 0.8356946706771851 0.5357667803764343 -0.12069988995790482
vn -0.8033828735351562 0.5839030146598816 0.11676143854856491
vn 0.7670794129371643 -0.025092121213674545 0.6410611867904663
vn 0.7610235810279846 0.46182799339294434 0.45558539032936096
vn 0.9352752566337585 -0.3306329548358917 -0.12626172602176666
vn 0.8331356644630432 -0.5266371369361877 0.1689324527978897
vn 0.33383429050445557 -0.612397313117981 0.7166060209274292
vn -0.7282988429069519 0.6746817231178284 -0.11993905156850815
vn 0.4864484369754791 -0.21085359156131744 0.8478848934173584
vn -0.6866100430488586 0.3489091396331787 0.6378315687179565
vn 0.40789633989334106 0.6582958698272705 0.6326665878295898
vn 0.811217725276947 0.3812289237976074 0.4433850646018982
vn -0.5266086459159851 0.42472124099731445 0.7364068627357483
vn 0.5911800265312195 0.6708183884620667 0.44778206944465637
vn 0.16577506065368652 0.6566683053970337 0.7357345819473267
vn -0.4293864369392395 -0.14740236103534698 -0.891010582447052
vn -0.15074481070041656 0.0771435871720314 -0.9855582118034363
vn 0.019892102107405663 -0.2971673905849457 -0.9546181559562683
vn 0.06281311064958572 -0.21957193315029144 -0.9735720753669739
vn 0.5501765608787537 -0.41653478145599365 -0.7237434387207031
vn 0.06498857587575912 0.12548907101154327 -0.9899641275405884
vn 0.3839505910873413 -0.25352948904037476 -0.8878653049468994
vn 0.5434167981147766 -0.09942800551652908 -0.8335539698600769
vn -0.9730296730995178 -0.13345126807689667 0.18815995752811432
vn -0.17384593188762665 0.6615540981292725 0.7294681668281555
vn -0.2008761614561081 -0.9777206182479858 -0.060919370502233505
vn 0.933234691619873 -0.35448697209358215 0.058412183076143265
vn 0.9798020720481873 -0.086550273001194 0.18026907742023468
vn 0.6234172582626343 -0.5439265370368958 0.5616893172264099
vn -0.7173811793327332 -0.6905736327171326 0.09204591065645218
vn 0.8614296913146973 -0.4152735471725464 0.29238104820251465
vn -0.6568115949630737 -0.7533454298973083 0.03269781917333603
vn 0.7942492365837097 -0.19416001439094543 0.5757343769073486
vn 0.06519360840320587 -0.8461706638336182 0.5289092659950256
vn 0.2744164764881134 -0.917346179485321 0.28839465975761414
vn -0.9952492117881775 -0.060649048537015915 0.0761621966958046
vn -0.4603267014026642 -0.32812055945396423 0.8248855471611023
vn -0.6070451140403748 -0.40378400683403015 0.6844375133514404
vn -0.5775997638702393 -0.10429874807596207 0.8096296787261963
vn -0.7838132381439209 0.5850663781166077 -0.20816835761070251
vn 0.7608556151390076 0.22030314803123474 0.6103812456130981
vn -0.6652242541313171 0.24296678602695465 0.7060055136680603
vn 0.4135655462741852 0.7172920107841492 0.5607635378837585
vn 0.8762593269348145 -0.4546743631362915 0.15950168669223785
vn 0.252900093793869 0.7689456939697266 0.5871661901473999
vn 0.8613961935043335 0.2553284168243408 -0.43909454345703125
vn -0.5694069862365723 0.289495050907135 0.7693947553634644
vn 0.8461742401123047 0.43663105368614197 0.3055201470851898
vn 0.5447145104408264 0.8380395770072937 -0.03123614378273487
vn -0.28548261523246765 0.5587676167488098 0.7786387801170349
vn -0.5577387809753418 -0.3067673146724701 -0.771246612071991
vn 0.4626515507698059 -0.4619266986846924 -0.7566884160041809
vn -0.4378775656223297 -0.011019930243492126 -0.8989670872688293
vn -0.6299448609352112 0.1675006002187729 -0.7583620548248291
vn -0.46566569805145264 0.13202591240406036 -0.8750568628311157
vn 0.793714702129364 -0.34724870324134827 -0.4994350075721741
vn -0.7376022338867188 0.21929095685482025 -0.6386349201202393
vn 0.6634249687194824 0.030192971229553223 -0.7476333379745483
vn 0.3346298635005951 0.22453732788562775 -0.915208101272583
vn -0.2610858976840973 0.36489757895469666 -0.8936911821365356
vn 0.2080913931131363 0.16163848340511322 -0.9646610617637634
vn 0.39776813983917236 0.2213912308216095 -0.8903743624687195
vn 0.2807583808898926 -0.44108274579048157 -0.8524205088615417
vn -0.07185528427362442 -0.9342383742332458 0.34933584928512573
vn 0.1729661226272583 0.19060398638248444 -0.9663088917732239
vn -0.23240827023983002 -0.8766330480575562 0.4213087260723114
vn -0.4355616569519043 -0.778938353061676 0.45115506649017334
vn -0.3589871823787689 -0.6897647976875305 0.6287707686424255
vn 0.655928909778595 0.1659887582063675 -0.7363457083702087
vn 0.538593590259552 0.6554410457611084 -0.5294468998908997
vn -0.7942489981651306 0.3152596056461334 0.5194033980369568
vn 0.8064489364624023 0.4300602376461029 0.40581801533699036
vn 0.34807488322257996 0.644784152507782 0.680512547492981
vn 0.9911919236183167 0.007725839503109455 0.1322081983089447
vn -0.41006234288215637 -0.9120491147041321 -0.003913834225386381
vn -0.34418007731437683 -0.8917080163955688 -0.2939334809780121
vn 0.443913996219635 -0.8910989761352539 -0.0942499190568924
vn -0.45236000418663025 -0.8902236819267273 0.053593944758176804
vn -0.4076904356479645 -0.4823950529098511 -0.7752957344055176
vn -0.6210229992866516 -0.6932617425918579 -0.3656754493713379
vn -0.2989977300167084 -0.8361693620681763 -0.45980560779571533
vn -0.7370026111602783 -0.481669545173645 -0.47415363788604736
vn 0.0740688145160675 -0.8161219954490662 -0.5731131434440613
vn 0.931174099445343 -0.23520426452159882 0.27855655550956726
vn -0.4266984760761261 -0.9023608565330505 0.060608502477407455
vn 0.5266667008399963 -0.7996991276741028 -0.2882769703865051
vn 0.861605167388916 0.449015349149704 -0.2366892546415329
vn 0.9327876567840576 0.0014563528820872307 0.3604232966899872
vn 0.7304753065109253 -0.6297493577003479 -0.2642379403114319
vn 0.4582799971103668 -0.032270416617393494 -0.8882218599319458
vn 0.5702584385871887 -0.0026070524472743273 -0.8214612007141113
vn 0.8456845283508301 0.23140040040016174 0.4809072017669678
vn -0.6719609498977661 0.19180873036384583 0.715316653251648
vn -0.6475070118904114 0.635900616645813 -0.41995835304260254
vn 0.403809130191803 0.13658678531646729 -0.9045895934104919
vn 0.5490256547927856 0.1696656495332718 -0.8184035420417786
vn 0.5952197909355164 0.3939754366874695 -0.7003546953201294
vn 0.7099804878234863 0.5861645936965942 0.39030593633651733
vn -0.5412396788597107 0.8380259871482849 -0.0690804123878479
vn -0.3476588726043701 0.8384906649589539 0.4196031391620636
vn -0.8821238875389099 0.4535229802131653 0.1271786242723465
vn 0.9826686978340149 0.1835498958826065 -0.025918465107679367
vn -0.5962721109390259 0.7309356331825256 0.331952840089798
vn 0.1523883044719696 0.9882689118385315 0.010112916119396687
vn -0.2992873191833496 0.69905686378479 0.6494200229644775
vn -0.43266552686691284 -0.15978161990642548 -0.8872826099395752
vn -0.1752711534500122 -0.33582955598831177 -0.9254720211029053
vn 0.7127709984779358 -0.5387849807739258 -0.44907477498054504
vn 0.28132325410842896 -0.3942566514015198 -0.874882161617279
vn 0.4332944452762604 -0.2698081433773041 -0.8599183559417725
vn -0.5207905173301697 -0.09622787684202194 -0.848243772983551
vn -0.7311501502990723 -0.11530978232622147 -0.6724010705947876
vn 0.9001467227935791 -0.2848014235496521 -0.329581618309021
vn -0.522262454032898 0.07854273915290833 -0.8491601943969727
vn -0.4813409745693207 0.5432498455047607 -0.6878883838653564
vn 0.23834940791130066 0.3006662428379059 -0.9234659075737
vn -0.2758382260799408 -0.8690202832221985 -0.41075170040130615
vn -0.8195273280143738 -0.5063234567642212 0.26834964752197266
vn 0.33834969997406006 0.35066261887550354 -0.8732439875602722
vn -0.7819387316703796 -0.37028005719184875 0.5014622807502747
vn 0.22600437700748444 0.7576417326927185 0.6122916340827942
vn -0.01346815750002861 0.9533406496047974 -0.30159613490104675
vn -0.6762753129005432 0.23722177743911743 0.6974077224731445
vn -0.033802811056375504 0.007852246053516865 0.9993976950645447
vn -0.5551818013191223 0.4158153533935547 0.720326840877533
vn 0.33062440156936646 0.37058308720588684 0.8679606318473816
vn -0.3804280757904053 -0.8988227844238281 -0.2176971733570099
vn 0.17195546627044678 -0.9399616718292236 -0.2947937846183777
vn 0.8969113826751709 -0.37393105030059814 0.23606251180171967
vn 0.945892870426178 -0.18619999289512634 0.2657371759414673
vn 0.839178740978241 -0.13314682245254517 0.5273053050041199
vn -0.9939915537834167 0.10876502096652985 -0.012285185046494007
vn -0.28349584341049194 0.8974950909614563 0.33783525228500366
vn 0.14027871191501617 0.8992990255355835 0.41422587633132935
vn 0.10423728078603745 -0.1889246106147766 -0.9764435887336731
vn -0.2883343994617462 -0.24510322511196136 -0.9256283044815063
vn -0.1657402217388153 -0.8234633803367615 -0.5426215529441833
vn 0.2885313928127289 -0.16386651992797852 -0.9433436989784241
vn -0.7093774080276489 0.5134943723678589 -0.48281192779541016
vn 0.3896394670009613 0.07717015594244003 -0.9177286624908447
vn 0.8127884268760681 0.02420162223279476 0.5820559859275818
vn -0.4521385431289673 -0.08645563572645187 0.8877478241920471
vn -0.997035026550293 -0.07326099276542664 0.023539002984762192
vn 0.7528516054153442 0.5877233743667603 0.29630351066589355
vn -0.555088996887207 0.7986659407615662 -0.2323983609676361
vn -0.3706122934818268 0.8535963296890259 0.3660871982574463
vn 0.44441935420036316 0.8825533986091614 0.15359370410442352
vn -0.9115819931030273 0.35968008637428284 0.19911950826644897
vn -0.5397471189498901 0.8405247330665588 -0.04680950939655304
vn -0.41604432463645935 -0.3884584307670593 -0.8221966028213501
vn 0.40107446908950806 0.04170214384794235 -0.9150957465171814
vn 0.6116927266120911 0.2601945698261261 -0.747081458568573
vn -0.407060444355011 -0.21767793595790863 -0.8870840072631836
vn 0.03467987850308418 -0.05971987545490265 -0.9976125359535217
vn -0.3331993520259857 0.11816536635160446 -0.935422420501709
vn 0.327742338180542 0.13217143714427948 -0.9354761838912964
vn 0.5582681894302368 0.2630156874656677 -0.7868667840957642
vn -0.1302301585674286 -0.058149244636297226 -0.989777147769928
vn 0.46982115507125854 -0.4972766041755676 -0.7293724417686462
vn -0.4813186526298523 -0.28047099709510803 -0.8304627537727356
vn 0.6601237058639526 0.22074922919273376 -0.7179878950119019
vn 0.7916017174720764 0.2774101793766022 -0.5444357991218567
vn -0.37684914469718933 -0.22023533284664154 -0.8997116684913635
vn 0.2441035360097885 0.031874384731054306 -0.9692252278327942
vn 0.014530593529343605 -0.2146882861852646 -0.9765744805335999
vn 0.37971553206443787 -0.3761778771877289 -0.8451663851737976
vn -0.539756178855896 0.26452624797821045 -0.7991803288459778
vn -0.11008401215076447 -0.17282718420028687 -0.9787810444831848
vn 0.09010132402181625 -0.17110995948314667 -0.9811233282089233
vn 0.25899598002433777 -0.30289211869239807 -0.9171572327613831
vn 0.6289677619934082 0.02807627245783806 -0.7769242525100708
vn -0.20393475890159607 -0.3327695429325104 -0.9206926822662354
vn 0.11790294945240021 -0.20395824313163757 -0.9718539118766785
vn -0.396557092666626 0.024990875273942947 -0.9176697731018066
vn 0.4186670780181885 -0.46881628036499023 -0.7777719497680664
vn -0.6471670269966125 -0.15669192373752594 -0.7460713982582092
vn -0.036320239305496216 -0.1637672781944275 -0.9858301877975464
vn -0.3162497580051422 -0.138468399643898 -0.9385161995887756
vn -0.9000508785247803 -0.1081545501947403 -0.42215049266815186
vn -0.7873539328575134 0.13847754895687103 -0.6007476449012756
vn 0.08099532127380371 0.1288221925497055 -0.9883544445037842
vn 0.5064136385917664 0.09352657198905945 -0.8572036027908325
vn -0.40005314350128174 0.10722877830266953 -0.9101974964141846
vn -0.4063509404659271 0.32901531457901 -0.8524247407913208
vn -0.3535993993282318 0.3184749484062195 -0.879511833190918
vn -0.5925251841545105 0.09341191500425339 -0.800117552280426
vn 0.6895754337310791 0.23660455644130707 -0.68447345495224
vn -0.0860242173075676 0.8691746592521667 -0.48696526885032654
vn -0.023761045187711716 0.5023376941680908 -0.8643450140953064
vn -0.7882974147796631 -0.3274155855178833 0.5209473967552185
vn 0.5666133761405945 0.4167642593383789 -0.7108142971992493
vn -0.9078680276870728 -0.2649763524532318 0.3249049186706543
vn 0.8941637277603149 -0.25187766551971436 0.3701741099357605
vn -0.9764944911003113 -0.11558904498815536 0.18192780017852783
vn 0.9298620820045471 0.2650468051433563 0.2551599442958832
vn 0.0961504727602005 0.9221290946006775 0.3747439682483673
vn 0.5670685768127441 0.7145559191703796 0.4096866548061371
vn -0.0690518245100975 -0.28465232253074646 -0.9561406970024109
vn 0.4448258876800537 -0.43800684809684753 -0.7812041640281677
vn -0.19982153177261353 -0.2688361406326294 -0.9422305822372437
vn 0.338506817817688 -0.34579285979270935 -0.8751230239868164
vn -0.46237248182296753 -0.2675752341747284 -0.845349133014679
vn -0.19240425527095795 -0.32070988416671753 -0.927429735660553
vn 0.25600165128707886 -0.13699021935462952 -0.9569205641746521
vn -0.46176913380622864 -0.2552492320537567 -0.8494804501533508
vn 0.21249540150165558 -0.09314581006765366 -0.9727124571800232
vn -0.3037787079811096 -0.16676387190818787 -0.9380342364311218
vn -0.05336036533117294 -0.06437696516513824 -0.9964980483055115
vn -0.15718741714954376 0.038915254175662994 -0.98680180311203
vn 0.1261867731809616 -0.013289427384734154 -0.9919174313545227
vn -0.01114426739513874 0.4035016894340515 -0.9149110317230225
vn 0.2756708264350891 0.5554734468460083 -0.7845092415809631
vn 0.1241636872291565 0.2778134346008301 -0.9525770545005798
vn -0.21518000960350037 -0.10081984847784042 -0.9713562726974487
vn 0.06989769637584686 0.23507060110569 -0.9694617986679077
vn 0.009103311225771904 -0.44930320978164673 -0.8933328986167908
vn -0.20785652101039886 -0.3736148476600647 -0.9039953351020813
vn 0.26473817229270935 -0.6043241024017334 -0.7514693737030029
vn 0.3940163850784302 -0.8672009706497192 -0.3044889271259308
vn -0.08046942949295044 -0.7187567353248596 -0.690589189529419
vn -0.03225381299853325 -0.03262706473469734 -0.9989470839500427
vn -0.13951371610164642 -0.2983247637748718 -0.9442129731178284
vn 0.3588588237762451 -0.6314656734466553 -0.6873655319213867
vn 0.5913934707641602 -0.804508626461029 -0.05495186522603035
vn 0.7264471650123596 -0.6855891942977905 0.0473487451672554
vn 0.28865113854408264 0.4721015989780426 -0.8329468965530396
vn -0.39995884895324707 0.11170213669538498 -0.9097008109092712
vn -0.42936253547668457 -0.3755391836166382 -0.8213514089584351
vn -0.3905427157878876 0.4123160243034363 -0.8230868577957153
vn 0.2048806995153427 -0.13671346008777618 -0.9691920876502991
vn 0.22629711031913757 0.1272657811641693 -0.9657085537910461
vn -0.46097880601882935 0.6135669350624084 -0.6411194801330566
vn -0.10872672498226166 0.13351835310459137 -0.9850642085075378
vn -0.06356514990329742 -0.183144673705101 -0.9810287952423096
vn -0.6201348304748535 -0.7077524662017822 -0.3384069502353668
vn 0.07352659851312637 -0.3569994866847992 -0.9312063455581665
vn 0.11616573482751846 -0.6311475038528442 -0.7669147849082947
vn 0.22813953459262848 -0.48977458477020264 -0.8414708375930786
vn -0.05514441430568695 -0.08192331343889236 -0.995111882686615
vn -0.49727484583854675 0.574275016784668 -0.6503276228904724
vn 0.35987037420272827 0.18742874264717102 -0.9139824509620667
vn -0.901585042476654 -0.23646791279315948 -0.3622531592845917
vn 0.3117130994796753 -0.34137600660324097 -0.886734127998352
vn -0.12419795244932175 -0.08090485632419586 -0.9889535903930664
vn -0.8837198615074158 -0.29710114002227783 0.36162135004997253
vn -0.6155650615692139 0.5625759363174438 -0.5518949031829834
vn 0.3178328573703766 0.005215581506490707 -0.9481324553489685
vn 0.6137096285820007 0.5581602454185486 -0.5584063529968262
vn 0.49994224309921265 0.41352078318595886 -0.7609587907791138
vn -0.9964984655380249 -0.06789728254079819 -0.048793260008096695
vn -0.668917179107666 0.650969386100769 -0.3588714599609375
vn 0.5260939598083496 0.456093966960907 -0.7177767157554626
vn -0.4607037305831909 0.841438889503479 -0.2823697030544281
vn -0.42244037985801697 -0.6107921004295349 -0.6696843504905701
vn 0.06376798450946808 -0.6035812497138977 -0.7947472929954529
vn -0.008209243416786194 -0.35156258940696716 -0.9361283779144287
vn 0.14279533922672272 -0.3377698063850403 -0.9303338527679443
vn -0.6534853577613831 -0.5551552176475525 -0.5145480036735535
vn 0.24014580249786377 -0.6051530838012695 -0.7590255737304688
vn 0.4176197648048401 -0.7629835605621338 -0.4934062957763672
vn -0.40217262506484985 0.26583659648895264 -0.8761209845542908
vn 0.496267169713974 -0.8291745185852051 -0.25727131962776184
vn 0.7428755164146423 0.5055319666862488 -0.4388318657875061
vn -0.5219605565071106 0.5923924446105957 -0.6137006282806396
vn -0.23398081958293915 -0.02177409641444683 -0.9719973802566528
vn 0.3788585066795349 -0.6011231541633606 -0.7036455869674683
vn 0.4756568968296051 -0.688326358795166 -0.5476837158203125
vn 0.8430265188217163 0.03187206760048866 -0.536926805973053
vn -0.20336158573627472 -0.23382356762886047 -0.9507736563682556
vn 0.30785664916038513 -0.24503403902053833 -0.9193381667137146
vn 0.9195657968521118 0.09709309041500092 -0.3807515799999237
vn -0.3843105137348175 0.44257381558418274 -0.8102060556411743
vn 0.8353455662727356 0.029319655150175095 -0.5489426851272583
vn 0.40084928274154663 0.24258403480052948 -0.8834437131881714
vn -0.8432095050811768 -0.056126244366168976 -0.5346472263336182
vn 0.6915009021759033 0.6755408048629761 -0.25587335228919983
vn 0.665952742099762 0.5799584984779358 -0.46920686960220337
vn 0.11650997400283813 0.7811433672904968 -0.613384485244751
vn -0.5724455118179321 -0.3640073239803314 0.734714150428772
vn -0.217340886592865 -0.4591217041015625 0.861376941204071
vn -0.1732311248779297 -0.8591930866241455 0.48143360018730164
vn -0.8184881806373596 -0.17524833977222443 0.5471426844596863
vn 0.6489478349685669 -0.061451077461242676 0.7583472728729248
vn 0.6384491920471191 0.08093603700399399 0.7653965950012207
vn -0.990589439868927 0.13655950129032135 0.009168281219899654
vn 0.7606233954429626 0.45907163619995117 0.45902642607688904
vn -0.5329745411872864 0.8453072905540466 -0.037331897765398026
vn -0.5988532900810242 -0.25726452469825745 -0.7584125995635986
vn -0.4814837574958801 -0.45984962582588196 -0.7461312413215637
vn 0.5138477087020874 -0.57927405834198 -0.6327733397483826
vn -0.13143551349639893 -0.4929432272911072 -0.8600765466690063
vn -0.49969545006752014 -0.3752954304218292 -0.780677855014801
vn 0.4379272758960724 -0.4277980625629425 -0.7907012701034546
vn -0.31592509150505066 -0.3760555386543274 -0.8710761070251465
vn -0.45132896304130554 -0.17548738420009613 -0.8749321699142456
vn -0.5103891491889954 -0.3051885962486267 -0.8039669394493103
vn 0.06456480175256729 -0.40913233160972595 -0.9101879000663757
vn 0.5122520923614502 -0.5963295102119446 -0.6180524826049805
vn 0.020861919969320297 -0.37494298815727234 -0.9268130660057068
vn 0.4292757511138916 -0.3250366151332855 -0.8426585793495178
vn -0.37867313623428345 -0.479081928730011 -0.7918882966041565
vn 0.2411997765302658 0.07079895585775375 -0.9678895473480225
vn -0.05063386261463165 0.8041700124740601 -0.5922389030456543
vn -0.10668465495109558 0.671351969242096 -0.7334200739860535
vn 0.09285036474466324 -0.17949354648590088 -0.9793676137924194
vn 0.15156413614749908 0.7849876880645752 -0.6006850600242615
vn -0.279442697763443 0.3344717025756836 -0.9000225067138672
vn -0.42966392636299133 -0.7678617835044861 -0.4751601219177246
vn 0.1985420286655426 0.8480905294418335 -0.4912468492984772
vn 0.012215135619044304 0.6096922755241394 -0.7925440073013306
vn 0.2774503529071808 -0.5963281989097595 -0.7532689571380615
vn -0.2139965295791626 -0.5806924104690552 -0.7854946851730347
vn 0.2791373133659363 -0.8250125646591187 -0.49136191606521606
vn -0.47611090540885925 -0.6618534326553345 -0.5790236592292786
vn -0.24600756168365479 -0.4031234085559845 -0.8814600706100464
vn -0.30672982335090637 -0.016104502603411674 -0.9516602754592896
vn -0.5658352971076965 -0.6127215623855591 -0.5517269372940063
vn 0.21318784356117249 0.6245684623718262 -0.7513089776039124
vn 0.09887883812189102 -0.5293083190917969 -0.8426479697227478
vn 0.5785251259803772 0.3685675859451294 -0.7276445031166077
vn -0.3104848265647888 -0.8405226469039917 -0.44398292899131775
vn 0.11457313597202301 -0.6358171701431274 -0.7632886171340942
vn -0.3754793107509613 -0.5349743962287903 -0.7568471431732178
vn -0.7125176191329956 -0.6982421875 -0.06911204755306244
vn -0.2759005129337311 -0.21623025834560394 -0.93654865026474
vn 0.7217307090759277 0.512829065322876 -0.46487754583358765
vn -0.5315395593643188 0.6513426899909973 -0.5414964556694031
vn -0.9441055655479431 -0.3109803795814514 -0.10934257507324219
vn 0.9375030398368835 -0.19918568432331085 0.2853298783302307
vn -0.6898511052131653 0.6156693696975708 -0.3808629512786865
vn 0.9033220410346985 0.2471778243780136 0.35058867931365967
vn 0.10286352783441544 0.9402078986167908 0.3246971368789673
vn 0.6577942371368408 0.5992406606674194 -0.45630842447280884
vn 0.6049533486366272 0.6061583757400513 -0.5163366198539734
vn -0.870865523815155 0.489908903837204 -0.03977933153510094
vn 0.5457725524902344 0.8177054524421692 -0.1830032765865326
vn 0.16660185158252716 0.9852408766746521 0.03929581865668297
vn -0.16821995377540588 -0.6963697075843811 -0.6976898908615112
vn 0.15058372914791107 -0.6928473711013794 -0.7051857709884644
vn 0.4662056267261505 -0.537341833114624 -0.7027915716171265
vn 0.7633755207061768 0.02222597785294056 -0.6455724835395813
vn -0.5071570873260498 -0.1728866547346115 -0.84433513879776
vn -0.5508548021316528 -0.12665323913097382 -0.8249351382255554
vn 0.034026093780994415 -0.7089841961860657 -0.7044030427932739
vn 0.24366086721420288 -0.8285749554634094 -0.5040763020515442
vn -0.10891959071159363 -0.3799073100090027 -0.9185896515846252
vn 0.5499086380004883 -0.768481433391571 -0.32716459035873413
vn -0.5367377996444702 0.6496405005455017 -0.5384047627449036
vn -0.6806880831718445 -0.565197765827179 -0.4660634994506836
vn -0.43938520550727844 0.4446960687637329 -0.7805036306381226
vn -0.5822585225105286 0.6545244455337524 -0.48225805163383484
vn 0.5659627318382263 -0.7169721126556396 -0.4069855213165283
vn 0.2257668823003769 -0.5674837231636047 -0.7918279767036438
vn -0.032419271767139435 -0.7848820686340332 -0.6187964081764221
vn -0.8981866240501404 0.27733972668647766 -0.3410916328430176
vn -0.35809335112571716 -0.48265570402145386 -0.7992575764656067
vn -0.8993628621101379 0.20843057334423065 -0.3843216598033905
vn 0.9286388754844666 -0.040114182978868484 -0.3688097894191742
vn -0.7458741664886475 0.1527266502380371 -0.6483412384986877
vn -0.8631888031959534 -0.03233989328145981 -0.5038443803787231
vn 0.8773569464683533 -0.3960935175418854 -0.27084076404571533
vn 0.8935648202896118 -0.42084160447120667 -0.15631479024887085
vn 0.9348902106285095 -0.23684315383434296 -0.2643590271472931
vn -0.6696826815605164 0.3413824439048767 -0.6595324873924255
vn -0.634859561920166 0.558818519115448 -0.5335496068000793
vn 0.7333704233169556 0.23756791651248932 -0.6369687914848328
vn 0.45596784353256226 0.7219167947769165 -0.520508885383606
vn -0.20541788637638092 -0.47415685653686523 0.8561418056488037
vn -0.7709395885467529 -0.23722897469997406 0.5910792350769043
vn 0.24717649817466736 -0.01760173588991165 0.9688106179237366
vn -0.8584083914756775 -0.24069614708423615 0.4529905617237091
vn -0.9661538600921631 -0.004316149279475212 0.25793036818504333
vn -0.5992469787597656 0.7917853593826294 -0.11823294311761856
vn -0.7210472226142883 -0.45953673124313354 -0.5185719728469849
vn 0.6047627925872803 -0.6543036699295044 -0.45403584837913513
vn -0.5381749868392944 0.32182183861732483 -0.7789726853370667
vn -0.39219802618026733 0.3549164831638336 -0.8486548662185669
vn -0.6965819001197815 -0.6997307538986206 -0.1585891991853714
vn -0.37331485748291016 0.20988211035728455 -0.903651237487793
vn 0.09720633178949356 -0.5413252711296082 -0.8351753950119019
vn -0.3733940124511719 -0.37479525804519653 -0.8485903143882751
vn 0.32496893405914307 -0.31598129868507385 -0.8913758993148804
vn -0.6643641591072083 -0.5350526571273804 -0.5218609571456909
vn 0.4106336832046509 -0.5241875648498535 -0.7460612654685974
vn 0.2673274278640747 -0.5381695032119751 -0.7993181943893433
vn -0.18637429177761078 0.9582295417785645 -0.21693485975265503
vn -0.2892006039619446 0.8924761414527893 -0.34619274735450745
vn -0.44939061999320984 0.7232975363731384 -0.5242983102798462
vn 0.2769354581832886 -0.636399507522583 -0.7199323177337646
vn 0.35594838857650757 0.5519696474075317 -0.7540757060050964
vn 0.03427586331963539 0.9813345670700073 -0.18922914564609528
vn 0.5001742243766785 0.612192690372467 -0.6124099493026733
vn -0.6111575961112976 0.41813337802886963 -0.6720497012138367
vn 0.7674856185913086 -0.6184258460998535 0.1688646376132965
vn -0.6997985243797302 0.5358551740646362 -0.47237834334373474
vn -0.16295810043811798 -0.7658771872520447 -0.6219943165779114
vn 0.05653034523129463 -0.7374858856201172 -0.672992467880249
vn -0.5908308625221252 0.6539560556411743 -0.47250431776046753
vn -0.5086193680763245 -0.8601128458976746 -0.038888104259967804
vn 0.7269145846366882 0.5593281388282776 -0.3984309732913971
vn -0.6194337606430054 0.7794783115386963 -0.09335591644048691
vn 0.9097697734832764 -0.32681694626808167 0.25594860315322876
vn -0.901810348033905 -0.3947390913963318 0.17583830654621124
vn 0.9376528263092041 -0.11906576156616211 0.3265431523323059
vn -0.5743895173072815 0.6656491756439209 -0.4764325022697449
vn 0.588992714881897 0.47573626041412354 -0.6532706618309021
vn -0.6080582141876221 0.7236688137054443 -0.32644838094711304
vn 0.660142183303833 0.5701553225517273 -0.48901453614234924
vn -0.2155389040708542 0.9764602780342102 -0.008268413133919239
vn -0.9219876527786255 0.3781370520591736 0.08337386697530746
vn -0.18427129089832306 0.9204437732696533 0.34471338987350464
vn 0.3811907470226288 -0.712796688079834 -0.5887396931648254
vn -0.39982229471206665 -0.8999653458595276 -0.17379432916641235
vn -0.5160765647888184 -0.8562389016151428 -0.022802572697401047
vn -0.5308288931846619 -0.7803646922111511 -0.3305321931838989
vn 0.9560835361480713 -0.03150974214076996 -0.2913956046104431
vn 0.8950966000556946 0.2774398624897003 -0.3490404784679413
vn 0.37371423840522766 -0.8991408348083496 -0.2277793139219284
vn 0.7014957666397095 0.4764244556427002 -0.5300222039222717
vn 0.5504051446914673 -0.8331971168518066 -0.05326078459620476
vn -0.7106332778930664 -0.46244385838508606 -0.5302320122718811
vn 0.4833010137081146 -0.8731927275657654 -0.06288561969995499
vn 0.4926426410675049 -0.8523077368736267 -0.17571230232715607
vn -0.6041960716247559 -0.5389454960823059 -0.5869283676147461
vn -0.784835934638977 0.38693082332611084 -0.48406314849853516
vn 0.8019546866416931 -0.2706983983516693 -0.5325326919555664
vn 0.9123039841651917 -0.3346988260746002 -0.2359624058008194
vn -0.8618445992469788 0.29041069746017456 -0.41579487919807434
vn 0.8652545213699341 0.15009412169456482 -0.4783371686935425
vn -0.5221607089042664 0.38445377349853516 -0.7612775564193726
vn -0.3573709726333618 0.773506760597229 -0.5234245657920837
vn -0.17252421379089355 0.7940730452537537 -0.582823634147644
vn 0.6250075697898865 0.4539087116718292 -0.6350845694541931
vn -0.19432030618190765 0.7682358026504517 -0.6099616885185242
vn -0.6603376269340515 -0.568628191947937 -0.49052634835243225
vn 0.45394232869148254 -0.06076774746179581 0.8889565467834473
vn -0.7047605514526367 -0.45562273263931274 -0.5438019037246704
vn -0.4634041488170624 -0.8327661156654358 -0.3029145300388336
vn 0.7029773592948914 -0.596431314945221 -0.3874175548553467
vn 0.21646003425121307 -0.7842401266098022 -0.5814743638038635
vn -0.19107003509998322 -0.7150650024414062 -0.6724389791488647
vn 0.4421660900115967 -0.6951090097427368 -0.5668445229530334
vn 0.175638347864151 -0.5831002593040466 -0.7931867241859436
vn 0.026566920801997185 -0.7211523652076721 -0.6922669410705566
vn -0.12303189188241959 -0.5828865170478821 -0.8031851649284363
vn 0.04603163152933121 0.9713677763938904 -0.23307864367961884
vn 0.24786128103733063 0.9671708941459656 0.05608261004090309
vn 0.11851014196872711 0.9735472798347473 -0.19534863531589508
vn -0.5427708029747009 -0.7166846990585327 -0.43790748715400696
vn -0.08243987709283829 -0.6406760811805725 -0.7633726596832275
vn 0.6142989993095398 0.5650616884231567 -0.5507649779319763
vn -0.6823233366012573 0.6914722323417664 -0.23727843165397644
vn -0.704936146736145 -0.6646212339401245 0.24767671525478363
vn -0.9746994376182556 0.09085071086883545 -0.20422349870204926
vn -0.9665861129760742 -0.039713259786367416 0.25324732065200806
vn 0.9317799210548401 0.04891735315322876 0.35971274971961975
vn -0.9631760716438293 0.1068429946899414 0.2467312216758728
vn 0.521683394908905 0.7247107625007629 -0.45015645027160645
vn -0.933343231678009 0.13351458311080933 0.3332330286502838
vn -0.2879508435726166 0.954979658126831 0.07140165567398071
vn -0.7820490002632141 0.4180530607700348 0.4622023105621338
vn -0.6348754167556763 0.6790608167648315 0.36852356791496277
vn -0.6012729406356812 -0.7982829809188843 0.034860093146562576
vn -0.7642624974250793 -0.6166139841079712 -0.18891768157482147
vn -0.23559270799160004 -0.923262894153595 -0.3034497797489166
vn -0.1460973173379898 -0.8822906613349915 -0.4474582374095917
vn -0.664996325969696 -0.6643052101135254 -0.3412894606590271
vn 0.6739917993545532 0.6189818978309631 -0.4032324552536011
vn 0.9029030203819275 0.17356346547603607 -0.39324530959129333
vn 0.9435707330703735 -0.2506104111671448 -0.21649165451526642
vn -0.932765543460846 -0.10943855345249176 -0.34346985816955566
vn 0.963274359703064 -0.1774248629808426 -0.20155127346515656
vn -0.8136932253837585 0.2959232032299042 -0.5003326535224915
vn 0.09033356606960297 0.8980770111083984 -0.4304620623588562
vn 0.5223344564437866 0.7711939811706543 -0.3639046251773834
vn -0.6090791821479797 0.5775688290596008 -0.5435410141944885
vn -0.709357738494873 0.6641608476638794 -0.23601274192333221
vn 0.467195600271225 0.748697817325592 -0.470297634601593
vn 0.11695664376020432 0.8393810987472534 -0.5308111906051636
vn 0.3221442997455597 0.5632414221763611 -0.760908842086792
vn -0.578813910484314 0.6748107671737671 -0.45782625675201416
vn 0.30230653285980225 0.6653532981872559 -0.6825802326202393
vn -0.073030985891819 0.6987538933753967 -0.7116246223449707
vn 0.5795373916625977 -0.7451916933059692 -0.3298875391483307
vn -0.2104126662015915 -0.9084692597389221 0.3611234426498413
vn 0.16110606491565704 -0.9798895716667175 -0.11773375421762466
vn -0.09800943732261658 -0.9605715870857239 -0.2601853907108307
vn -0.7412770986557007 -0.6208073496818542 -0.2551599144935608
vn -0.7370917201042175 -0.5218315720558167 -0.429403692483902
vn -0.6935251951217651 -0.5213227868080139 -0.4972376525402069
vn 0.3362666368484497 -0.6584999561309814 -0.6732774376869202
vn 0.04222143441438675 -0.607374906539917 -0.7932925820350647
vn 0.32637420296669006 -0.8140599131584167 -0.48040229082107544
vn -0.5868497490882874 -0.6068043112754822 -0.5360931754112244
vn 0.5014604330062866 -0.7690341472625732 -0.39638862013816833
vn 0.3604963421821594 0.9044326543807983 0.22813144326210022
vn 0.03921966627240181 0.962340772151947 0.2690020203590393
vn 0.6137657165527344 -0.7739331126213074 -0.15594600141048431
vn -0.005242631770670414 -0.5022726655006409 -0.8646934032440186
vn -0.44298166036605835 -0.666334867477417 -0.5998042225837708
vn -0.4368310868740082 -0.7889190316200256 -0.4321867823600769
vn -0.10972443968057632 -0.6055789589881897 -0.788184404373169
vn -0.6797124743461609 0.7308062314987183 -0.06255552917718887
vn -0.18152382969856262 -0.5777546167373657 -0.7957692742347717
vn -0.6009436845779419 0.7989256381988525 0.024179216474294662
vn -0.6983416676521301 0.6889309883117676 -0.19414661824703217
vn 0.742379367351532 0.5055588483810425 -0.4396398067474365
vn -0.4170616865158081 0.9087902903556824 -0.012642225250601768
vn 0.4727620780467987 0.7633241415023804 0.4402639865875244
vn 0.5804556012153625 0.7404223680496216 -0.338889479637146
vn 0.637351393699646 0.697657585144043 -0.32719579339027405
vn 0.39409029483795166 0.9164655208587646 0.06916511058807373
vn 0.32469016313552856 -0.936477780342102 0.13261070847511292
vn -0.773620069026947 -0.605510413646698 -0.18673288822174072
vn -0.9815906286239624 -0.038248155266046524 -0.1871281862258911
vn 0.3988765478134155 -0.9154199957847595 -0.05388685315847397
vn -0.8498253226280212 -0.1478709727525711 -0.505896270275116
vn -0.6897233128547668 -0.6533496975898743 -0.3121151328086853
vn -0.6593838334083557 0.608166515827179 -0.4419802725315094
vn -0.7766952514648438 -0.5689202547073364 -0.2703222334384918
vn 0.6984397768974304 0.5602079629898071 -0.4453636705875397
vn -0.5875000953674316 0.6783381700515747 -0.44124937057495117
vn -0.7200541496276855 0.5556615591049194 -0.4156467914581299
vn 0.9471883773803711 -0.1811789721250534 -0.2645908296108246
vn -0.9619095921516418 -0.0968470424413681 -0.2556374967098236
vn 0.9218978881835938 -0.35589802265167236 -0.1531040221452713
vn -0.08423695713281631 0.6259357333183289 -0.7753118872642517
vn 0.19339129328727722 0.43403542041778564 -0.8798938393592834
vn -0.40523168444633484 0.7204201221466064 -0.5628340244293213
vn 0.47964468598365784 0.45182254910469055 -0.7521950006484985
vn 0.18960219621658325 0.5891115665435791 -0.7854925394058228
vn -0.4398511052131653 -0.713995635509491 -0.5447395443916321
vn 0.047658342868089676 -0.943479061126709 -0.32798779010772705
vn -0.08900619298219681 -0.8675716519355774 0.48928242921829224
vn 0.6717805862426758 -0.5727208852767944 -0.46978896856307983
vn 0.07651452720165253 -0.6667531132698059 -0.7413405179977417
vn -0.4932934641838074 -0.6147037744522095 -0.6154679656028748
vn 0.11340901255607605 -0.6310829520225525 -0.7673803567886353
vn -0.5976113677024841 -0.5221131443977356 -0.6084886789321899
vn 0.26562434434890747 -0.7336219549179077 -0.6254938244819641
vn 0.5871970057487488 -0.7929303646087646 -0.16266891360282898
vn 0.7622517943382263 -0.6444341540336609 -0.06063727289438248
vn 0.04836220294237137 -0.4560081660747528 -0.8886606097221375
vn -0.2009831666946411 -0.6172444820404053 -0.7606674432754517
vn -0.5043973326683044 -0.5906537175178528 -0.6298503279685974
vn -0.47334352135658264 0.8784126043319702 0.06585758924484253
vn 0.8223477602005005 0.5063406229019165 -0.2595444619655609
vn 0.8867049813270569 -0.3912731111049652 0.2462916523218155
vn -0.7669594883918762 -0.6266021728515625 -0.13835783302783966
vn -0.8005421161651611 -0.5875343680381775 0.11804956942796707
vn -0.6845158934593201 -0.6777944564819336 0.2683888077735901
vn 0.7909773588180542 0.5846570730209351 -0.1803636997938156
vn 0.7675764560699463 0.6288143992424011 -0.1241724044084549
vn 0.800058901309967 0.5810269117355347 -0.14937721192836761
vn -0.9746994376182556 0.09085071086883545 -0.20422349870204926
vn -0.620495617389679 0.7835735082626343 -0.031584128737449646
vn 0.7843822240829468 0.553493082523346 -0.2799820899963379
vn -0.6667951345443726 0.7447783946990967 -0.026254616677761078
vn 0.8414357900619507 0.5181864500045776 -0.15319478511810303
vn -0.0567491352558136 0.9568729400634766 0.2849098742008209
vn 0.29434412717819214 0.9528143405914307 0.07420536875724792
vn 0.16559162735939026 0.9578366875648499 0.234794020652771
vn -0.35431039333343506 -0.9328689575195312 0.06495851278305054
vn -0.7862818837165833 -0.5887251496315002 0.18751931190490723
vn -0.047969721257686615 -0.9959757328033447 0.07570502907037735
vn -0.6790146231651306 -0.7317090630531311 0.05950528755784035
vn -0.809069037437439 -0.5876865386962891 -0.005639835260808468
vn 0.43731236457824707 -0.8459529280662537 0.305158406496048
vn 0.485166996717453 -0.8729849457740784 0.050102125853300095
vn 0.6939123272895813 0.44838160276412964 -0.5634177923202515
vn -0.5657493472099304 0.6987482309341431 -0.4378110468387604
vn 0.34156277775764465 -0.8968787789344788 -0.28096839785575867
vn 0.055386241525411606 -0.9510926008224487 -0.3039001226425171
vn -0.9436100125312805 -0.027716949582099915 -0.32989707589149475
vn -0.9558845162391663 -0.004922430031001568 -0.29370155930519104
vn 0.937320351600647 -0.20868676900863647 -0.2790706157684326
vn 0.8776175379753113 -0.01163978036493063 -0.47922012209892273
vn 0.1268913894891739 0.7823523879051208 -0.6097730994224548
vn 0.4930635392665863 0.7307920455932617 -0.47205016016960144
vn -0.4798221290111542 0.5981531739234924 -0.6418594717979431
vn -0.4776374101638794 0.3496941030025482 -0.8059630990028381
vn 0.518811047077179 0.5005667805671692 -0.6930137276649475
vn -0.16791070997714996 0.36738258600234985 -0.9147874712944031
vn -0.07797466963529587 0.41785717010498047 -0.9051604270935059
vn -0.32515716552734375 -0.19458918273448944 -0.9254230856895447
vn -0.4709166884422302 -0.7148613929748535 -0.5169242024421692
vn 0.45408520102500916 -0.37944576144218445 -0.8061187863349915
vn 0.0025248993188142776 -0.45357149839401245 -0.8912163376808167
vn -0.8049243688583374 -0.3022659122943878 -0.5106194019317627
vn -0.2788808345794678 -0.4877242147922516 -0.8272548317909241
vn 0.5557571053504944 -0.6118519902229309 -0.5628241896629333
vn -0.043993640691041946 -0.9667443037033081 -0.251932829618454
vn 0.4466343820095062 -0.7659016847610474 -0.46250659227371216
vn 0.48631420731544495 -0.654520571231842 -0.5788793563842773
vn 0.1166064441204071 -0.6975647211074829 -0.7069697976112366
vn 0.21155111491680145 -0.7098086476325989 -0.6718763113021851
vn 0.08776457607746124 -0.6569606065750122 -0.7487991452217102
vn 0.5156341791152954 -0.6914927959442139 -0.5059239268302917
vn 0.6596532464027405 -0.7066853642463684 -0.2558385729789734
vn -0.14977186918258667 -0.31236737966537476 -0.9380804300308228
vn -0.49276766180992126 -0.4408143162727356 -0.7502418160438538
vn -0.4531990885734558 -0.6094432473182678 -0.650530219078064
vn -0.14460346102714539 -0.4059055745601654 -0.9024025797843933
vn -0.0033691502176225185 0.9940176606178284 0.10916778445243835
vn -0.7327205538749695 -0.6131263971328735 -0.2952907383441925
vn 0.8601203560829163 0.5074051022529602 -0.052278224378824234
vn 0.920245885848999 -0.23247060179710388 0.3148092031478882
vn -0.5984315872192383 0.7914062142372131 0.1247226893901825
vn -0.8283798098564148 -0.44379696249961853 0.3418058454990387
vn 0.8722573518753052 0.48878395557403564 -0.016043415293097496
vn -0.8873351216316223 -0.09944245219230652 0.45027509331703186
vn -0.9317877888679504 -0.14041900634765625 0.33474478125572205
vn 0.7200435400009155 0.6395502090454102 -0.2692820429801941
vn 0.7021223902702332 0.4083409309387207 0.5833367705345154
vn 0.6301959156990051 0.4165661931037903 0.6552295088768005
vn -0.17195484042167664 0.9238918423652649 0.34184128046035767
vn 0.5710988640785217 0.8208748698234558 -0.0032539586536586285
vn 0.03059961088001728 0.9562414884567261 0.29097414016723633
vn 0.8486886620521545 -0.3868466317653656 -0.3606623113155365
vn -0.5523558259010315 -0.8258141875267029 0.11372727155685425
vn -0.24700893461704254 -0.9689792990684509 0.008103281259536743
vn -0.18455129861831665 -0.9574504494667053 0.22187736630439758
vn 0.058496180921792984 -0.9696382880210876 0.23744414746761322
vn -0.9925857782363892 0.09769546985626221 -0.0723123550415039
vn 0.8902643918991089 0.17359156906604767 -0.4210643172264099
vn 0.44086113572120667 -0.8731955885887146 0.20777639746665955
vn -0.5392178297042847 -0.8421648740768433 0.0015526722418144345
vn -0.44761139154434204 -0.8725037574768066 -0.1959109604358673
vn 0.23921144008636475 -0.9643958806991577 0.11277687549591064
vn -0.8499202132225037 0.3346806466579437 -0.40696975588798523
vn 0.9164764285087585 -0.38576316833496094 -0.10610243678092957
vn -0.9639514684677124 -0.06052886322140694 -0.2591016888618469
vn 0.9062344431877136 -0.2875974476337433 -0.30988189578056335
vn -0.8918641209602356 0.09415721893310547 -0.4423943758010864
vn -0.40579962730407715 0.7195864915847778 -0.5634908080101013
vn 0.6310301423072815 0.33159124851226807 -0.7013188600540161
vn -0.7515521049499512 0.4951850175857544 -0.4358454942703247
vn -0.4647771418094635 0.43187281489372253 -0.7729606032371521
vn -0.591296374797821 0.3251713812351227 -0.7379920482635498
vn 0.7227025032043457 -0.009115520864725113 -0.6910991072654724
vn -0.38777273893356323 0.31791070103645325 -0.8651965856552124
vn 0.45993173122406006 0.32517051696777344 -0.8262729048728943
vn 0.033351048827171326 0.44650596380233765 -0.8941588401794434
vn 0.25560706853866577 0.36133116483688354 -0.8967189192771912
vn 0.41267386078834534 0.3933875262737274 -0.8215513229370117
vn 0.6249722838401794 0.25846925377845764 -0.7366161942481995
vn -0.27412691712379456 0.19812029600143433 -0.9410646557807922
vn -0.2702241539955139 0.4896061420440674 -0.8290143013000488
vn 0.18065118789672852 0.3801731467247009 -0.9071017503738403
vn 0.09513817727565765 0.17580249905586243 -0.9798175096511841
vn -0.4227781593799591 -0.06501664966344833 -0.9038980007171631
vn -0.02125142700970173 -0.10825115442276001 -0.9938964247703552
vn 0.2575199604034424 -0.14723990857601166 -0.9549890160560608
vn 0.21712489426136017 -0.41351720690727234 -0.8842286467552185
vn -0.4308278262615204 -0.4038292169570923 -0.8070374727249146
vn 0.2865847647190094 -0.34579184651374817 -0.8934747576713562
vn -0.6858947277069092 -0.08602239191532135 -0.7225984930992126
vn -0.43521714210510254 -0.4392491281032562 -0.7859046459197998
vn 0.3276824653148651 -0.6069671511650085 -0.7240270376205444
vn 0.20761944353580475 -0.5844440460205078 -0.7844229340553284
vn -0.12325429916381836 -0.3929891288280487 -0.9112451672554016
vn -0.38270875811576843 -0.4674965441226959 -0.7968569397926331
vn -0.1863531619310379 -0.41274383664131165 -0.8915801048278809
vn -0.5585208535194397 -0.45211195945739746 -0.6954489350318909
vn 0.7322700023651123 0.6739907264709473 -0.09755641967058182
vn 0.7242015600204468 -0.6843264698982239 0.08502562344074249
vn 0.7471535205841064 -0.6589699983596802 0.08671892434358597
vn 0.8253870010375977 0.5321213603019714 -0.18863487243652344
vn -0.6077580451965332 0.741725742816925 0.2836778163909912
vn -0.568737804889679 0.780427098274231 0.25975146889686584
vn 0.878976047039032 0.05922422185540199 0.47317394614219666
vn 0.7601982355117798 0.6386454701423645 0.1192917674779892
vn -0.5884815454483032 0.7624502182006836 0.2689964473247528
vn 0.8424131274223328 0.5387620329856873 -0.00870034284889698
vn -0.5608023405075073 0.7864673137664795 0.2587852478027344
vn 0.4580194056034088 0.5516133904457092 0.6970946788787842
vn -0.8306276202201843 0.30926713347435 0.4630459249019623
vn 0.2148326188325882 0.8022812008857727 0.556948721408844
vn -0.533137321472168 0.6691021919250488 0.5177518129348755
vn 0.5148022174835205 0.8170570731163025 -0.2596081793308258
vn -0.3098005950450897 -0.9494976997375488 0.04977595806121826
vn -0.30642521381378174 -0.939014732837677 0.15606029331684113
vn 0.2965085506439209 -0.9386436939239502 -0.17615532875061035
vn -0.5807054042816162 -0.773478090763092 0.25399360060691833
vn -0.6655569672584534 -0.7442077398300171 -0.05646933987736702
vn 0.36595913767814636 -0.8251949548721313 0.4302641749382019
vn 0.7899734973907471 0.3721919059753418 -0.48725253343582153
vn -0.5912662744522095 0.6818454265594482 -0.43068668246269226
vn 0.8711236119270325 0.27748703956604004 -0.4051475524902344
vn 0.936008870601654 -0.001641291892156005 -0.3519726097583771
vn -0.9811270236968994 0.002587628085166216 -0.19334745407104492
vn 0.8928387761116028 -0.34507593512535095 -0.2894156873226166
vn 0.9144895076751709 -0.18642380833625793 -0.359103262424469
vn -0.7331045269966125 0.39219290018081665 -0.5556459426879883
vn 0.056331031024456024 0.7202572226524353 -0.6914161443710327
vn 0.21958380937576294 0.35803213715553284 -0.9075219035148621
vn -0.5950672626495361 0.15851251780986786 -0.7878887057304382
vn 0.45984047651290894 0.3209300935268402 -0.8279798030853271
vn 0.5683475136756897 0.14723944664001465 -0.8095070719718933
vn -0.4955812096595764 0.11912424862384796 -0.8603537678718567
vn -0.20418156683444977 0.3179886043071747 -0.9258472919464111
vn 0.21663151681423187 0.20921653509140015 -0.9535718560218811
vn 0.14870859682559967 0.17483676970005035 -0.9733025431632996
vn 0.042242713272571564 -0.021105946972966194 -0.9988844394683838
vn 0.23083782196044922 -0.04996417090296745 -0.9717084765434265
vn 0.2896169424057007 -0.2905835509300232 -0.9119666814804077
vn 0.29940205812454224 -0.2783204913139343 -0.9126315116882324
vn -0.10246264189481735 0.0781422033905983 -0.9916629195213318
vn 0.21900507807731628 -0.053282979875802994 -0.9742677807807922
vn 0.21376948058605194 -0.05644797161221504 -0.9752518534660339
vn -0.28822803497314453 -0.11056097596883774 -0.9511576890945435
vn 0.12433627247810364 -0.11158700287342072 -0.9859455823898315
vn -0.05515291541814804 -0.22677037119865417 -0.9723854064941406
vn -0.1573089063167572 -0.2657703161239624 -0.951115071773529
vn -0.028653720393776894 -0.20028144121170044 -0.9793192744255066
vn -0.268757164478302 -0.30866479873657227 -0.9124120473861694
vn 0.19065959751605988 -0.20574286580085754 -0.95985347032547
vn -0.5287021398544312 -0.03747377172112465 -0.8479798436164856
vn 0.34647247195243835 -0.42288482189178467 -0.8373322486877441
vn -0.29305124282836914 -0.23115994036197662 -0.9277316331863403
vn -0.04076195880770683 -0.19211573898792267 -0.9805254340171814
vn 0.2563107907772064 -0.166439950466156 -0.9521568417549133
vn -0.07272867113351822 -0.05524652078747749 -0.9958204030990601
vn -0.11522889882326126 -0.35073697566986084 -0.9293577671051025
vn -0.1701335459947586 -0.15325233340263367 -0.9734311699867249
vn 0.2361423224210739 -0.34447920322418213 -0.9086093306541443
vn 0.2020358294248581 -0.4031372666358948 -0.8925591111183167
vn 0.38129204511642456 -0.5238445401191711 -0.7617107629776001
vn -0.10573189705610275 -0.18614473938941956 -0.9768167734146118
vn 0.5395655632019043 -0.6607846617698669 -0.5217592716217041
vn 0.5492354035377502 0.7964686155319214 0.2529393136501312
vn -0.2322566658258438 0.8731164932250977 0.42863085865974426
vn -0.1699979603290558 0.9721019268035889 0.16161228716373444
vn 0.8250501155853271 0.5526373386383057 0.11783123016357422
vn 0.8299292325973511 -0.46053025126457214 0.3148481845855713
vn -0.7247110605239868 0.6465038657188416 0.2383832037448883
vn 0.7383421063423157 0.6386511921882629 0.2167385369539261
vn 0.771908700466156 0.6103963255882263 0.17768871784210205
vn 0.8843984007835388 -0.15078333020210266 0.4417056143283844
vn -0.7612892985343933 0.6167113780975342 0.20026397705078125
vn -0.6809858083724976 0.6925165057182312 0.23807358741760254
vn -0.39324700832366943 0.7485394477844238 0.5338965058326721
vn -0.8195663690567017 0.5228192806243896 0.23445923626422882
vn -0.5146846175193787 0.8076185584068298 0.2878403663635254
vn 0.6461346745491028 0.7152084112167358 -0.26643362641334534
vn -0.2320869266986847 0.8741732835769653 0.4265638589859009
vn 0.9561484456062317 -0.1669972687959671 -0.2406078279018402
vn 0.9837998151779175 -0.11305343359708786 -0.13912852108478546
vn 0.4346622824668884 -0.8676708936691284 0.241279736161232
vn 0.6693748831748962 0.35353630781173706 -0.6534135937690735
vn 0.46931374073028564 -0.8623405694961548 0.1900351345539093
vn 0.004484512843191624 -0.9895743727684021 -0.14395304024219513
vn -0.590271532535553 0.6348066926002502 -0.4985980987548828
vn -0.6674086451530457 0.45794376730918884 -0.5872420072555542
vn -0.690845787525177 0.47089770436286926 -0.5486232042312622
vn -0.9347219467163086 0.11048293858766556 -0.33776962757110596
vn 0.9230736494064331 -0.10817009210586548 -0.36909928917884827
vn 0.9254684448242188 -0.25956544280052185 -0.27592384815216064
vn -0.9604109525680542 -0.06542516499757767 -0.2707957625389099
vn 0.9007668495178223 -0.34501349925994873 -0.26378923654556274
vn 0.8584282398223877 -0.3274616003036499 -0.39480361342430115
vn -0.7164679765701294 0.2786540985107422 -0.639551043510437
vn 0.8111671209335327 -0.1810760200023651 -0.5560749173164368
vn -0.5559701323509216 0.2270572930574417 -0.7995887994766235
vn 0.3427332639694214 0.22860202193260193 -0.9111942648887634
vn 0.37817949056625366 -0.07719092816114426 -0.9225084185600281
vn 0.18244297802448273 -0.12535257637500763 -0.9751929044723511
vn 0.37662559747695923 0.05043798312544823 -0.9249914288520813
vn -0.6345232129096985 0.009848065674304962 -0.7728410959243774
vn -0.010351035743951797 -0.21612444519996643 -0.9763109683990479
vn 0.4754284918308258 -0.2929474413394928 -0.8295477628707886
vn 0.07376426458358765 -0.1525477170944214 -0.9855394959449768
vn -0.3208335340023041 -0.09348147362470627 -0.9425110816955566
vn 0.46231088042259216 -0.22865457832813263 -0.8567296266555786
vn -0.5364060401916504 -0.1607784628868103 -0.8285040259361267
vn -0.4507148563861847 -0.39027562737464905 -0.802833080291748
vn 0.2179265320301056 -0.10270404070615768 -0.9705461859703064
vn 0.3287051022052765 -0.287845253944397 -0.8994987607002258
vn -0.6010425686836243 -0.4421123266220093 -0.6657962203025818
vn -0.8213937282562256 -0.375657856464386 -0.42917773127555847
vn 0.7984812259674072 -0.5653527975082397 -0.20689088106155396
vn -0.14534920454025269 0.7992621660232544 0.5831411480903625
vn -0.8994986414909363 -0.43437814712524414 -0.047093234956264496
vn -0.30337366461753845 0.7138856053352356 0.6311352849006653
vn -0.2523951232433319 0.8364490866661072 0.4864664673805237
vn -0.888090968132019 -0.4538213908672333 -0.07307909429073334
vn -0.4222579598426819 0.800704836845398 0.42493537068367004
vn 0.7395167946815491 0.5499145984649658 0.38821229338645935
vn -0.8734197616577148 -0.4428578317165375 0.20252124965190887
vn 0.8238244652748108 0.541651725769043 0.16711276769638062
vn 0.7253764271736145 0.27209848165512085 0.6322906017303467
vn -0.12947705388069153 0.7745620012283325 0.6191036105155945
vn 0.3750069737434387 0.6603901386260986 0.6505801677703857
vn 0.8162561058998108 0.5223859548568726 0.24665552377700806
vn 0.7396982312202454 0.6666415929794312 0.09184566140174866
vn 0.22067992389202118 0.9271602630615234 0.30277755856513977
vn 0.47778090834617615 0.8761570453643799 -0.06382883340120316
vn -0.2882887125015259 -0.8889740109443665 0.35582974553108215
vn -0.601813018321991 -0.7809011936187744 0.16737523674964905
vn 0.9279965162277222 -0.08746644854545593 -0.3621768653392792
vn -0.6031625270843506 -0.7268921136856079 0.32836371660232544
vn -0.9953910112380981 0.09314209967851639 -0.02283090353012085
vn 0.4099392890930176 -0.8136908411979675 0.4121370017528534
vn -0.8663685321807861 0.4268386662006378 -0.2592572271823883
vn -0.5622057318687439 0.6761336922645569 -0.47620153427124023
vn 0.7216354012489319 0.3258785307407379 -0.6107744574546814
vn -0.7611494064331055 0.31825873255729675 -0.5651221871376038
vn -0.7399516701698303 0.2718350887298584 -0.6152862310409546
vn -0.9446688294410706 -0.0868750736117363 -0.3163124620914459
vn -0.9388607740402222 0.055648073554039 -0.3397700786590576
vn 0.8080171346664429 -0.22783152759075165 -0.5433241128921509
vn -0.3266957700252533 0.04432785511016846 -0.9440895318984985
vn 0.39577797055244446 -0.37292125821113586 -0.8392196297645569
vn 0.5658984184265137 -0.22213901579380035 -0.7939856648445129
vn -0.7804719805717468 -0.11177995055913925 -0.6151168346405029
vn 0.6590295433998108 -0.3657778799533844 -0.6571807861328125
vn 0.6937557458877563 -0.4619603157043457 -0.5525356531143188
vn -0.5515405535697937 -0.26367059350013733 -0.7913791537284851
vn -0.7170106172561646 -0.3776063919067383 -0.5859259366989136
vn 0.6029627919197083 -0.42892488837242126 -0.672650933265686
vn 0.8396560549736023 -0.4673808217048645 -0.27664563059806824
vn 0.8843461275100708 -0.4097708463668823 -0.22365115582942963
vn 0.1071731224656105 0.8935418725013733 0.43600091338157654
vn 0.8076872825622559 0.5700593590736389 0.15057767927646637
vn -0.5423102974891663 0.7896309494972229 0.2870234549045563
vn 0.8405209183692932 -0.5185953378677368 0.15679101645946503
vn -0.9559475183486938 -0.293018639087677 0.017444288358092308
vn -0.5671225190162659 0.6484566330909729 0.5078149437904358
vn 0.8823493719100952 -0.25292953848838806 0.39684534072875977
vn 0.6861742734909058 0.5874109268188477 0.42908424139022827
vn -0.5638309121131897 0.7349512577056885 0.37675103545188904
vn -0.8232301473617554 -0.3915831744670868 0.4110409915447235
vn -0.605782687664032 0.6655771136283875 0.43592938780784607
vn -0.37802717089653015 0.710655689239502 0.5933496952056885
vn -0.8077946305274963 -0.09099378436803818 0.5823984742164612
vn 0.3660663664340973 0.5523422360420227 0.7489416003227234
vn 0.5791586637496948 0.5149558782577515 0.6319776177406311
vn -0.11674825847148895 0.7405326962471008 0.6618013978004456
vn -0.7096318602561951 0.06307969242334366 0.7017433047294617
vn -0.7550793886184692 0.19619818031787872 0.6255888342857361
vn 0.7539439797401428 0.56482994556427 0.33546319603919983
vn -0.5669215321540833 0.5947573184967041 0.5699681639671326
vn -0.30946144461631775 0.8017027378082275 0.5113768577575684
vn 0.45966216921806335 0.837654709815979 0.2950345277786255
vn -0.47776859998703003 -0.8365150690078735 0.268290638923645
vn -0.5213249921798706 -0.6806820034980774 0.5146768093109131
vn 0.9471874833106995 -0.3200799822807312 -0.019613368436694145
vn -0.6186484694480896 -0.7274535894393921 0.29679182171821594
vn -0.3612396717071533 -0.9263769388198853 0.1064504086971283
vn -0.5060479044914246 -0.8541898727416992 0.11947851628065109
vn 0.9645187258720398 -0.1785626858472824 -0.19447092711925507
vn -0.9686853289604187 -0.22047249972820282 0.1141955703496933
vn 0.33732882142066956 -0.86227947473526 0.377734512090683
vn -0.4356263279914856 -0.6784730553627014 0.5915268063545227
vn -0.912017285823822 0.09727983921766281 -0.3984483480453491
vn 0.8315426111221313 -0.3158363401889801 -0.45692917704582214
vn -0.8389530777931213 0.16791634261608124 -0.517650306224823
vn -0.8087849617004395 0.09143594652414322 -0.5809529423713684
vn -0.8468979001045227 -0.021381044760346413 -0.5313255786895752
vn 0.7738512754440308 -0.3663400113582611 -0.5166712999343872
vn -0.6743984222412109 -0.13955464959144592 -0.725059449672699
vn 0.7985777258872986 -0.3938319683074951 -0.45515936613082886
vn -0.8316344022750854 -0.429419606924057 -0.3521122336387634
vn -0.8192628622055054 -0.509279727935791 -0.26351940631866455
vn -0.19006593525409698 0.6692221164703369 0.7183430194854736
vn 0.8814343810081482 -0.47196128964424133 -0.018055977299809456
vn 0.5919843912124634 0.6273673176765442 0.5059295892715454
vn -0.645915687084198 0.6075354814529419 0.46227002143859863
vn 0.8353791832923889 0.04258481040596962 0.5480219721794128
vn 0.8221155405044556 0.5596135258674622 0.10468395799398422
vn -0.045344967395067215 0.8550717234611511 0.5165232419967651
vn 0.7076669931411743 -0.6488462090492249 0.2796533405780792
vn 0.8408041000366211 -0.4951532185077667 0.2187962830066681
vn -0.5468873381614685 -0.6297580003738403 0.5516512989997864
vn 0.2890992760658264 -0.880451500415802 0.3758014738559723
vn 0.4329608976840973 -0.760775089263916 0.48349374532699585
vn -0.6058233380317688 -0.6201712489128113 0.4983629286289215
vn -0.5053712129592896 -0.7616267800331116 0.40561631321907043
vn 0.349346786737442 -0.7264766097068787 0.5917672514915466
vn -0.14841328561306 -0.8621123433113098 0.4844954311847687
vn 0.7836411595344543 0.2635672688484192 -0.5625289678573608
vn -0.7166396975517273 0.5648630261421204 -0.4090932607650757
vn 0.7295107245445251 0.260654479265213 -0.6323553919792175
vn -0.703311026096344 0.3309006989002228 -0.6291727423667908
vn 0.8398194313049316 0.12432342767715454 -0.5284382700920105
vn -0.8612689971923828 0.25505828857421875 -0.4395008981227875
vn 0.8825049996376038 -0.1659248322248459 -0.4400612413883209
vn -0.6739252805709839 -0.2601838707923889 -0.6914687156677246
vn -0.7468954920768738 -0.28924280405044556 -0.5987367630004883
vn 0.7828206419944763 -0.4557524621486664 -0.42365261912345886
vn 0.7921883463859558 -0.4710484743118286 -0.3880089819431305
vn 0.13967527449131012 0.8006147146224976 0.5826722383499146
vn 0.7081398367881775 -0.6980857849121094 -0.10589750856161118
vn -0.2725944221019745 0.7882887125015259 0.5516279339790344
vn -0.35258787870407104 0.6961562633514404 0.6253385543823242
vn -0.5043008327484131 0.5458477139472961 0.6691269278526306
vn 0.9420357346534729 -0.3040229380130768 0.1419108361005783
vn -0.6207337975502014 0.5430524349212646 0.5654942393302917
vn -0.4640224874019623 0.724219560623169 0.5100873708724976
vn 0.7745760679244995 0.49178624153137207 0.3977161943912506
vn 0.8716238141059875 -0.022894268855452538 0.4896405339241028
vn -0.9314451217651367 -0.23647776246070862 0.27656498551368713
vn -0.05106869339942932 0.6825236678123474 0.7290772199630737
vn 0.7803263068199158 0.5372731685638428 0.3200443983078003
vn -0.736160933971405 0.09665730595588684 0.6698689460754395
vn -0.6561765670776367 0.3991241157054901 0.6404157280921936
vn 0.19678187370300293 0.7728330492973328 0.6033290028572083
vn -0.04802817851305008 -0.7721503376960754 0.6336223483085632
vn -0.35861507058143616 -0.7423714995384216 0.5659326314926147
vn 0.8510047197341919 -0.4694165885448456 0.2354550063610077
vn -0.5671249032020569 -0.5816219449043274 0.5831683278083801
vn -0.509456992149353 -0.7013289332389832 0.4985892176628113
vn 0.34221550822257996 -0.725426971912384 0.5971970558166504
vn 0.8404242992401123 0.28216904401779175 -0.46267449855804443
vn -0.38632646203041077 -0.32998737692832947 0.8613131046295166
vn -0.8799651861190796 0.3689626157283783 -0.29921218752861023
vn -0.1690133661031723 -0.6140627264976501 0.7709484100341797
vn -0.9245938062667847 -0.06563986837863922 -0.37525686621665955
vn 0.85443115234375 -0.21956555545330048 -0.47089096903800964
vn 0.7270501852035522 -0.3128398060798645 -0.6111704111099243
vn 0.812035322189331 -0.32515838742256165 -0.48463454842567444
vn 0.8975171446800232 -0.4241824448108673 -0.12054979801177979
vn 0.9151501655578613 -0.3764185905456543 -0.14425413310527802
vn -0.20452453196048737 0.5670881867408752 0.7978600859642029
vn -0.9235531687736511 -0.3497261106967926 -0.15729334950447083
vn -0.9069150686264038 -0.39226770401000977 -0.15372423827648163
vn 0.7196791172027588 0.5558911561965942 0.41598907113075256
vn -0.46632224321365356 0.5268467664718628 0.7106166481971741
vn 0.8459939956665039 -0.030108153820037842 0.532341718673706
vn -0.4857231378555298 0.5731125473976135 0.660011351108551
vn -0.9869179129600525 -0.13600392639636993 0.08657947927713394
vn 0.7263171672821045 0.20669187605381012 0.6555469632148743
vn 0.7311294078826904 0.5392542481422424 0.41791707277297974
vn -0.25064656138420105 0.5539851784706116 0.7938997149467468
vn -0.9382733106613159 0.02695552259683609 0.34484270215034485
vn -0.8169434070587158 0.2530701756477356 0.5182268619537354
vn 0.6860346794128418 0.5253754258155823 0.5033261179924011
vn 0.7007479071617126 0.5245750546455383 0.4835011959075928
vn -0.5135194063186646 0.5081577301025391 0.6914287209510803
vn 0.06343056261539459 -0.7334456443786621 0.6767821311950684
vn 0.7546215057373047 -0.5574718117713928 0.34608039259910583
vn 0.8788713812828064 -0.39823439717292786 0.2626678943634033
vn 0.14003516733646393 -0.7539490461349487 0.6418340802192688
vn -0.5101287961006165 -0.6249350905418396 0.5909523963928223
vn -0.907707691192627 -0.21759530901908875 0.3587743639945984
vn 0.9899708032608032 0.018318364396691322 -0.14007973670959473
vn 0.37078702449798584 -0.6573972702026367 0.6560075879096985
vn -0.4346041679382324 -0.5637972950935364 0.7023189067840576
vn -0.48761898279190063 -0.4447547197341919 0.7512794733047485
vn 0.27526307106018066 -0.8465525507926941 0.4556083679199219
vn 0.00726745743304491 -0.3570733964443207 0.934048056602478
vn 0.2564755976200104 -0.627393901348114 0.735253095626831
vn 0.734511137008667 0.31405240297317505 -0.6015517711639404
vn -0.6501545906066895 0.5492197871208191 -0.5250301361083984
vn -0.2508750259876251 -0.277021199464798 0.927534818649292
vn 0.7259315252304077 0.24775834381580353 -0.6415911912918091
vn -0.6793882250785828 0.44604381918907166 -0.5826461315155029
vn 0.23308709263801575 -0.4342697858810425 0.8701035380363464
vn 0.7323430776596069 0.2374565303325653 -0.6381911635398865
vn -0.6864705681800842 0.32608553767204285 -0.6499432921409607
vn 0.772172212600708 -0.015314651653170586 -0.6352287530899048
vn -0.9437848925590515 -0.05375225096940994 -0.32616060972213745
vn 0.8314636945724487 -0.3425274193286896 -0.4374278485774994
vn 0.8255401253700256 -0.34008511900901794 -0.45036160945892334
vn 0.8085041046142578 -0.3131941854953766 -0.49822744727134705
vn -0.8265000581741333 -0.23384204506874084 -0.5120698809623718
vn -0.8056871891021729 -0.242287278175354 -0.5405228734016418
vn -0.8869720101356506 -0.24922147393226624 -0.38880518078804016
vn -0.9543361067771912 -0.21952944993972778 -0.20260664820671082
vn 0.4388790428638458 0.5079383850097656 0.7412042021751404
vn 0.5931289792060852 0.47082674503326416 0.6530851721763611
vn -0.24192096292972565 0.6464594602584839 0.7235774993896484
vn 0.6039438843727112 0.48818859457969666 0.6300187706947327
vn 0.8373134732246399 -0.008244852535426617 0.5466609001159668
vn 0.707031786441803 0.21223245561122894 -0.6745839715003967
vn -0.5086972117424011 0.5430663228034973 0.668061375617981
vn 0.7218806147575378 0.45476049184799194 0.5216140747070312
vn 0.6050161123275757 0.2694397270679474 0.749238133430481
vn 0.40303516387939453 0.40972059965133667 0.8183469176292419
vn -0.021643567830324173 0.4755308926105499 0.879432737827301
vn 0.14134041965007782 0.4965665340423584 0.8564138412475586
vn -0.5744545459747314 0.423401415348053 0.7005234956741333
vn -0.21352168917655945 0.5732873678207397 0.7910436391830444
vn 0.5343115329742432 0.7597416043281555 0.370545357465744
vn -0.29046666622161865 0.6312476396560669 0.7191351652145386
vn 0.14774708449840546 0.6272996664047241 0.7646344900131226
vn -0.5790587067604065 -0.5022946000099182 0.6421768665313721
vn -0.5006864070892334 -0.47874554991722107 0.7211905717849731
vn 0.9980995059013367 -0.05647802725434303 -0.024652643129229546
vn -0.45884081721305847 -0.33610907196998596 0.8224937319755554
vn 0.34725478291511536 -0.6195639967918396 0.7039564251899719
vn 0.40497350692749023 -0.5625640749931335 0.7207759618759155
vn -0.1938808262348175 -0.498928040266037 0.8446780443191528
vn -0.7575151920318604 0.24169299006462097 -0.606428325176239
vn 0.7399605512619019 -0.07542941719293594 -0.6684076189994812
vn -0.8340873122215271 0.07374494522809982 -0.5466809272766113
vn 0.7636080384254456 -0.16305893659591675 -0.624751627445221
vn 0.851470410823822 -0.2822456359863281 -0.4419677257537842
vn -0.8819388151168823 0.011672127060592175 -0.4712192714214325
vn -0.7888002991676331 -0.21366220712661743 -0.5763181447982788
vn 0.7945575714111328 -0.33272379636764526 -0.5079106092453003
vn -0.021097537130117416 0.5555177330970764 0.8312369585037231
vn -0.27958112955093384 0.5703807473182678 0.7723342776298523
vn 0.5895165205001831 0.45200058817863464 0.6694518327713013
vn -0.2640374004840851 0.5591366291046143 0.7859073877334595
vn 0.8736485838890076 -0.4806804955005646 -0.07539480924606323
vn -0.3885257840156555 0.572108268737793 0.7223155498504639
vn 0.6145108938217163 0.5649170279502869 0.5506770014762878
vn -0.4320424199104309 0.6092212796211243 0.664972722530365
vn -0.9635570645332336 -0.25626012682914734 0.07673600316047668
vn -0.9731901288032532 0.01894085295498371 0.22922076284885406
vn -0.868789792060852 0.2603391408920288 0.4212217628955841
vn 0.600165843963623 0.5630459189414978 0.5681376457214355
vn -0.4527657628059387 -0.5750601887702942 0.6814022064208984
vn 0.7507813572883606 -0.539924681186676 0.38053733110427856
vn -0.5017824172973633 -0.5357590913772583 0.6790998578071594
vn -0.017260616645216942 -0.6431845426559448 0.7655166983604431
vn -0.4975728988647461 -0.502656102180481 0.706935703754425
vn 0.3505440950393677 -0.7064809799194336 0.6148198843002319
vn -0.9811074733734131 0.19341279566287994 0.004404939245432615
vn -0.9856037497520447 -0.0023506833240389824 0.1690552830696106
vn 0.9143757224082947 0.16238215565681458 -0.37087610363960266
vn -0.5054920315742493 -0.2837292551994324 0.814846932888031
vn -0.7468582391738892 0.3614940941333771 -0.5581440329551697
vn 0.491971492767334 -0.547875165939331 0.6766068935394287
vn 0.8389996290206909 0.17273181676864624 -0.5159876346588135
vn 0.2860620617866516 -0.5408320426940918 0.7909924387931824
vn 0.7590479850769043 0.15079165995121002 -0.6333309412002563
vn -0.6634048223495483 0.3437614142894745 -0.6646218299865723
vn 0.7158658504486084 -0.024973006919026375 -0.6977911591529846
vn 0.7522944808006287 -0.13237597048282623 -0.645391047000885
vn -0.8140531182289124 -0.051667556166648865 -0.5784876942634583
vn 0.7589931488037109 -0.2806612253189087 -0.5875020623207092
vn 0.7802702188491821 -0.47128719091415405 -0.41117724776268005
vn -0.9301546812057495 -0.18185532093048096 -0.31896838545799255
vn 0.93199223279953 -0.31054866313934326 -0.18694940209388733
vn 0.14225852489471436 0.5402902960777283 0.8293665647506714
vn -0.24148857593536377 0.5273891687393188 0.8145820498466492
vn 0.40485554933547974 0.569262683391571 0.7155640125274658
vn -0.2706071138381958 0.5496088266372681 0.7903808951377869
vn 0.9685704708099365 -0.19209474325180054 0.15802201628684998
vn 0.9435807466506958 -0.25581902265548706 0.21026673913002014
vn -0.4082062840461731 0.5132654905319214 0.7549344897270203
vn -0.8901434540748596 -0.3921029269695282 -0.23216363787651062
vn 0.6182955503463745 0.5144174695014954 0.5942097902297974
vn -0.982377827167511 -0.13556575775146484 0.12866902351379395
vn 0.5664273500442505 0.22355976700782776 0.7932093143463135
vn 0.001326834550127387 0.5416774153709412 0.840585470199585
vn 0.14120644330978394 0.448518306016922 0.8825486302375793
vn 0.69638592004776 0.41507115960121155 0.5854593515396118
vn 0.5579701066017151 0.38879722356796265 0.7331480383872986
vn 0.2814231812953949 0.4033150374889374 0.8707111477851868
vn 0.6463149189949036 0.40373334288597107 0.647515594959259
vn -0.7937792539596558 0.20306096971035004 0.5733068585395813
vn 0.6303987503051758 0.4459005296230316 0.6354290843009949
vn -0.340639591217041 0.5677616000175476 0.7494074702262878
vn -0.05291637033224106 0.5834651589393616 0.8104124069213867
vn 0.2674863040447235 0.5282358527183533 0.8058647513389587
vn 0.9717159271240234 -0.1271536499261856 0.19899803400039673
vn -0.36581113934516907 -0.509103000164032 0.779099702835083
vn -0.4961160719394684 -0.27506023645401 0.8235354423522949
vn 0.3485374450683594 -0.6310068368911743 0.6930743455886841
vn -0.5082172751426697 -0.2699536085128784 0.8178265690803528
vn 0.46683162450790405 -0.5067561864852905 0.7247526049613953
vn 0.9969069361686707 0.018586885184049606 -0.0763617604970932
vn -0.7574205994606018 0.2944072484970093 -0.5827850103378296
vn -0.1405167430639267 -0.45234450697898865 0.8807039856910706
vn 0.9334553480148315 -0.07186375558376312 -0.3514211177825928
vn 0.8466026782989502 -0.08302345871925354 -0.5257101655006409
vn -0.7489859461784363 0.10143376886844635 -0.6547757983207703
vn 0.7152946591377258 -0.29335924983024597 -0.6342664361000061
vn 0.742398202419281 -0.31105294823646545 -0.5933724641799927
vn -0.8270425796508789 -0.0609060637652874 -0.5588300228118896
vn -0.8534399271011353 -0.061367522925138474 -0.5175656676292419
vn -0.9117717742919922 -0.14841517806053162 -0.38294267654418945
vn 0.8085950016975403 -0.3242015242576599 -0.49098625779151917
vn 0.8524839282035828 -0.28064924478530884 -0.44102951884269714
vn 0.9120966196060181 -0.3965770900249481 -0.10395397990942001
vn -0.2172120213508606 0.41721591353416443 0.882468044757843
vn 0.50447678565979 0.36712712049484253 0.7814862728118896
vn -0.9411484599113464 -0.32548320293426514 -0.09110622853040695
vn 0.5671910047531128 0.3950885534286499 0.7226337194442749
vn 0.8100367784500122 -0.06257310509681702 0.5830308198928833
vn 0.9233501553535461 -0.199560284614563 0.3280247151851654
vn -0.3898261487483978 0.48526760935783386 0.7826563715934753
vn 0.612097978591919 0.19136126339435577 0.7672789692878723
vn 0.5985958576202393 0.42455101013183594 0.6792933344841003
vn -0.03906718268990517 0.47080615162849426 0.881371259689331
vn -0.2848201096057892 0.5224282741546631 0.8037077784538269
vn 0.5252580642700195 0.45558783411979675 0.7187097072601318
vn -0.09178806841373444 0.5463467240333557 0.8325143456459045
vn -0.2329997420310974 -0.5142524838447571 0.8253820538520813
vn -0.43979084491729736 -0.4752601683139801 0.7620445489883423
vn 0.013216348364949226 -0.6313623189926147 0.7753753662109375
vn 0.48980143666267395 -0.5068179965019226 0.7093871235847473
vn 0.25861960649490356 -0.6405397653579712 0.7230660915374756
vn -0.5091344714164734 -0.3740276098251343 0.7751680016517639
vn -0.804317057132721 -0.2774658501148224 0.5254395604133606
vn -0.5126681923866272 -0.2401517629623413 0.8243170380592346
vn -0.8841161727905273 -0.1668340265750885 0.4364687502384186
vn 0.3651139438152313 -0.6101778149604797 0.7031179666519165
vn -0.9792855381965637 0.10045730322599411 -0.17580685019493103
vn -0.4662843346595764 -0.29980581998825073 0.8322832584381104
vn 0.32595813274383545 -0.5156729221343994 0.792358934879303
vn -0.47294846177101135 -0.3727954626083374 0.7983378171920776
vn -0.41309675574302673 -0.33191126585006714 0.8480483293533325
vn 0.23935505747795105 -0.26182061433792114 0.9349647760391235
vn -0.2504119873046875 -0.24433302879333496 0.9368005990982056
vn -0.6971628665924072 0.26574793457984924 -0.6658393144607544
vn -0.6576197743415833 0.31498590111732483 -0.6843392848968506
vn -0.2262536585330963 -0.12074661999940872 0.9665554761886597
vn -0.6878893971443176 0.23027656972408295 -0.6883174180984497
vn 0.30112460255622864 -0.2846117615699768 0.910120964050293
vn 0.818729817867279 -0.3168756365776062 -0.4788227677345276
vn -0.8138297200202942 -0.0057291071861982346 -0.581075131893158
vn 0.8266053199768066 -0.26837050914764404 -0.4946725368499756
vn 0.9042660593986511 -0.34360554814338684 -0.25345221161842346
vn 0.8671536445617676 -0.3228011727333069 -0.37926748394966125
vn -0.8896946907043457 -0.07083869725465775 -0.45102694630622864
vn -0.2675463855266571 0.26112186908721924 0.9274882078170776
vn 0.09849951416254044 0.1539536863565445 0.9831562042236328
vn 0.4829227924346924 0.10198824107646942 0.8697033524513245
vn -0.9210561513900757 -0.16639605164527893 -0.35209083557128906
vn 0.9517384767532349 -0.2776174545288086 -0.13085275888442993
vn 0.5029574632644653 0.12535454332828522 0.8551725745201111
vn 0.24139007925987244 0.07332582771778107 0.9676539301872253
vn -0.2206205278635025 0.23968182504177094 0.9454518556594849
vn -0.19097019731998444 0.15150566399097443 0.9698331952095032
vn -0.06901223957538605 0.18907955288887024 0.9795337319374084
vn 0.033082447946071625 0.34678971767425537 0.9373592138290405
vn 0.9815459251403809 -0.1774093061685562 0.07136904448270798
vn -0.19230827689170837 0.24960696697235107 0.9490594863891602
vn -0.22611437737941742 0.42884162068367004 0.8746240139007568
vn -0.28332605957984924 0.37936535477638245 0.8807998299598694
vn 0.4718378186225891 0.33534833788871765 0.8154204487800598
vn -0.3159419894218445 0.5058884024620056 0.8026566505432129
vn -0.9680466651916504 -0.24856770038604736 -0.03316358104348183
vn -0.400590181350708 0.4645582437515259 0.78975510597229
vn -0.9470444917678833 -0.3187085688114166 0.03913513571023941
vn -0.3332323431968689 0.4923582077026367 0.8040769696235657
vn 0.5378046631813049 0.3745626211166382 0.7552939653396606
vn 0.19073809683322906 0.3686806559562683 0.9097766280174255
vn 0.5382189154624939 0.4316301941871643 0.7238892912864685
vn 0.30934587121009827 0.36200782656669617 0.8793494701385498
vn -0.8838204145431519 -0.038643743842840195 0.4662274718284607
vn 0.4992063343524933 0.39535537362098694 0.7710299491882324
vn -0.8076742887496948 0.04538855701684952 0.5878793001174927
vn -0.529935359954834 0.47052496671676636 0.7055315971374512
vn -0.24325980246067047 0.39736711978912354 0.8848299384117126
vn -0.4822113513946533 -0.48222899436950684 0.7313873767852783
vn 0.09372499585151672 -0.4469839036464691 0.8896185159683228
vn 0.8193525671958923 -0.26874083280563354 0.5063987970352173
vn -0.5221432447433472 -0.2803170382976532 0.8054742217063904
vn 0.953945517539978 -0.11252245306968689 0.2780766785144806
vn -0.061295635998249054 -0.5021572709083557 0.8626012802124023
vn 0.33161160349845886 -0.49615317583084106 0.8024124503135681
vn -0.4640999138355255 -0.23521088063716888 0.8539831042289734
vn 0.9584502577781677 -0.10198488086462021 0.2664059102535248
vn -0.9306324124336243 -0.15942157804965973 0.32940569519996643
vn 0.34776437282562256 -0.5622719526290894 0.7502733469009399
vn 0.9939202070236206 -0.09915050864219666 0.04787208512425423
vn -0.7742039561271667 0.2758553624153137 -0.5696595907211304
vn 0.8761175870895386 -0.3205217719078064 -0.36011624336242676
vn 0.39801281690597534 -0.23616014420986176 0.8864616751670837
vn -0.3597676455974579 -0.11535342782735825 0.9258838295936584
vn 0.8620561361312866 -0.19904054701328278 -0.4660922884941101
vn 0.44604218006134033 -0.2677067816257477 0.8540371060371399
vn -0.07675036787986755 -0.2931596040725708 0.9529778361320496
vn 0.30378371477127075 -0.3130972683429718 0.8998252749443054
vn 0.938103437423706 -0.1778988540172577 -0.2971767485141754
vn 0.8077203035354614 -0.16938750445842743 -0.5647085905075073
vn 0.9855803847312927 -0.132512167096138 -0.10522307455539703
vn 0.25118353962898254 0.12723278999328613 0.959540843963623
vn -0.06858011335134506 0.1620277315378189 0.9844002723693848
vn 0.9262201189994812 -0.3715516924858093 0.06376299262046814
vn 0.34240907430648804 0.03381459414958954 0.9389421939849854
vn -0.12371961027383804 0.2113032042980194 0.9695588946342468
vn 0.9174948930740356 -0.3712853491306305 -0.14265458285808563
vn -0.2687205970287323 0.23390908539295197 0.9343852400779724
vn 0.4005397856235504 0.2039029598236084 0.893303632736206
vn -0.21946577727794647 0.24342389404773712 0.9447643160820007
vn 0.8936883807182312 -0.3488621711730957 -0.2821635603904724
vn -0.18719369173049927 0.19438676536083221 0.9628978967666626
vn 0.9413013458251953 -0.3159550130367279 0.11884532868862152
vn -0.23849977552890778 0.1964035928249359 0.9510748982429504
vn -0.2516223192214966 0.22040459513664246 0.9423947930335999
vn -0.8360313773155212 -0.16084711253643036 -0.5245757699012756
vn -0.3032377064228058 0.26499754190444946 0.9153267741203308
vn -0.9768021106719971 -0.00973470974713564 -0.21392272412776947
vn -0.3070979416370392 0.3493521511554718 0.8852366805076599
vn 0.4367067813873291 0.31220096349716187 0.8436928987503052
vn 0.9247902631759644 -0.03623452037572861 0.3787481188774109
vn -0.9507928490638733 -0.18612352013587952 0.2476913332939148
vn 0.9327446222305298 -0.1280057728290558 0.33704903721809387
vn 0.48511192202568054 0.3182595670223236 0.8144797682762146
vn -0.16471873223781586 0.44442614912986755 0.8805413246154785
vn -0.6594370603561401 0.12845532596111298 0.7407037615776062
vn -0.4617599546909332 0.1892419308423996 0.8665825128555298
vn -0.5113928318023682 0.2552648186683655 0.8205590844154358
vn 0.4286925196647644 0.3244442939758301 0.8431835770606995
vn -0.28850507736206055 -0.40643319487571716 0.8669353127479553
vn 0.4454212784767151 -0.34867584705352783 0.8246362805366516
vn 0.3218502998352051 -0.35778379440307617 0.8765859603881836
vn 0.7452549934387207 -0.27400171756744385 0.6078799366950989
vn 0.22324933111667633 -0.5253025889396667 0.8211072087287903
vn -0.19818799197673798 -0.4352402091026306 0.8782297372817993
vn 0.1458320915699005 -0.4719665050506592 0.8694714307785034
vn -0.45205947756767273 -0.27625754475593567 0.8481296896934509
vn 0.32238227128982544 -0.3900391459465027 0.8625190258026123
vn 0.3675166666507721 -0.3351242244243622 0.8675386309623718
vn 0.29982471466064453 -0.38226118683815 0.874060332775116
vn 0.8975120782852173 -0.4408794939517975 -0.009862120263278484
vn -0.42931628227233887 -0.2910223603248596 0.854981541633606
vn 0.32301753759384155 -0.3640217185020447 0.8735833168029785
vn -0.9030680060386658 0.19668719172477722 -0.38181453943252563
vn 0.31812983751296997 -0.3485087752342224 0.8816661238670349
vn -0.36545467376708984 -0.2164917141199112 0.9053033590316772
vn 0.3997926712036133 -0.2839580178260803 0.8715122938156128
vn 0.9513840675354004 -0.25120073556900024 -0.17823202908039093
vn -0.9642447233200073 0.2569483816623688 -0.06488142907619476
vn -0.3382440507411957 -0.09319169074296951 0.9364327192306519
vn -0.7846582531929016 0.2515365183353424 -0.5666046738624573
vn 0.07163052260875702 -0.17242102324962616 0.9824154376983643
vn 0.9335532784461975 -0.24330903589725494 -0.2632090747356415
vn -0.8366867303848267 0.07984726876020432 -0.5418298244476318
vn 0.44741570949554443 -0.24958011507987976 0.8587950468063354
vn 0.06058213859796524 0.09663089364767075 0.9934748411178589
vn -0.27301594614982605 0.20830418169498444 0.939186692237854
vn -0.825852632522583 0.029912615194916725 -0.5630919933319092
vn 0.31477922201156616 -0.1264137327671051 0.940709114074707
vn -0.20944857597351074 0.22333724796772003 0.9519725441932678
vn -0.21228939294815063 0.15339569747447968 0.9650921821594238
vn -0.09195341169834137 0.06983089447021484 0.9933117628097534
vn 0.9658739566802979 -0.20514771342277527 0.15811987221240997
vn -0.8499517440795898 0.01835792325437069 -0.5265406966209412
vn -0.21487385034561157 0.15705977380275726 0.9639301896095276
vn 0.47262611985206604 0.04135693982243538 0.8802920579910278
vn -0.11666306108236313 0.1577587127685547 0.9805620312690735
vn -0.07187546789646149 0.0640522763133049 0.9953548312187195
vn -0.1388089805841446 0.13167640566825867 0.9815260171890259
vn 0.5480993986129761 0.08402921259403229 0.8321815133094788
vn -0.22103595733642578 0.07013010233640671 0.9727408289909363
vn -0.20849736034870148 0.17602339386940002 0.9620522856712341
vn -0.3225845694541931 0.16183258593082428 0.9326035380363464
vn -0.9232054948806763 -0.05850375071167946 -0.37982743978500366
vn -0.9000240564346313 -0.10732801258563995 -0.42241838574409485
vn 0.4673590362071991 0.151658833026886 0.8709622025489807
vn -0.2465345561504364 0.1722823679447174 0.9536977410316467
vn 0.8965340852737427 -0.15808722376823425 0.4138055741786957
vn -0.2540163993835449 0.23800843954086304 0.9374580383300781
vn -0.2715928554534912 0.24760587513446808 0.9300153851509094
vn -0.9788520336151123 -0.007236662320792675 -0.20444144308567047
vn 0.4658953845500946 0.12064780294895172 0.8765761256217957
vn 0.46274566650390625 0.187617227435112 0.866409957408905
vn -0.3017479181289673 0.3292657136917114 0.8947247266769409
vn 0.7814362049102783 0.12096385657787323 0.6121480464935303
vn -0.9987723231315613 -0.0006921989261172712 -0.049532778561115265
vn -0.12192269414663315 0.2353791445493698 0.9642258286476135
vn 0.057583387941122055 0.10095752775669098 0.9932228922843933
vn 0.28966742753982544 0.23153284192085266 0.928700864315033
vn 0.5030734539031982 0.2451457977294922 0.8287464380264282
vn -0.28959590196609497 0.285534143447876 0.9135668873786926
vn -0.33906662464141846 0.4859205484390259 0.8055526614189148
vn -0.1497955024242401 0.3459039330482483 0.9262352585792542
vn 0.32302725315093994 0.2527766525745392 0.9120072722434998
vn -0.912183403968811 -0.07241494953632355 0.40333306789398193
vn -0.6938719749450684 0.16169659793376923 0.7017092704772949
vn 0.5231395363807678 0.4216328263282776 0.7406420707702637
vn -0.45065292716026306 0.2625521719455719 0.8532164096832275
vn 0.42997097969055176 0.37997594475746155 0.8189891576766968
vn -0.10605651140213013 0.37069571018218994 0.9226791262626648
vn 0.18301138281822205 0.3853115439414978 0.9044566750526428
vn -0.183247908949852 0.2564016878604889 0.9490407705307007
vn 0.07503621280193329 0.33190950751304626 0.9403221011161804
vn -0.09580323100090027 -0.30632856488227844 0.9470926523208618
vn -0.3431684076786041 -0.24890898168087006 0.905692994594574
vn 0.23279669880867004 -0.34940066933631897 0.9075928926467896
vn -0.4339214265346527 -0.22267590463161469 0.8729992508888245
vn 0.4486980140209198 -0.23239943385124207 0.8629371523857117
vn 0.931170642375946 -0.27001193165779114 0.24497918784618378
vn -0.15551124513149261 -0.4520997107028961 0.8783063292503357
vn 0.07296904176473618 -0.45575106143951416 0.887111246585846
vn 0.910532534122467 -0.4133405387401581 -0.00895661860704422
vn -0.7747794389724731 -0.263284832239151 0.5748025178909302
vn -0.37735942006111145 -0.15494027733802795 0.9130133390426636
vn 0.912005603313446 -0.3866516947746277 0.1369170844554901
vn 0.3061579167842865 -0.3597930073738098 0.881371796131134
vn 0.32817789912223816 -0.27842989563941956 0.9026494026184082
vn -0.32264775037765503 -0.052239689975976944 0.9450764060020447
vn -0.26882293820381165 -0.06897040456533432 0.9607170820236206
vn 0.9840325117111206 -0.1376372128725052 0.11285427212715149
vn -0.9361618757247925 0.26419320702552795 -0.23195451498031616
vn -0.23796072602272034 0.047908954322338104 0.9700924754142761
vn 0.3675197958946228 -0.24989356100559235 0.8958138227462769
vn -0.21817955374717712 -0.006428807508200407 0.9758874177932739
vn -0.33574408292770386 0.1577877551317215 0.9286435842514038
vn 0.7754234671592712 -0.46794241666793823 -0.42396751046180725
vn 0.41445714235305786 -0.1192278042435646 0.9022250771522522
vn -0.21211688220500946 0.05354780703783035 0.9757760763168335
vn -0.9530187845230103 0.03756646439433098 -0.30057278275489807
vn 0.4192693531513214 -0.013586431741714478 0.9077602028846741
vn -0.2359217256307602 0.193880096077919 0.9522349238395691
vn 0.41301047801971436 -0.05373833328485489 0.9091394543647766
vn 0.8269765973091125 -0.25617992877960205 0.5004813075065613
vn -0.9040116667747498 0.0379205159842968 -0.4258226752281189
vn 0.767672061920166 -0.23703539371490479 0.5953938364982605
vn -0.3015539348125458 0.21670092642307281 0.9284965991973877
vn -0.19670052826404572 0.07787088304758072 0.9773663878440857
vn 0.8961081504821777 -0.289216548204422 0.3366659879684448
vn 0.7407272458076477 -0.17590995132923126 0.648366391658783
vn 0.5152111053466797 0.06633925437927246 0.8544920086860657
vn -0.3329308032989502 0.11237198859453201 0.9362315535545349
vn 0.9197561740875244 -0.18343394994735718 0.34698784351348877
vn 0.4893471598625183 0.07872835546731949 0.8685282468795776
vn -0.321784645318985 0.22835512459278107 0.9188627004623413
vn 0.5884785652160645 -0.05668890103697777 0.8065229654312134
vn -0.9773766398429871 0.20870725810527802 0.03429713472723961
vn 0.590637743473053 0.08661023527383804 0.8022753596305847
vn 0.20434384047985077 0.27531930804252625 0.9393842816352844
vn -0.9687545299530029 0.04847227409482002 0.24323906004428864
vn -0.717251181602478 0.20964708924293518 0.6645290851593018
vn -0.35846400260925293 0.3906475901603699 0.8478785157203674
vn 0.01939081959426403 0.44243812561035156 0.8965893387794495
vn 0.23085136711597443 -0.27804267406463623 0.9324161410331726
vn -0.1573435366153717 -0.26340773701667786 0.9517664909362793
vn -0.17387861013412476 -0.24037663638591766 0.9549791812896729
vn 0.8416832685470581 -0.508098304271698 0.18277162313461304
vn -0.5255604982376099 -0.3768497705459595 0.7627387642860413
vn -0.3855440616607666 -0.12300382554531097 0.9144538044929504
vn 0.44820451736450195 -0.3727535605430603 0.8125069737434387
vn 0.24488279223442078 -0.400892972946167 0.8827894330024719
vn 0.34978145360946655 -0.30971527099609375 0.8841546177864075
vn -0.953290581703186 -0.06956565380096436 0.2939349412918091
vn 0.3942331373691559 -0.33695104718208313 0.8550112247467041
vn -0.3579351305961609 -0.06832154840230942 0.9312435984611511
vn 0.9145364761352539 -0.3797837793827057 0.13923844695091248
vn 0.765830397605896 -0.33153265714645386 0.5509899258613586
vn 0.36450740694999695 -0.3178759813308716 0.8752652406692505
vn -0.9929881691932678 0.10711106657981873 0.05001765489578247
vn 0.9718142151832581 -0.23522190749645233 -0.015745272859930992
vn 0.43909087777137756 -0.2887662649154663 0.8507721424102783
vn 0.6055981516838074 -0.3380560278892517 0.720395028591156
vn 0.8973464965820312 -0.20849034190177917 0.38897445797920227
vn 0.50092613697052 -0.15981842577457428 0.8506063222885132
vn -0.27357521653175354 0.0704803392291069 0.959264874458313
vn -0.22574959695339203 0.166458398103714 0.9598586559295654
vn 0.8629398941993713 -0.04139939695596695 0.5036078095436096
vn -0.24664093554019928 0.14837025105953217 0.9576818346977234
vn -0.9174810647964478 0.05589182302355766 -0.39383313059806824
vn 0.42969202995300293 0.042241234332323074 0.9019868969917297
vn -0.9887344241142273 0.036253660917282104 -0.1452234536409378
vn -0.05393577739596367 0.24865543842315674 0.9670891165733337
vn -0.2190769612789154 0.16671131551265717 0.9613597989082336
vn 0.4647728502750397 0.008765495382249355 0.8853866457939148
vn -0.05651135742664337 0.0564376637339592 0.9968054890632629
vn -0.9967014789581299 -0.009737278334796429 -0.08056836575269699
vn -0.2587486207485199 0.05274580791592598 0.9645035266876221
vn 0.60477614402771 -0.15783463418483734 0.780598521232605
vn 0.25926655530929565 -0.04428730905056 0.9647899270057678
vn -0.9088004231452942 -0.1066625639796257 -0.40336698293685913
vn -0.9999356865882874 0.010503841564059258 0.004273418337106705
vn -0.3039340674877167 0.12960338592529297 0.9438363909721375
vn -0.35006922483444214 0.29612454771995544 0.888685405254364
vn 0.5445535778999329 0.11386782675981522 0.8309606313705444
vn 0.5033397674560547 0.19008661806583405 0.842921257019043
vn 0.11642279475927353 0.09670909494161606 0.9884802103042603
vn -0.08794156461954117 0.3199155330657959 0.943355917930603
vn 0.4725703001022339 0.18450897932052612 0.8617620468139648
vn -0.8422112464904785 0.13317811489105225 0.5224403142929077
vn 0.4345274865627289 0.2690860331058502 0.8595223426818848
vn 0.3895524740219116 0.26666685938835144 0.8815541863441467
vn -0.29573196172714233 0.36549198627471924 0.8825861215591431
vn 0.328561931848526 0.4173707067966461 0.8472595810890198
vn 0.09148760139942169 -0.29448333382606506 0.9512673616409302
vn 0.38074252009391785 -0.3030741512775421 0.8736023902893066
vn -0.29104357957839966 -0.12260490655899048 0.9488212466239929
vn -0.538860559463501 -0.269770085811615 0.7980309724807739
vn -0.32771721482276917 -0.03717407211661339 0.9440442323684692
vn -0.3906618058681488 0.02651580423116684 0.9201522469520569
vn -0.3102926015853882 0.11145839095115662 0.9440845251083374
vn -0.7859271168708801 -0.09017646312713623 0.6117079854011536
vn -0.42392027378082275 0.22007785737514496 0.878554105758667
vn 0.8621113300323486 -0.15707260370254517 0.48175957798957825
vn 0.4617755711078644 -0.330474317073822 0.8231342434883118
vn -0.38075119256973267 0.28319695591926575 0.880243182182312
vn 0.6582260131835938 0.030662333592772484 0.7521956562995911
vn 0.45097318291664124 -0.20712892711162567 0.8681709170341492
vn 0.2707812190055847 0.20187315344810486 0.9412357807159424
vn 0.4467308521270752 -0.06159524619579315 0.8925455212593079
vn 0.12402552366256714 0.2405366450548172 0.9626836180686951
vn 0.47472915053367615 -0.04361235722899437 0.8790507316589355
vn 0.42988115549087524 0.04065784811973572 0.9019696116447449
vn -0.9692434668540955 0.120976522564888 0.21431691944599152
vn 0.45146316289901733 0.17496097087860107 0.874968409538269
vn 0.4985050559043884 0.15541982650756836 0.852840781211853
vn -0.8836537599563599 0.24267040193080902 0.4003336727619171
vn -0.8813319802284241 0.3178274631500244 0.3496279716491699
vn -0.7679880857467651 0.23880036175251007 0.5942798852920532
vn 0.3308144807815552 0.24804306030273438 0.9105143547058105
vn -0.6060072183609009 0.26878777146339417 0.7486711144447327
vn 0.17208310961723328 0.32766515016555786 0.9289902448654175
vn -0.050188735127449036 -0.14115820825099945 0.9887140393257141
vn -0.35699257254600525 -0.06584351509809494 0.9317837357521057
vn -0.2987692058086395 -0.2579459846019745 0.9188039898872375
vn 0.2577272355556488 -0.4274056851863861 0.8665454983711243
vn -0.7531629800796509 -0.07422873377799988 0.6536327004432678
vn 0.07903575897216797 -0.28168433904647827 0.9562464356422424
vn 0.43299415707588196 -0.18262635171413422 0.8827024698257446
vn 0.00835963524878025 0.049228012561798096 0.9987525939941406
vn -0.3152420222759247 0.14696666598320007 0.9375624060630798
vn 0.46460866928100586 -0.03553247079253197 0.8848028779029846
vn 0.40361258387565613 -0.32950282096862793 0.8535366058349609
vn 0.46603232622146606 -0.2696373462677002 0.8426799774169922
vn -0.14482080936431885 0.2535253167152405 0.9564266204833984
vn 0.5118311047554016 -0.100385881960392 0.8532007336616516
vn 0.2428063154220581 0.15610454976558685 0.9574321508407593
vn -0.9444511532783508 -0.05631697177886963 0.32379060983657837
vn 0.5057787299156189 -0.07702784240245819 0.8592174649238586
vn 0.45687517523765564 -0.002213340485468507 0.8895279765129089
vn 0.40354692935943604 0.06334319710731506 0.9127636551856995
vn 0.48632317781448364 0.12928074598312378 0.8641621470451355
vn 0.4039064943790436 0.12403598427772522 0.9063524007797241
vn -0.7607565522193909 0.261304646730423 0.5941122174263
vn 0.29479873180389404 0.20087160170078278 0.9342078566551208
vn 0.4588291049003601 0.17611710727214813 0.870895266532898
vn -0.3895753026008606 0.23953355848789215 0.8893000483512878
vn 0.010682710446417332 0.24753417074680328 0.9688202142715454
vn -0.18780845403671265 0.28344711661338806 0.9404178261756897
vn -0.3842731714248657 -0.2907901108264923 0.876227855682373
vn -0.08469202369451523 -0.29123803973197937 0.952894389629364
vn -0.06975312530994415 -0.34801536798477173 0.9348902106285095
vn 0.25219273567199707 -0.3493146300315857 0.9024290442466736
vn -0.6404399275779724 -0.24464954435825348 0.7279995083808899
vn 0.453389436006546 -0.20880623161792755 0.8665090799331665
vn -0.9225080609321594 0.08763459324836731 0.37589752674102783
vn 0.4402737319469452 -0.005269534420222044 0.8978481292724609
vn 0.46087735891342163 0.07784383744001389 0.8840432167053223
vn -0.9447827339172363 0.057073358446359634 0.3226889669895172
vn -0.7947936058044434 0.15485014021396637 0.5867918133735657
vn -0.44707542657852173 0.27473434805870056 0.8512605428695679
vn -0.40349113941192627 0.3226379454135895 0.856212317943573
vn 0.004580525681376457 0.27605900168418884 0.9611297249794006
vn -0.23528581857681274 -0.2424582690000534 0.9411985278129578
vn 0.11986804753541946 -0.21760395169258118 0.9686486721038818
vn -0.02489326521754265 -0.1846228837966919 0.9824941158294678
vn 0.16005580127239227 -0.1984667330980301 0.9669503569602966
vn -0.034722477197647095 -0.10267642885446548 0.9941085577011108
vn -0.49065935611724854 -0.106287881731987 0.8648446798324585
vn -0.3292256295681 0.08670742809772491 0.9402617812156677
vn -0.6996559500694275 0.053045593202114105 0.7125080823898315
vn 0.2033141553401947 -0.033883195370435715 0.9785270690917969
vn 0.5256990790367126 0.054104097187519073 0.8489482998847961
vn -0.581721842288971 0.10639705508947372 0.8063989877700806
vn -0.1334839016199112 0.11462584882974625 0.9843997955322266
vn 0.14760076999664307 0.10045810043811798 0.9839320182800293
vn 0.3382454216480255 0.11186379194259644 0.9343856573104858
vn -0.30878615379333496 0.10019706934690475 0.9458391070365906
vn 0.0808524638414383 0.1034761518239975 0.9913402795791626
vn -0.07210688292980194 0.21682299673557281 0.9735442996025085
vn -0.05372573062777519 0.14627914130687714 0.9877833724021912
vn 0.4479116201400757 0.09671127796173096 -0.8888318538665771
vn 0.03180878236889839 -0.972597599029541 -0.23030869662761688
vn -0.6308586597442627 -0.20145925879478455 -0.7492873072624207
vn -0.3626742362976074 0.38227733969688416 -0.8499008417129517
vn -0.8039427399635315 0.04603514447808266 -0.5929222702980042
vn 0.3384602963924408 0.4289235770702362 -0.8375375866889954
vn -0.8039427399635315 0.04603514447808266 -0.5929222702980042
vn -0.2449525147676468 0.7954583168029785 -0.5542962551116943
vn 0.22011323273181915 0.6050601005554199 -0.7651486396789551
vn -0.6084673404693604 -0.18363112211227417 -0.7720409035682678
vn -0.8039427399635315 0.04603514447808266 -0.5929222702980042
vn -0.6585235595703125 -0.0023656529374420643 -0.7525564432144165
vn 0.5846306085586548 -0.10565345734357834 -0.8043907880783081
vn 0.4780914783477783 0.24273905158042908 -0.8441009521484375
vn 0.7671404480934143 -0.4514528214931488 -0.455725759267807
vn -0.7231768369674683 -0.012809580191969872 -0.6905441284179688
vn -0.9986798167228699 0.046510860323905945 -0.02180289663374424
vn -0.2831055521965027 0.5078887939453125 -0.8135725259780884
vn -0.8984301090240479 0.3173326253890991 -0.3035183250904083
vn -0.37880295515060425 0.5101370215415955 -0.7721842527389526
vn 0.7720174193382263 -0.058497052639722824 -0.6329037547111511
vn 0.9950695633888245 -0.044214364141225815 -0.08877859264612198
vn 0.7671404480934143 -0.4514528214931488 -0.455725759267807
vn 0.9892926812171936 -0.07313200831413269 0.12630003690719604
vn 0.4263645112514496 0.16536381840705872 -0.8893076777458191
vn 0.9100738763809204 0.11484357714653015 0.39821669459342957
vn 0.10833431780338287 0.7449221014976501 -0.6582968831062317
vn -0.025560274720191956 0.9856950044631958 -0.16658957302570343
vn 0.10833431780338287 0.7449221014976501 -0.6582968831062317
vn 0.7477169036865234 0.5517966747283936 0.36937761306762695
vn 0.10833431780338287 0.7449221014976501 -0.6582968831062317
vn 0.11001451313495636 0.9834131598472595 -0.1442060023546219
vn 0.2580029368400574 -0.9661441445350647 0.000048408695874968544
vn -0.6875207424163818 0.3333122134208679 -0.6451497673988342
vn -0.8248193860054016 0.5432295799255371 -0.15676304697990417
vn -0.44359204173088074 0.6643043160438538 -0.6016027927398682
vn -0.22553451359272003 0.7485222816467285 -0.623577356338501
vn -0.1298629343509674 0.9445741772651672 -0.30152156949043274
vn -0.8321905136108398 0.5210322737693787 -0.18969540297985077
vn 0.058599308133125305 0.853632926940918 -0.5175683498382568
vn -0.05779249221086502 0.8334195613861084 -0.5496106743812561
vn -0.5343381762504578 0.6265450119972229 0.5673835277557373
vn 0.015272870659828186 0.9662073850631714 0.25731316208839417
vn 0.30567365884780884 0.4698185920715332 -0.8281510472297668
vn 0.028765656054019928 0.912369966506958 -0.40835481882095337
vn -0.5816789865493774 0.29568755626678467 -0.7577720284461975
vn -0.1606523096561432 0.9693602323532104 -0.18582679331302643
vn 0.009199066087603569 0.9576922655105591 0.28764718770980835
vn 0.19503073394298553 0.9023628234863281 0.3843231499195099
vn 0.7314947843551636 -0.6490429639816284 0.20894621312618256
vn 0.7096176743507385 -0.6774760484695435 0.1935688853263855
vn 0.5327420830726624 0.7380337119102478 0.4141160547733307
vn 0.4737730920314789 0.7534390687942505 0.4559261202812195
vn -0.8704278469085693 0.4524346590042114 0.19405752420425415
vn 0.7125853896141052 -0.6559746861457825 0.24883586168289185
vn -0.7969820499420166 0.17641142010688782 0.5776665210723877
vn -0.6440456509590149 0.1783403754234314 0.7439085245132446
vn -0.6209855675697327 0.6257075667381287 0.4720880389213562
vn -0.8704278469085693 0.4524346590042114 0.19405752420425415
vn -0.70084148645401 0.4760831296443939 0.5311930179595947
vn 0.7564230561256409 -0.14123710989952087 0.6386518478393555
vn 0.3249801993370056 0.7543914318084717 0.5703344941139221
vn -0.7580898404121399 0.31110134720802307 0.5731629133224487
vn -0.0032165697775781155 -0.9218754768371582 0.3874729573726654
vn -0.9968910217285156 -0.07764101773500443 -0.013423267751932144
vn -0.09532593935728073 -0.19265826046466827 0.9766247272491455
vn 0.7012891173362732 -0.2184772789478302 0.678572952747345
vn 0.39288783073425293 0.3928776681423187 0.831436276435852
vn -0.09532593935728073 -0.19265826046466827 0.9766247272491455
vn 0.7328240275382996 0.3041139245033264 -0.6086736917495728
vn -0.2592008709907532 -0.8203698992729187 -0.5097137689590454
vn 0.9807384014129639 0.1894872784614563 -0.047400254756212234
vn -0.060248613357543945 -0.9980058670043945 -0.018826808780431747
vn 0.6569329500198364 -0.5896793007850647 0.4698057770729065
vn 0.3680204153060913 0.7000499963760376 -0.6119567155838013
vn -0.5659664273262024 0.14109334349632263 -0.812265157699585
vn 0.30091965198516846 0.6307936906814575 0.7152249217033386
vn -0.09532593935728073 -0.19265826046466827 0.9766247272491455
vn -0.70084148645401 0.4760831296443939 0.5311930179595947
vn -0.9968910217285156 -0.07764101773500443 -0.013423267751932144
vn -0.7878872752189636 -0.3101508617401123 -0.5320151448249817
vn -0.060248613357543945 -0.9980058670043945 -0.018826808780431747
vn -0.6020458340644836 -0.7929790019989014 0.09340821951627731
vn -0.2592008709907532 -0.8203698992729187 -0.5097137689590454
vn -0.7714803218841553 -0.296200692653656 -0.5631014704704285
vn -0.5671408772468567 0.13123853504657745 -0.8130975961685181
vn -0.5100436210632324 0.19266323745250702 -0.8382937908172607
vn 0.9754710793495178 0.21821646392345428 -0.02894403599202633
vn 0.30681344866752625 -0.7690067291259766 0.5607978701591492
vn -0.6009525656700134 -0.7922965884208679 0.10546182096004486
vn -0.5062415599822998 -0.8616092205047607 0.03672931715846062
vn -0.2514718770980835 -0.9637535214424133 0.08911232650279999
vn -0.9875657558441162 0.024962570518255234 -0.15521200001239777
vn -0.8161728978157043 0.25356951355934143 -0.5191957950592041
vn -0.03798355162143707 0.6715683341026306 -0.7399683594703674
vn 0.3483346700668335 0.8419734835624695 -0.4119996726512909
vn 0.7585088610649109 0.6168412566184998 0.2101694941520691
vn 0.1932344287633896 -0.8299875259399414 0.5232409834861755
vn -0.13532549142837524 -0.9819864630699158 0.1318698227405548
vn -0.6193791627883911 -0.6053761839866638 0.4998891055583954
vn 0.4411275088787079 -0.7063003182411194 0.5536662936210632
vn -0.3043751120567322 -0.6804820895195007 0.6665582060813904
vn 0.7585088610649109 0.6168412566184998 0.2101694941520691
vn 0.7284190654754639 0.5320276021957397 -0.43168532848358154
vn 0.9867770075798035 0.15791569650173187 0.03652185574173927
vn -0.5070157647132874 -0.0774967148900032 -0.8584458231925964
vn -0.9601044058799744 -0.2448938935995102 -0.13500559329986572
vn -0.6719672679901123 -0.6222894787788391 -0.4015169143676758
vn -0.6472965478897095 -0.6305702924728394 -0.42823854088783264
vn -0.9636691212654114 -0.18688689172267914 -0.19082759320735931
vn -0.8746514320373535 0.14988693594932556 -0.46099764108657837
vn -0.5189386606216431 -0.15363560616970062 -0.8408916592597961
vn 0.11172371357679367 0.11316690593957901 -0.9872745871543884
vn 0.17208819091320038 0.6198063492774963 -0.7656538486480713
vn 0.849780797958374 0.2518490254878998 -0.4630816876888275
vn 0.14921097457408905 0.2639886736869812 -0.9529145359992981
vn 0.9717321395874023 0.23542532324790955 -0.01765093021094799
vn 0.9148833155632019 0.010602639056742191 0.40357911586761475
vn 0.7585088610649109 0.6168412566184998 0.2101694941520691
vn 0.9867770075798035 0.15791569650173187 0.03652185574173927
vn -0.9637247920036316 -0.18162842094898224 -0.19556482136249542
vn -0.8358971476554871 -0.3988712430000305 0.3770644962787628
vn 0.9867770075798035 0.15791569650173187 0.03652185574173927
vn 0.8423886299133301 -0.04005665332078934 0.5373796224594116
vn 0.7026410698890686 0.522363543510437 0.4831479787826538
vn -0.9635651111602783 -0.1921360045671463 -0.18608081340789795
vn -0.6726922988891602 -0.6154105067253113 -0.41079801321029663
vn 0.24907779693603516 0.9473819732666016 -0.2010665088891983
vn 0.9630532264709473 0.1481209248304367 0.22491924464702606
vn 0.24907779693603516 0.9473819732666016 -0.2010665088891983
vn 0.7968387603759766 0.29258474707603455 0.5286229252815247
vn 0.9222473502159119 0.24227096140384674 0.3012716770172119
vn -0.34681013226509094 0.22077926993370056 -0.9115806221961975
vn -0.99876868724823 0.019425902515649796 -0.04564867168664932
vn 0.21126718819141388 0.2958739697933197 -0.9315711259841919
vn -0.6472965478897095 -0.6305702924728394 -0.42823854088783264
vn -0.7645251750946045 -0.48980456590652466 0.4190380275249481
vn -0.6726922988891602 -0.6154105067253113 -0.41079801321029663
vn -0.8663321733474731 -0.34105005860328674 0.3649020493030548
vn 0.9818337559700012 0.1761041134595871 -0.07063886523246765
vn 0.7567272186279297 0.43287646770477295 0.4898795783519745
vn -0.7144854068756104 0.005817181430757046 -0.6996261477470398
vn -0.9319735169410706 -0.24043139815330505 0.2713263928890228
vn 0.9222473502159119 0.24227096140384674 0.3012716770172119
vn 0.7747049331665039 0.31192195415496826 0.5500335693359375
vn 0.4265865087509155 0.20153610408306122 0.8817070126533508
vn -0.6339964866638184 0.11390529572963715 -0.7649012804031372
vn 0.8303719758987427 0.05223416909575462 -0.5547558069229126
vn -0.9704652428627014 0.11318235844373703 -0.21304237842559814
vn 0.2035994827747345 0.1316150724887848 -0.970167338848114
vn 0.7866420149803162 -0.5917209386825562 -0.1762404441833496
vn 0.057255323976278305 0.18328776955604553 -0.9813905358314514
vn 0.7866420149803162 -0.5917209386825562 -0.1762404441833496
vn 0.9225381016731262 0.09805207699537277 0.3732414245605469
vn -0.48517927527427673 -0.06109750270843506 0.872277557849884
vn -0.25244542956352234 -0.05238589271903038 0.9661920070648193
vn 0.7879540920257568 0.06585566699504852 0.6122020483016968
vn -0.5818058252334595 -0.04562360420823097 0.8120471239089966
vn 0.7146245837211609 0.07046205550432205 0.6959502696990967
vn -0.7618523836135864 -0.0923013687133789 0.6411407589912415
vn 0.985745370388031 0.13321395218372345 -0.1027623862028122
vn 0.8663543462753296 0.33245769143104553 0.37269559502601624
vn 0.4571000337600708 0.2701351046562195 0.847399890422821
vn 0.8600233197212219 -0.10647308081388474 0.49902236461639404
vn 0.9416251182556152 -0.096072718501091 0.3226642310619354
vn 0.7866420149803162 -0.5917209386825562 -0.1762404441833496
vn 0.9282677173614502 -0.07230711728334427 0.36481600999832153
vn -0.08949170261621475 0.4901401102542877 -0.8670374155044556
vn -0.8581576347351074 0.43238183856010437 -0.2767876088619232
vn 0.7345273494720459 0.1258183866739273 -0.6668127775192261
vn 0.04329803213477135 0.6666239500045776 -0.7441356182098389
vn 0.09082580357789993 0.6897332668304443 -0.7183443903923035
vn 0.9209322929382324 0.23362617194652557 0.3119336664676666
vn 0.9489420056343079 0.0980689525604248 -0.29981932044029236
vn 0.7146245837211609 0.07046205550432205 0.6959502696990967
vn -0.4650002717971802 -0.02440529875457287 0.8849740624427795
vn 0.63242506980896 0.07419384270906448 0.7710602283477783
vn 0.8867635726928711 0.08085131645202637 0.4550970792770386
vn 0.6160383820533752 0.5034605264663696 0.6058252453804016
vn 0.8207958936691284 -0.2998929023742676 0.4861670434474945
vn 0.2529509365558624 0.040678493678569794 0.9666235446929932
vn 0.33360379934310913 -0.18314751982688904 -0.9247515797615051
vn -0.04582277685403824 -0.5306141972541809 -0.8463739156723022
vn -0.10525215417146683 0.08326209336519241 -0.9909537434577942
vn -0.6987771391868591 0.18209832906723022 -0.6917735934257507
vn -0.9108951091766357 0.2877771854400635 -0.2957269251346588
vn 0.9506191611289978 -0.020166533067822456 -0.3097039759159088
vn 0.793613076210022 0.14173202216625214 -0.5916843414306641
vn 0.9489420056343079 0.0980689525604248 -0.29981932044029236
vn -0.9244954586029053 0.29100796580314636 -0.24621643126010895
vn -0.3971026539802551 0.7172876596450806 -0.5725451111793518
vn -0.2704330086708069 0.7720020413398743 -0.5752207636833191
vn 0.6232975125312805 -0.4215526580810547 -0.6586300134658813
vn 0.8527072072029114 -0.5131038427352905 0.09805543720722198
vn -0.14954449236392975 -0.6984997391700745 -0.6998103857040405
vn 0.945159375667572 -0.2836969196796417 0.16183264553546906
vn -0.376112699508667 -0.41396722197532654 0.8289574384689331
vn -0.9729092121124268 -0.06404463201761246 0.22213946282863617
vn 0.24104399979114532 -0.2403438687324524 0.9402832388877869
vn -0.20902162790298462 0.4329895079135895 -0.8768294453620911
vn 0.9367465972900391 -0.08373832702636719 0.33984360098838806
vn -0.5291768312454224 0.400449275970459 0.7480724453926086
vn -0.13861271739006042 0.812012791633606 -0.5669406652450562
vn 0.43622729182243347 0.7737746834754944 0.4593239724636078
vn -0.8735156059265137 -0.15317296981811523 -0.46206986904144287
vn -0.9555352330207825 -0.10412294417619705 0.2758820652961731
vn 0.7844895124435425 -0.4350932538509369 0.4418937861919403
vn 0.8951018452644348 -0.005004259757697582 0.445833683013916
vn -0.3174686133861542 0.39034709334373474 -0.8642006516456604
vn -0.2503087818622589 0.365400493144989 -0.8965645432472229
vn -0.7939100861549377 0.47713756561279297 0.3768905699253082
vn -0.5803197026252747 -0.07469040900468826 0.8109564781188965
vn -0.4065738022327423 0.461251825094223 0.7886345982551575
vn 0.29500192403793335 -0.014568323269486427 0.9553855657577515
vn -0.5109166502952576 0.3849390149116516 0.7686260938644409
vn -0.5600647926330566 0.34409698843955994 0.7536078095436096
vn 0.06403942406177521 0.7470316886901855 -0.6616968512535095
vn -0.7404658794403076 0.6712903380393982 -0.03285664692521095
vn 0.4166489839553833 0.09292110800743103 0.9043059945106506
vn 0.8888644576072693 0.0059157791547477245 0.4581320881843567
vn -0.47326621413230896 0.3531026244163513 0.8070549368858337
vn -0.640704333782196 -0.7658023834228516 0.05517856404185295
vn -0.7491539120674133 -0.6558907628059387 -0.09260539710521698
vn 0.5049699544906616 0.8569942712783813 -0.10279174894094467
vn 0.3879148066043854 0.908869206905365 0.1532280594110489
vn -0.9301797747612 -0.12891885638237 0.3437231779098511
vn -0.4926496744155884 -0.23607635498046875 0.8375943303108215
vn -0.5957297682762146 -0.16804403066635132 0.7854089736938477
vn 0.698130190372467 0.2977209687232971 -0.651134729385376
vn -0.45169010758399963 0.3606899082660675 -0.8160139322280884
vn -0.6950783729553223 -0.1983388513326645 -0.6910337805747986
vn 0.13872279226779938 0.18918633460998535 -0.972092866897583
vn 0.036531951278448105 0.4099384546279907 -0.9113813042640686
vn 0.7218672633171082 0.43022581934928894 -0.5420455932617188
vn 0.0987672358751297 0.35294172167778015 -0.9304177165031433
vn 0.6667442917823792 0.711320698261261 0.222429558634758
vn -0.2704330086708069 0.7720020413398743 -0.5752207636833191
vn 0.4206583797931671 0.8616445064544678 0.2839283347129822
vn 0.09542462974786758 0.8490436673164368 0.5196336507797241
vn -0.5144641995429993 -0.24908900260925293 0.8205372095108032
vn 0.3806968033313751 -0.3011278212070465 0.8742951154708862
vn -0.7060986757278442 0.1986076384782791 0.6796908974647522
vn 0.008963057771325111 -0.13238850235939026 0.9911573529243469
vn -0.5420510172843933 0.2641354501247406 0.7977550625801086
vn -0.687907338142395 -0.2710927128791809 -0.6732699275016785
vn -0.8366479277610779 -0.5169127583503723 -0.1811668425798416
vn -0.9411266446113586 -0.3351893126964569 -0.04391688480973244
vn -0.9852263331413269 -0.055544525384902954 -0.16199979186058044
vn 0.4080597162246704 0.22503098845481873 -0.8847871422767639
vn -0.08686494827270508 0.5132065415382385 -0.8538580536842346
vn -0.14109233021736145 -0.0660853460431099 -0.9877883195877075
vn 0.562946081161499 0.6945736408233643 -0.44795000553131104
vn 0.5760510563850403 0.07406576722860336 -0.8140512704849243
vn 0.06469060480594635 -0.015937965363264084 -0.997778058052063
vn 0.8358960151672363 0.5347495675086975 0.1237771064043045
vn 0.1899554282426834 0.09998860210180283 -0.9766878485679626
vn 0.3128996193408966 0.10850606113672256 -0.9435678720474243
vn -0.4231269657611847 0.15892541408538818 -0.8920237421989441
vn 0.7655072808265686 0.23243117332458496 -0.5999786257743835
vn 0.7959065437316895 0.5993651151657104 0.08540689945220947
vn 0.18044954538345337 -0.9703934192657471 -0.16054444015026093
vn 0.6447908282279968 -0.5332441329956055 -0.5476272702217102
vn 0.6982166171073914 -0.3407893180847168 -0.6295682787895203
vn 0.5281033515930176 -0.8254826068878174 -0.19921158254146576
vn -0.0038135540671646595 -0.9680697917938232 -0.2506517767906189
vn -0.39882415533065796 -0.5601456761360168 0.7260690331459045
vn -0.45939552783966064 -0.8526442050933838 0.2489050328731537
vn 0.954487681388855 -0.1670772135257721 -0.24705953896045685
vn 0.8188937902450562 -0.19464370608329773 0.539932370185852
vn -0.22896111011505127 -0.10108420252799988 0.9681728482246399
vn -0.39617806673049927 -0.17049874365329742 0.9022046327590942
vn 0.16596713662147522 -0.29385146498680115 0.9413321018218994
vn 0.8168352842330933 -0.12330666184425354 0.5635383129119873
vn 0.8094652891159058 -0.46238067746162415 -0.36189788579940796
vn 0.871662437915802 -0.28050628304481506 0.401896595954895
vn 0.7959065437316895 0.5993651151657104 0.08540689945220947
vn 0.8983156681060791 0.06361914426088333 0.43472009897232056
vn 0.8391701579093933 0.28663399815559387 -0.4622061252593994
vn 0.3284696042537689 0.015234173275530338 -0.9443917274475098
vn 0.6178130507469177 0.08146916329860687 -0.7820931673049927
vn -0.7524546980857849 -0.10292311757802963 -0.6505526304244995
vn 0.10346096754074097 0.5131429433822632 -0.8520447611808777
vn -0.4514499604701996 0.758879542350769 -0.4693557918071747
vn -0.2623504400253296 0.8234505653381348 -0.5030918121337891
vn 0.47932782769203186 0.8306261897087097 0.28338122367858887
vn -0.10723896324634552 -0.9754095673561096 -0.19255109131336212
vn -0.48335030674934387 -0.5052895545959473 0.714881181716919
vn -0.48944124579429626 -0.5315768122673035 0.6912838220596313
vn 0.667672872543335 -0.29121923446655273 0.6851308345794678
vn 0.10230467468500137 -0.2699018716812134 0.9574376344680786
vn -0.5621612668037415 -0.8127488493919373 0.15301640331745148
vn 0.44954538345336914 0.25607869029045105 0.8557643890380859
vn 0.713218629360199 0.29332828521728516 0.6366143226623535
vn 0.11314061284065247 0.5552434325218201 0.8239562511444092
vn 0.24345922470092773 0.35598987340927124 0.9022188782691956
vn -0.47667819261550903 0.7296051979064941 0.4903612732887268
vn -0.5109086632728577 0.20832425355911255 0.8340104222297668
vn -0.04107911139726639 -0.47469228506088257 0.8791926503181458
vn 0.7159816026687622 -0.029225235804915428 0.6975070834159851
vn -0.8323665261268616 -0.47101882100105286 -0.29207393527030945
vn -0.5983104109764099 -0.7787730693817139 0.18851298093795776
vn 0.8844891786575317 -0.12093711644411087 0.4506140947341919
vn 0.7458317279815674 0.17252331972122192 -0.6434056162834167
vn 0.8894307613372803 0.3121245801448822 -0.33390286564826965
vn 0.5374017953872681 -0.16335104405879974 -0.8273546695709229
vn 0.6157181262969971 -0.5763925313949585 -0.5372734665870667
vn 0.9826393723487854 0.02597089298069477 -0.18369914591312408
vn 0.6592245101928711 0.5496320128440857 -0.5131546854972839
vn -0.6220101118087769 0.6631441712379456 -0.4163450598716736
vn 0.5841735601425171 0.7901413440704346 0.1855207234621048
vn 0.9259246587753296 0.29062169790267944 0.2412521094083786
vn -0.8214761018753052 0.4830777049064636 -0.30300650000572205
vn 0.8391100764274597 0.21422907710075378 -0.5000001788139343
vn 0.747821569442749 0.11715514212846756 -0.653481125831604
vn 0.26223063468933105 -0.01848050020635128 0.9648282527923584
vn 0.23248589038848877 0.4064619541168213 0.8835943937301636
vn -0.15743957459926605 -0.3518277108669281 0.9227296710014343
vn -0.11042758822441101 -0.637907087802887 0.7621550559997559
vn 0.02764860913157463 -0.34296417236328125 0.938941478729248
vn 0.8866994976997375 -0.20473313331604004 0.41454607248306274
vn -0.35352635383605957 -0.8080856204032898 -0.4711865186691284
vn -0.9454078674316406 -0.24787884950637817 -0.21156568825244904
vn -0.5669399499893188 -0.39955660700798035 -0.7203704714775085
vn -0.6301973462104797 -0.7691405415534973 -0.10618032515048981
vn 0.6157181262969971 -0.5763925313949585 -0.5372734665870667
vn 0.6592245101928711 0.5496320128440857 -0.5131546854972839
vn 0.9068829417228699 -0.04509656876325607 0.41896259784698486
vn 0.8236926794052124 0.5274261236190796 0.20821183919906616
vn 0.9977258443832397 -0.03929653391242027 -0.05476212128996849
vn 0.8236926794052124 0.5274261236190796 0.20821183919906616
vn 0.9064264297485352 0.39787226915359497 -0.14173512160778046
vn 0.2997150421142578 0.5618605017662048 0.771027684211731
vn -0.8783596158027649 0.4094083607196808 0.24671699106693268
vn 0.1205645501613617 0.8113362789154053 0.5720119476318359
vn -0.5443255305290222 0.8223243951797485 0.1658076047897339
vn 0.9568785429000854 -0.09801781177520752 0.27345186471939087
vn 0.7488622665405273 -0.08310558646917343 -0.6574944257736206
vn 0.9568785429000854 -0.09801781177520752 0.27345186471939087
vn -0.048848796635866165 0.08701292425394058 0.9950088262557983
vn 0.6100085973739624 0.2416706085205078 0.7546421885490417
vn -0.5213599801063538 0.7787510752677917 0.3488990366458893
vn -0.048848796635866165 0.08701292425394058 0.9950088262557983
vn -0.4138433635234833 0.8899644613265991 0.19156424701213837
vn 0.6100085973739624 0.2416706085205078 0.7546421885490417
vn 0.8402736783027649 0.14630931615829468 -0.5220476388931274
vn 0.9158868193626404 0.33494341373443604 0.22127878665924072
vn 0.008736812509596348 -0.006924767512828112 -0.999937891960144
vn -0.008736812509596348 0.006924767512828112 0.999937891960144
vn -0.008736812509596348 0.006924767512828112 0.999937891960144
vn -0.1351906657218933 -0.49573495984077454 -0.8578870892524719
vn 0.8352866768836975 0.04939216375350952 -0.5475915670394897
vn 0.3236044645309448 -0.1610403209924698 -0.9323873519897461
vn 0.6977401375770569 0.22455300390720367 -0.6802460551261902
vn -0.5503634810447693 -0.731659471988678 0.4022118151187897
vn -0.6173213720321655 -0.7287784218788147 0.29630446434020996
vn 0.9508589506149292 0.029079601168632507 0.30825603008270264
vn -0.8160997033119202 -0.5778413414955139 0.008977134712040424
vn -0.9144364595413208 -0.4016152322292328 -0.05011187493801117
vn -0.9402123689651489 0.33974483609199524 -0.023961367085576057
vn -0.961891233921051 -0.27234745025634766 0.02433381974697113
vn 0.4780083894729614 -0.8336952328681946 -0.2765144109725952
vn -0.3976537585258484 -0.9006514549255371 0.17520958185195923
vn 0.9285686016082764 0.31468045711517334 0.19681617617607117
vn -0.008736812509596348 0.006924767512828112 0.999937891960144
vn -0.5716447234153748 -0.2546832263469696 -0.779973566532135
vn -0.8823788166046143 0.12074136734008789 -0.4547845423221588
vn -0.46128469705581665 -0.7069753408432007 0.5360991358757019
vn -0.006264194380491972 -0.9457038044929504 0.32496920228004456
vn 0.8236926794052124 0.5274261236190796 0.20821183919906616
vn 0.24344296753406525 0.5931612849235535 0.7673950791358948
vn -0.9073930382728577 -0.03777628764510155 -0.41858193278312683
vn 0.6743788123130798 0.3337476849555969 -0.6586543917655945
vn 0.4210726320743561 -0.45047876238822937 0.78725266456604
vn 0.20115262269973755 -0.9681281447410583 0.14921605587005615
vn -0.4090818464756012 -0.8758361339569092 -0.25605303049087524
vn -0.6246005296707153 -0.6770765781402588 0.3891548812389374
vn -0.08357314765453339 -0.9963564276695251 0.017010442912578583
vn -0.6624566316604614 0.7467837929725647 0.05886635184288025
vn 0.20289500057697296 0.7986539006233215 0.566555917263031
vn -0.3982982337474823 0.8976723551750183 0.18852807581424713
vn 0.21498967707157135 0.670815110206604 0.7097792625427246
vn 0.6100085973739624 0.2416706085205078 0.7546421885490417
vn -0.9649296998977661 0.0018165846122428775 -0.2625022530555725
vn -0.6802683472633362 -0.7329630255699158 -0.0004181595577392727
vn 0.6691091060638428 -0.7428325414657593 0.022199034690856934
vn 0.6983059644699097 0.24755094945430756 -0.671630322933197
vn -0.43304353952407837 0.4277907907962799 -0.7933903932571411
vn 0.7418116331100464 -0.6210086941719055 -0.25310835242271423
vn -0.958043098449707 0.14823505282402039 -0.24531589448451996
vn -0.9423338174819946 0.30904245376586914 -0.12845110893249512
vn -0.8449888229370117 -0.16743935644626617 -0.5078956484794617
vn -0.9674879908561707 0.04010750725865364 -0.24971678853034973
vn -0.5498229265213013 0.43812230229377747 -0.7111565470695496
vn -0.6553272604942322 0.43946945667266846 -0.614339292049408
vn -0.4892486333847046 -0.1290217638015747 -0.8625480532646179
vn 0.7258158922195435 0.08089305460453033 -0.6831161379814148
vn -0.5186222195625305 -0.14175951480865479 -0.8431696891784668
vn 0.9953442811965942 -0.010759503580629826 -0.09578076750040054
vn 0.4437394440174103 0.13237497210502625 -0.8863250613212585
vn -0.9610545635223389 -0.058161042630672455 -0.27016931772232056
vn -0.7743313908576965 0.49844828248023987 -0.38982078433036804
vn 0.7766332626342773 -0.3381556570529938 0.5314993262290955
vn 0.8905770182609558 0.2715201675891876 0.3648965060710907
vn 0.970784604549408 0.15869204699993134 0.17998388409614563
vn 0.32931169867515564 0.7644320130348206 0.5542540550231934
vn 0.4888412356376648 -0.13100726902484894 -0.8624798059463501
vn 0.6515612602233887 -0.7345784306526184 -0.18937385082244873
vn -0.9671911001205444 0.23023898899555206 0.10738430917263031
vn 0.9045457243919373 -0.30461201071739197 -0.2983430027961731
vn 0.6082835793495178 0.7935612797737122 -0.01586296781897545
vn 0.9767981767654419 0.09925662726163864 -0.18977221846580505
vn -0.47863659262657166 -0.7788558006286621 -0.4053279757499695
vn -0.10597548633813858 -0.9455103874206543 -0.3078625500202179
vn -0.01355012971907854 0.044102851301431656 -0.9989351034164429
vn -0.6056278347969055 0.1625019758939743 -0.7789788246154785
vn -0.5862929821014404 -0.5612600445747375 -0.584164023399353
vn -0.6750049591064453 -0.03285940736532211 -0.7370811104774475
vn -0.4691793918609619 -0.18537934124469757 -0.8634264469146729
vn -0.1738041341304779 -0.6986795663833618 -0.6940021514892578
vn -0.4691793918609619 -0.18537934124469757 -0.8634264469146729
vn -0.1974392831325531 -0.7306274175643921 -0.6536064743995667
vn 0.438553124666214 -0.4295489490032196 -0.7894040942192078
vn 0.418842077255249 -0.4074021577835083 -0.8115385174751282
vn -0.4691793918609619 -0.18537934124469757 -0.8634264469146729
vn 0.09123451262712479 0.9378006458282471 0.3349718451499939
vn -0.948655366897583 0.12737132608890533 0.2895333468914032
vn -0.8055533766746521 -0.584031343460083 0.09995605051517487
vn 0.666907548904419 0.28227943181991577 -0.6896032691001892
vn 0.6980199217796326 -0.71476149559021 0.04340808838605881
vn 0.9960946440696716 -0.08530967682600021 -0.02275465428829193
vn 0.9918491840362549 0.08604121953248978 0.09397951513528824
vn -0.7746757864952087 -0.5601663589477539 -0.2934126853942871
vn 0.715743899345398 -0.3742583990097046 0.589611291885376
vn 0.8905770182609558 0.2715201675891876 0.3648965060710907
vn 0.292103111743927 -0.338030070066452 0.8946571350097656
vn -0.6515601873397827 -0.518336296081543 0.5538924336433411
vn 0.7316961288452148 -0.6677209734916687 0.13700178265571594
vn 0.4453672170639038 -0.8651958107948303 -0.23040036857128143
vn -0.2970121502876282 -0.5941957235336304 -0.7474725842475891
vn -0.8028414845466614 -0.5692819952964783 -0.1770978420972824
vn -0.8889356851577759 -0.3620017468929291 -0.28062087297439575
vn -0.7110352516174316 0.103172667324543 -0.69554603099823
vn -0.9423338174819946 0.30904245376586914 -0.12845110893249512
vn 0.27820196747779846 -0.9598163366317749 0.036827653646469116
vn 0.4576638340950012 -0.45110777020454407 -0.7661890387535095
vn -0.14961092174053192 -0.6644881963729858 -0.7321693897247314
vn -0.7531212568283081 -0.1419317126274109 -0.642389178276062
vn -0.1738041341304779 -0.6986795663833618 -0.6940021514892578
vn -0.7912606000900269 0.2865700125694275 0.5401707291603088
vn -0.7743313908576965 0.49844828248023987 -0.38982078433036804
vn -0.5597919225692749 0.7991690635681152 0.21900200843811035
vn 0.35883498191833496 0.047833845019340515 -0.9321746230125427
vn -0.7743313908576965 0.49844828248023987 -0.38982078433036804
vn -0.9719401001930237 0.14726577699184418 0.183426171541214
vn -0.5568668842315674 0.7800304293632507 0.28539764881134033
vn 0.8905770182609558 0.2715201675891876 0.3648965060710907
vn 0.2990586757659912 0.7721813321113586 0.5606245994567871
vn -0.5597919225692749 0.7991690635681152 0.21900200843811035
vn 0.292103111743927 -0.338030070066452 0.8946571350097656
vn -0.14613750576972961 -0.8363634943962097 0.5283369421958923
vn -0.6353077292442322 -0.6347927451133728 0.4397979974746704
vn -0.08554445207118988 -0.8525059223175049 0.5156702399253845
vn -0.13468608260154724 -0.9800528883934021 -0.14613670110702515
vn 0.7431290149688721 -0.6454607844352722 0.17646390199661255
vn -0.43560075759887695 -0.48892349004745483 0.7557815909385681
vn 0.3352538049221039 0.7111475467681885 0.6179595589637756
vn 0.4018104374408722 -0.8067631125450134 0.43322229385375977
vn 0.7563817501068115 -0.6537317633628845 -0.022834045812487602
vn -0.6038836240768433 0.4915923774242401 0.6274244785308838
vn -0.4916348457336426 -0.6394408941268921 0.591109573841095
vn -0.6854879856109619 -0.6334500312805176 0.3589530289173126
vn -0.6617268323898315 -0.5979901552200317 0.4522447884082794
vn 0.22882087528705597 -0.8586642742156982 0.45862483978271484
vn 0.7407785058021545 -0.5171354413032532 0.428739994764328
vn 0.9177128076553345 0.30921033024787903 0.24938364326953888
vn 0.1360953003168106 0.9577536582946777 0.2533493638038635
vn -0.8607510924339294 0.2558475732803345 0.4400562644004822
vn -0.37445923686027527 0.83955317735672 0.3936123847961426
vn -0.8922105431556702 -0.40709421038627625 0.19553717970848083
vn -0.467912495136261 -0.4375517964363098 0.7678583264350891
vn -0.5600394010543823 0.8144850730895996 0.15155881643295288
vn 0.3499890863895416 0.6384070515632629 0.6855247616767883
vn 0.38542476296424866 0.558306872844696 0.7346707582473755
vn -0.9704253077507019 -0.09015519917011261 0.22393478453159332
vn -0.6038836240768433 0.4915923774242401 0.6274244785308838
vn -0.3118625283241272 0.2047441005706787 0.927804708480835
vn -0.1727719008922577 0.8251481056213379 0.5378480553627014
vn -0.24828501045703888 0.0032721066381782293 0.9686815142631531
vn -0.29992297291755676 -0.7003300189971924 0.647753119468689
vn 0.9006722569465637 -0.11067657172679901 0.420166939496994
vn 0.7188766598701477 0.28657782077789307 0.6333162784576416
vn 0.5140066146850586 -0.27182966470718384 0.8135759830474854
vn -0.9663562178611755 -0.2194155901670456 0.13421060144901276
vn -0.1380428671836853 -0.9900094270706177 -0.0287310853600502
vn -0.4611271321773529 -0.8369147777557373 0.29484835267066956
vn -0.6666510105133057 -0.7213345170021057 0.18775765597820282
vn -0.6588081121444702 -0.6977834701538086 0.28119415044784546
vn 0.6269643306732178 -0.7482242584228516 0.2169703245162964
vn 0.46932336688041687 -0.777570366859436 0.41847315430641174
vn 0.9748130440711975 -0.018906038254499435 0.22222083806991577
vn 0.8042267560958862 -0.5184057354927063 0.2906458377838135
vn -0.8352540135383606 0.43933334946632385 0.330661416053772
vn -0.467912495136261 -0.4375517964363098 0.7678583264350891
vn 0.9854124784469604 -0.1283530443906784 0.11174861341714859
vn 0.1977614015340805 0.14672443270683289 0.9692071080207825
vn 0.7188766598701477 0.28657782077789307 0.6333162784576416
vn 0.1977614015340805 0.14672443270683289 0.9692071080207825
vn 0.7188766598701477 0.28657782077789307 0.6333162784576416
vn -0.2700028419494629 -0.6461566686630249 0.7138487696647644
vn 0.5680661201477051 -0.3782861828804016 0.730890154838562
vn 0.610143780708313 -0.4767637848854065 0.6327881813049316
vn 0.2549546957015991 -0.9605133533477783 0.11140964925289154
vn -0.2008761614561081 -0.9777206182479858 -0.060919370502233505
vn -0.31423690915107727 -0.7257505059242249 0.6119978427886963
vn -0.7105461955070496 -0.6753808856010437 0.19744578003883362
vn -0.2008761614561081 -0.9777206182479858 -0.060919370502233505
vn 0.5680661201477051 -0.3782861828804016 0.730890154838562
vn 0.3757665157318115 -0.9093194603919983 0.17871089279651642
vn -0.04781673476099968 -0.20112693309783936 0.9783974289894104
vn 0.5125183463096619 -0.5058099627494812 0.6938884854316711
vn 0.9018486738204956 -0.009987379424273968 0.431936651468277
vn 0.38616836071014404 0.05462827533483505 0.920809268951416
vn 0.6604419350624084 -0.5317327976226807 0.5301665663719177
vn 0.5031973123550415 0.12096520513296127 0.8556634783744812
vn 0.6263151168823242 0.4842511713504791 0.6109256744384766
vn 0.9062973260879517 0.3452524244785309 -0.24377448856830597
vn 0.3527381420135498 0.09383732825517654 0.9310050010681152
vn 0.6153711676597595 0.4298010766506195 0.660749077796936
vn 0.770812451839447 -0.504905104637146 0.38848283886909485
vn 0.4275893568992615 0.08981605619192123 0.8995000720024109
vn 0.3344089090824127 -0.08802258968353271 0.9383084177970886
vn 0.8534574508666992 -0.11818786710500717 0.5075845122337341
vn 0.9771985411643982 -0.11946837604045868 0.1755286306142807
vn 0.8641063570976257 0.5030384659767151 -0.016512271016836166
vn -0.16052773594856262 -0.16422748565673828 0.9732728600502014
vn 0.3805203437805176 -0.5061646103858948 0.7739519476890564
vn 0.37677183747291565 -0.007547004148364067 0.926275372505188
vn -0.30712753534317017 0.8596451282501221 0.4082682430744171
vn 0.2529328763484955 0.8274436593055725 0.5013602375984192
vn -0.49843260645866394 -0.3845047652721405 0.7769949436187744
vn -0.8813146352767944 0.06690473109483719 0.46776941418647766
vn 0.3713832199573517 0.5449140071868896 0.7517601251602173
vn 0.6929009556770325 -0.7140538096427917 0.10007774084806442
vn 0.7080085873603821 -0.7053158283233643 0.03540446609258652
vn 0.9611841440200806 -0.26087912917137146 -0.08981700241565704
vn 0.36804327368736267 -0.564883828163147 -0.7385461330413818
vn 0.7985737919807434 0.17984628677368164 -0.5743998885154724
vn -0.36099961400032043 0.39673563838005066 0.8439669013023376
vn 0.1977614015340805 0.14672443270683289 0.9692071080207825
vn 0.4527635872364044 -0.8915237188339233 -0.01380779780447483
vn -0.8258395195007324 -0.4095473289489746 -0.3876338601112366
vn -0.286720335483551 -0.9449723362922668 0.1575397104024887
vn -0.823445737361908 -0.4370260238647461 0.36186379194259644
vn 0.9094365835189819 0.012738802470266819 0.4156475365161896
vn 0.6311827301979065 -0.7094436287879944 -0.3135252296924591
vn 0.8919792771339417 -0.07357298582792282 -0.44604936242103577
vn 0.8878650665283203 0.08384482562541962 -0.4523998498916626
vn -0.7068539261817932 0.5756763815879822 -0.41104042530059814
vn 0.31720125675201416 0.02582457847893238 0.9480065703392029
vn 0.3893108665943146 -0.6990641355514526 0.5997886061668396
vn 0.47955775260925293 -0.2157421112060547 0.8505761027336121
vn 0.2512363791465759 -0.11164125800132751 0.9614657759666443
vn 0.8179988265037537 0.21385733783245087 0.5339879393577576
vn 0.9562679529190063 -0.29214730858802795 0.014198062941432
vn -0.7376022338867188 0.21929095685482025 -0.6386349201202393
vn -0.7376022338867188 0.21929095685482025 -0.6386349201202393
vn -0.5370278358459473 -0.30779600143432617 -0.7854060530662537
vn -0.06547671556472778 0.23926611244678497 -0.9687437415122986
vn -0.21890853345394135 -0.964445173740387 -0.1480698585510254
vn 0.6068204641342163 -0.7945597171783447 -0.02106412686407566
vn 0.4307382106781006 -0.902472734451294 0.00275301281362772
vn -0.3525828421115875 -0.9319333434104919 -0.08476711064577103
vn 0.12829634547233582 -0.934276819229126 -0.33266618847846985
vn -0.7840576767921448 0.6203194856643677 0.021383149549365044
vn -0.891789436340332 -0.2518598735332489 -0.37587010860443115
vn -0.9156531095504761 -0.20949426293373108 0.34306180477142334
vn 0.9170278906822205 0.13824307918548584 0.3740971088409424
vn 0.9333195090293884 0.08878491818904877 -0.3478963077068329
vn 0.6218429207801819 -0.2739183008670807 -0.7336757779121399
vn -0.29485586285591125 0.857998788356781 0.4205924868583679
vn -0.5510300397872925 0.7337670922279358 0.3974314033985138
vn -0.7344678044319153 0.6782346367835999 -0.023554418236017227
vn 0.9889250993728638 0.1047888770699501 -0.10510198771953583
vn -0.11366064101457596 0.1916911005973816 -0.9748516082763672
vn -0.5036607384681702 -0.2827133536338806 -0.8163326978683472
vn -0.10735230892896652 -0.9163382649421692 -0.3857456147670746
vn 0.6988614201545715 -0.7152519226074219 -0.002725577214732766
vn 0.5652461647987366 -0.5398239493370056 -0.6237682700157166
vn -0.2758382260799408 -0.8690202832221985 -0.41075170040130615
vn 0.11940333247184753 -0.3661900758743286 -0.9228476285934448
vn -0.8055786490440369 -0.5775133967399597 0.1323685348033905
vn -0.43570372462272644 -0.7945439219474792 -0.4229210317134857
vn -0.8178251385688782 -0.4673728346824646 0.33574485778808594
vn -0.27167171239852905 -0.1987265944480896 0.9416487216949463
vn -0.786474347114563 0.4415404498577118 0.43185678124427795
vn 0.8974800705909729 -0.28061819076538086 -0.3402691185474396
vn 0.6031051874160767 0.6779058575630188 -0.4203663766384125
vn 0.22600437700748444 0.7576417326927185 0.6122916340827942
vn 0.009955420158803463 0.9717596173286438 -0.23576274514198303
vn 0.22600437700748444 0.7576417326927185 0.6122916340827942
vn -0.36609572172164917 0.8285699486732483 0.4236103594303131
vn 0.7602892518043518 -0.5508002638816833 -0.34435367584228516
vn 0.5928539633750916 0.8043919801712036 -0.038441721349954605
vn -0.09997974336147308 -0.7450052499771118 -0.6595234870910645
vn 0.10526181012392044 -0.7998320460319519 -0.5909218192100525
vn 0.4778663218021393 -0.8586690425872803 -0.18528707325458527
vn 0.8652616739273071 -0.46688371896743774 0.18259742856025696
vn -0.5965467691421509 -0.6585209965705872 -0.4587832987308502
vn -0.6605709195137024 0.16111145913600922 -0.733272910118103
vn -0.7981728911399841 -0.4604957699775696 0.3884117603302002
vn -0.7520678639411926 -0.4859297573566437 -0.4452708959579468
vn 0.35260534286499023 -0.4701317548751831 -0.8091017603874207
vn 0.6462689638137817 0.1363576352596283 -0.7508282661437988
vn 0.9256135821342468 0.13090762495994568 -0.3551093637943268
vn 0.4609227478504181 -0.21060720086097717 -0.8620874881744385
vn -0.8528304696083069 -0.4746735990047455 0.21763546764850616
vn 0.6132616996765137 -0.2719154357910156 -0.7416010499000549
vn -0.3652479648590088 0.8311371803283691 0.4192909002304077
vn 0.7172403931617737 0.635947048664093 -0.28484663367271423
vn 0.0031208063010126352 0.8521249890327454 0.5233291387557983
vn -0.3790002465248108 0.8824546933174133 -0.278626024723053
vn -0.056756407022476196 0.7443616390228271 0.6653603911399841
vn 0.08133874833583832 -0.15373823046684265 -0.9847581386566162
vn -0.46120986342430115 -0.34502944350242615 -0.8174595832824707
vn -0.8085666298866272 -0.5732743740081787 0.13257651031017303
vn -0.8615257143974304 -0.14477798342704773 -0.4866340458393097
vn -0.8441984057426453 -0.3730646073818207 -0.38490498065948486
vn -0.8619199395179749 0.49671515822410583 -0.10182434320449829
vn 0.709489643573761 0.4428868591785431 -0.5481566190719604
vn -0.2596736550331116 -0.26549914479255676 0.9284825325012207
vn 0.09254264086484909 0.9778392910957336 -0.18779326975345612
vn -0.4219054877758026 0.7782531976699829 0.4650998115539551
vn -0.5198780298233032 0.7300663590431213 0.4435424506664276
vn -0.6881476640701294 0.7091442346572876 -0.15351587533950806
vn -0.19875510036945343 -0.11008309572935104 0.9738470911979675
vn -0.786474347114563 0.4415404498577118 0.43185678124427795
vn -0.37087270617485046 0.7987678050994873 0.47373348474502563
vn 0.02111274003982544 0.28637275099754333 0.9578856229782104
vn -0.7736724019050598 -0.4318956434726715 0.46357011795043945
vn -0.1732311248779297 -0.8591930866241455 0.48143360018730164
vn 0.9165773391723633 -0.39845094084739685 0.03350958973169327
vn -0.1732311248779297 -0.8591930866241455 0.48143360018730164
vn 0.7108608484268188 -0.2914997339248657 0.6400818824768066
vn 0.7602892518043518 -0.5508002638816833 -0.34435367584228516
vn 0.7602892518043518 -0.5508002638816833 -0.34435367584228516
vn 0.5928539633750916 0.8043919801712036 -0.038441721349954605
vn -0.48211461305618286 0.7733051776885986 0.41178223490715027
vn -0.5954405665397644 0.7954522967338562 -0.11272209137678146
vn -0.5192801356315613 0.1728687286376953 -0.8369376063346863
vn -0.9419665932655334 0.0033905550371855497 0.33568957448005676
vn -0.9565317630767822 -0.2871807813644409 -0.05073590949177742
vn -0.7705856561660767 0.4476475417613983 0.4536622166633606
vn 0.5485407114028931 0.7692620158195496 0.3276263177394867
vn -0.032715920358896255 0.9862040281295776 -0.16226938366889954
vn -0.6222602725028992 0.521416962146759 -0.5838804841041565
vn 0.6467958688735962 -0.08199703693389893 -0.7582424283027649
vn -0.786474347114563 0.4415404498577118 0.43185678124427795
vn -0.448740154504776 0.7508444786071777 0.4846285581588745
vn -0.8187594413757324 0.5610097050666809 -0.12206974625587463
vn 0.9232474565505981 0.35212957859039307 0.1536841094493866
vn 0.380863219499588 0.04746260866522789 0.9234124422073364
vn -0.7792482972145081 -0.4603045880794525 -0.4253136217594147
vn -0.350492924451828 0.20970618724822998 -0.9127858281135559
vn -0.7112402319908142 0.4850017726421356 -0.5088326930999756
vn -0.5863801836967468 0.10967215150594711 -0.8025773167610168
vn 0.37340715527534485 0.37916043400764465 -0.8466430306434631
vn -0.9510641694068909 -0.16485053300857544 -0.2613449692726135
vn -0.23652134835720062 -0.15789543092250824 -0.9587109684944153
vn 0.4865562617778778 -0.04847779497504234 -0.8723031878471375
vn 0.5902360081672668 -0.005139081738889217 -0.8072143793106079
vn 0.29393425583839417 0.2923477590084076 -0.9100194573402405
vn 0.20748671889305115 0.805996298789978 -0.5543639063835144
vn 0.44602951407432556 0.717138946056366 -0.5355085134506226
vn -0.7841660380363464 0.5933724641799927 -0.18163877725601196
vn -0.42927080392837524 0.6114450693130493 -0.6647266149520874
vn 0.1568867415189743 0.9467480182647705 -0.28116682171821594
vn 0.650915265083313 -0.310648649930954 0.6926808953285217
vn 0.2175898402929306 -0.025710539892315865 0.975701630115509
vn -0.35969623923301697 -0.4719761610031128 0.8048956990242004
vn 0.7134323716163635 -0.43203970789909363 0.5516846776008606
vn 0.5928539633750916 0.8043919801712036 -0.038441721349954605
vn 0.9259983897209167 0.12920038402080536 0.3547312021255493
vn -0.5966425538063049 0.7940286993980408 -0.11634480208158493
vn -0.6117202639579773 0.37269914150238037 -0.6977777481079102
vn 0.12078266590833664 0.4827163517475128 -0.8674079179763794
vn 0.49588555097579956 0.12005456537008286 0.8600490689277649
vn 0.9610296487808228 0.2759188115596771 0.01705470122396946
vn 0.3336833417415619 -0.5812907814979553 -0.7421296238899231
vn -0.7200140953063965 -0.6355239152908325 -0.2787274122238159
vn -0.813393771648407 -0.5499474406242371 -0.18960082530975342
vn -0.8128621578216553 -0.5059996843338013 -0.28847813606262207
vn 0.6703667640686035 0.728571355342865 -0.14068472385406494
vn 0.7133007645606995 0.6102713346481323 -0.3446315824985504
vn 0.2755816578865051 0.9289225339889526 -0.24730081856250763
vn -0.2064189314842224 -0.9701067209243774 -0.1276097148656845
vn -0.7862818837165833 -0.5887251496315002 0.18751931190490723
vn -0.056153371930122375 -0.7763985991477966 -0.6277356147766113
vn -0.5700781345367432 0.5620278120040894 -0.5992792248725891
vn 0.2628108859062195 -0.9079510569572449 -0.32642802596092224
vn -0.70973140001297 -0.16340067982673645 0.6852602958679199
vn 0.07260583341121674 -0.026686890050768852 0.9970036745071411
vn -0.20907531678676605 -0.24210160970687866 0.9474567770957947
vn -0.17152786254882812 -0.45211344957351685 0.875312328338623
vn 0.3507641553878784 -0.007465636823326349 0.9364340305328369
vn -0.782845139503479 0.23029685020446777 -0.5780285000801086
vn -0.5297336578369141 -0.3676779270172119 0.7643266320228577
vn 0.9189205765724182 0.27648887038230896 0.2813163101673126
vn 0.12078266590833664 0.4827163517475128 -0.8674079179763794
vn -0.6439554691314697 -0.6864899396896362 -0.337717205286026
vn 0.468985378742218 -0.4919303059577942 -0.7335238456726074
vn -0.5484910011291504 -0.5009726285934448 0.6694654822349548
vn 0.12078266590833664 0.4827163517475128 -0.8674079179763794
vn 0.9218445420265198 -0.0888582095503807 0.3772357702255249
vn 0.8977444171905518 -0.147502601146698 -0.4150879979133606
vn 0.30881059169769287 -0.9103578329086304 0.27547162771224976
vn -0.5523744225502014 -0.6206820011138916 0.5564497709274292
vn 0.5777286887168884 -0.4681348502635956 -0.6686398983001709
vn 0.45072612166404724 -0.8636979460716248 -0.2255478948354721
vn 0.8977444171905518 -0.147502601146698 -0.4150879979133606
vn 0.2755816578865051 0.9289225339889526 -0.24730081856250763
vn 0.03427586331963539 0.9813345670700073 -0.18922914564609528
vn 0.8688464760780334 0.49046993255615234 0.06741679459810257
vn 0.45850107073783875 0.8556739687919617 0.23999753594398499
vn 0.8477848172187805 0.5289524793624878 0.03834186866879463
vn 0.5315884947776794 0.8391826748847961 0.11483097821474075
vn 0.03427586331963539 0.9813345670700073 -0.18922914564609528
vn -0.9746994376182556 0.09085071086883545 -0.20422349870204926
vn -0.7862818837165833 -0.5887251496315002 0.18751931190490723
vn 0.6870039105415344 -0.7180312275886536 0.11161084473133087
vn 0.06864722073078156 0.9700669646263123 -0.2329326868057251
vn -0.6898837089538574 0.6763458847999573 -0.25810226798057556
vn -0.7704488039016724 0.6063246726989746 -0.19692406058311462
vn -0.8894386887550354 0.36764124035835266 -0.2715487778186798
vn 0.24575123190879822 -0.7150593996047974 -0.6544435620307922
vn 0.5633505582809448 -0.8009843826293945 -0.2026330530643463
vn -0.08900619298219681 -0.8675716519355774 0.48928242921829224
vn -0.8908577561378479 -0.15560421347618103 0.42680180072784424
vn -0.5484910011291504 -0.5009726285934448 0.6694654822349548
vn 0.9299513697624207 0.0868220254778862 0.35728466510772705
vn -0.6142396926879883 -0.7891193628311157 -0.000547053583431989
vn -0.2104126662015915 -0.9084692597389221 0.3611234426498413
vn -0.15415099263191223 -0.9703109860420227 -0.18637089431285858
vn -0.2104126662015915 -0.9084692597389221 0.3611234426498413
vn -0.5758131146430969 0.792390763759613 -0.2013852298259735
vn -0.8268895149230957 -0.315400630235672 -0.4655922055244446
vn 0.4993201196193695 -0.8547914028167725 -0.14146053791046143
vn -0.6766921877861023 0.6663944721221924 -0.3130593001842499
vn -0.7541319131851196 0.36528679728507996 -0.5457568764686584
vn -0.1641867756843567 0.3950344920158386 -0.9038752317428589
vn -0.08900619298219681 -0.8675716519355774 0.48928242921829224
vn -0.40802040696144104 -0.7118879556655884 -0.5716074109077454
vn 0.047658342868089676 -0.943479061126709 -0.32798779010772705
vn 0.9350910782814026 -0.28118422627449036 0.21573184430599213
vn 0.20995739102363586 -0.9559608697891235 -0.20507729053497314
vn 0.8977444171905518 -0.147502601146698 -0.4150879979133606
vn -0.5309423804283142 -0.7040648460388184 -0.4715855121612549
vn 0.7884308099746704 0.5892345905303955 -0.17657732963562012
vn -0.7973973751068115 0.4777011573314667 -0.3687262237071991
vn -0.33729368448257446 -0.8393693566322327 -0.42625346779823303
vn 0.047658342868089676 -0.943479061126709 -0.32798779010772705
vn -0.07957108318805695 -0.4810453951358795 -0.8730772137641907
vn 0.46095678210258484 -0.5678167939186096 -0.6819846034049988
vn -0.8028320670127869 -0.4201597571372986 -0.42299696803092957
vn -0.4398511052131653 -0.713995635509491 -0.5447395443916321
vn 0.7169315218925476 -0.3661883473396301 -0.5932244658470154
vn 0.2755816578865051 0.9289225339889526 -0.24730081856250763
vn -0.6830660104751587 0.7302721738815308 0.011109263636171818
vn -0.21230989694595337 -0.9747931957244873 -0.06857649981975555
vn 0.6870039105415344 -0.7180312275886536 0.11161084473133087
vn 0.2965085506439209 -0.9386436939239502 -0.17615532875061035
vn -0.45886415243148804 -0.8167800307273865 -0.34973442554473877
vn 0.751956045627594 0.35625195503234863 -0.5546590089797974
vn -0.6919667720794678 -0.1823485642671585 -0.6985206007957458
vn -0.24698743224143982 -0.922562301158905 -0.29643872380256653
vn 0.2611125409603119 -0.3924907445907593 -0.881913423538208
vn 0.12376488745212555 0.9861547946929932 -0.11036752909421921
vn 0.6870039105415344 -0.7180312275886536 0.11161084473133087
vn 0.2989295721054077 -0.93778395652771 -0.17664217948913574
vn -0.7772102952003479 -0.6291856169700623 -0.00834500603377819
vn -0.7270904183387756 -0.6674295663833618 0.1608641892671585
vn 0.3212347626686096 0.6643122434616089 -0.67490553855896
vn -0.08762615919113159 -0.47778555750846863 -0.8740953207015991
vn -0.3174419105052948 -0.8050442337989807 -0.501133143901825
vn 0.21122342348098755 0.945000171661377 0.24971842765808105
vn 0.12376488745212555 0.9861547946929932 -0.11036752909421921
vn 0.2940855324268341 -0.9394970536231995 -0.17566727101802826
vn 0.7928268313407898 -0.6094287633895874 -0.004702978301793337
vn -0.04335241764783859 -0.9017916917800903 0.4299910366535187
vn 0.3584778308868408 0.18175241351127625 -0.9156744480133057
vn -0.19967855513095856 0.2626560926437378 -0.9440022706985474
vn -0.4558493196964264 0.3074571490287781 -0.8352673053741455
vn 0.29855650663375854 -0.46300092339515686 -0.8345622420310974
vn -0.43586012721061707 0.7594252228736877 0.48301059007644653
vn 0.02050669491291046 -0.998591959476471 -0.04892429709434509
vn 0.02050669491291046 -0.998591959476471 -0.04892429709434509
vn -0.44088077545166016 -0.8734782934188843 0.20654262602329254
vn 0.12376488745212555 0.9861547946929932 -0.11036752909421921
vn -0.8418332934379578 -0.4623749256134033 0.2784353494644165
vn -0.16534453630447388 -0.8880622386932373 0.4289597272872925
vn 0.07376117259263992 -0.877802312374115 0.4733101427555084
vn 0.02050669491291046 -0.998591959476471 -0.04892429709434509
vn 0.707031786441803 0.21223245561122894 -0.6745839715003967
vn -0.8314188718795776 -0.3131426274776459 0.4590036869049072
vn -0.8314188718795776 -0.3131426274776459 0.4590036869049072
vn 0.42882204055786133 0.5441067814826965 0.7211514711380005
vn 0.707031786441803 0.21223245561122894 -0.6745839715003967
vn 0.7152761816978455 -0.5711650848388672 0.40267905592918396
vn 0.18543203175067902 -0.6884610652923584 0.7011677622795105
vn 0.9254273176193237 -0.16100239753723145 0.3430196940898895
vn -0.8314188718795776 -0.3131426274776459 0.4590036869049072
vn 0.22478756308555603 -0.6384916305541992 0.736069917678833
vn 0.7243276834487915 -0.6712921261787415 -0.1572141945362091
vn -0.9431825280189514 -0.20579344034194946 0.26087498664855957
vn -0.13272564113140106 -0.17588834464550018 0.9754215478897095
vn -0.3701661229133606 -0.42801907658576965 0.824485719203949
vn 0.9809213280677795 -0.10798043757677078 0.1616588681936264
vn 0.5767582058906555 0.1523660570383072 0.8025799989700317
vn -0.990475594997406 -0.044003646820783615 0.13046739995479584
vn 0.7588561177253723 -0.5996000170707703 0.25419941544532776
vn -0.7896491289138794 0.5856754779815674 0.18286235630512238
vn 0.9122355580329895 -0.1470467448234558 0.38236576318740845
vn 0.4808328449726105 -0.28966960310935974 0.8275815844535828
vn 0.7386241555213928 -0.5810597538948059 -0.3417659103870392
vn 0.9400927424430847 -0.22906965017318726 0.25249311327934265
vn 0.8943793773651123 -0.38738375902175903 0.22364985942840576
f 1//1 3//3 4//4
f 6//6 2272//2272 2277//2277
f 2//2 3//3 1//1
f 2273//2273 8//8 7//7
f 2//2 10//10 3//3
f 7//7 10//10 2//2
f 2//2 1//1 9//9
f 15//15 9//9 1//1
f 2274//2274 2281//2281 24//24
f 2284//2284 2272//2272 11//11
f 2275//2275 2291//2291 12//12
f 2276//2276 2282//2282 2278//2278
f 2272//2272 6//6 11//11
f 2279//2279 12//12 5//5
f 6//6 2277//2277 2280//2280
f 18//18 11//11 6//6
f 12//12 2291//2291 25//25
f 5//5 12//12 25//25
f 6//6 2280//2280 16//16
f 2273//2273 13//13 8//8
f 9//9 13//13 2273//2273
f 7//7 20//20 14//14
f 7//7 14//14 10//10
f 2281//2281 2283//2283 24//24
f 2284//2284 11//11 18//18
f 25//25 2291//2291 28//28
f 5//5 25//25 16//16
f 16//16 17//17 6//6
f 6//6 2285//2285 18//18
f 7//7 19//19 20//20
f 7//7 8//8 19//19
f 9//9 21//21 13//13
f 15//15 21//21 9//9
f 14//14 20//20 22//22
f 26//26 21//21 15//15
f 24//24 2287//2287 23//23
f 2283//2283 2287//2287 24//24
f 2284//2284 18//18 2292//2292
f 2291//2291 2289//2289 28//28
f 28//28 2289//2289 39//39
f 27//27 25//25 28//28
f 16//16 25//25 27//27
f 2292//2292 18//18 31//31
f 39//39 2289//2289 38//38
f 31//31 18//18 2285//2285
f 16//16 27//27 29//29
f 17//17 16//16 29//29
f 29//29 27//27 30//30
f 2294//2294 2286//2286 32//32
f 29//29 30//30 34//34
f 17//17 29//29 34//34
f 2296//2296 17//17 34//34
f 34//34 30//30 33//33
f 2296//2296 34//34 36//36
f 2301//2301 35//35 2297//2297
f 2302//2302 2300//2300 2298//2298
f 46//46 22//22 20//20
f 21//21 26//26 47//47
f 47//47 2293//2293 2295//2295
f 39//39 27//27 28//28
f 39//39 38//38 40//40
f 2305//2305 38//38 48//48
f 27//27 42//42 30//30
f 39//39 40//40 43//43
f 2297//2297 35//35 2295//2295
f 44//44 33//33 30//30
f 56//56 2303//2303 2299//2299
f 19//19 46//46 20//20
f 47//47 37//37 21//21
f 2290//2290 2288//2288 57//57
f 2289//2289 48//48 38//38
f 47//47 2295//2295 53//53
f 2310//2310 2290//2290 57//57
f 27//27 39//39 42//42
f 2295//2295 35//35 53//53
f 39//39 49//49 42//42
f 2306//2306 2310//2310 41//41
f 39//39 43//43 49//49
f 30//30 42//42 54//54
f 51//51 53//53 2301//2301
f 35//35 2301//2301 53//53
f 50//50 2306//2306 41//41
f 2312//2312 2308//2308 2307//2307
f 42//42 49//49 2315//2315
f 54//54 44//44 30//30
f 2311//2311 2308//2308 2312//2312
f 2316//2316 2311//2311 2312//2312
f 2309//2309 2316//2316 55//55
f 44//44 2317//2317 33//33
f 2299//2299 2318//2318 56//56
f 13//13 45//45 8//8
f 21//21 2304//2304 13//13
f 46//46 61//61 2288//2288
f 2288//2288 61//61 57//57
f 41//41 2310//2310 57//57
f 51//51 2301//2301 68//68
f 55//55 2316//2316 2312//2312
f 68//68 2301//2301 2320//2320
f 8//8 60//60 19//19
f 45//45 60//60 8//8
f 13//13 2304//2304 72//72
f 73//73 46//46 19//19
f 47//47 52//52 37//37
f 73//73 79//79 46//46
f 47//47 62//62 52//52
f 47//47 53//53 62//62
f 63//63 57//57 61//61
f 62//62 53//53 58//58
f 57//57 63//63 41//41
f 53//53 51//51 58//58
f 41//41 67//67 2313//2313
f 51//51 68//68 58//58
f 2313//2313 64//64 59//59
f 2319//2319 2314//2314 59//59
f 69//69 2319//2319 59//59
f 2320//2320 2319//2319 69//69
f 68//68 2320//2320 69//69
f 19//19 60//60 78//78
f 13//13 72//72 45//45
f 78//78 73//73 19//19
f 79//79 61//61 46//46
f 65//65 63//63 61//61
f 62//62 58//58 75//75
f 67//67 41//41 63//63
f 69//69 59//59 64//64
f 67//67 64//64 2313//2313
f 79//79 65//65 61//61
f 65//65 66//66 63//63
f 63//63 66//66 67//67
f 58//58 68//68 77//77
f 58//58 77//77 75//75
f 77//77 69//69 82//82
f 76//76 64//64 67//67
f 82//82 64//64 76//76
f 69//69 64//64 82//82
f 68//68 69//69 77//77
f 70//70 45//45 71//71
f 72//72 71//71 45//45
f 37//37 52//52 2322//2322
f 80//80 52//52 62//62
f 75//75 80//80 62//62
f 66//66 65//65 74//74
f 75//75 77//77 81//81
f 76//76 67//67 66//66
f 45//45 70//70 60//60
f 79//79 73//73 90//90
f 73//73 85//85 90//90
f 52//52 80//80 83//83
f 80//80 75//75 81//81
f 65//65 86//86 74//74
f 82//82 74//74 88//88
f 81//81 77//77 82//82
f 76//76 66//66 74//74
f 82//82 76//76 74//74
f 70//70 71//71 84//84
f 60//60 91//91 78//78
f 91//91 60//60 70//70
f 2322//2322 2326//2326 2321//2321
f 78//78 85//85 73//73
f 80//80 81//81 83//83
f 79//79 90//90 65//65
f 90//90 2327//2327 65//65
f 2323//2323 2324//2324 89//89
f 88//88 74//74 87//87
f 2325//2325 2330//2330 93//93
f 91//91 70//70 84//84
f 85//85 78//78 91//91
f 2326//2326 84//84 2321//2321
f 2322//2322 52//52 2326//2326
f 89//89 83//83 81//81
f 89//89 2324//2324 2333//2333
f 74//74 86//86 87//87
f 92//92 84//84 2326//2326
f 89//89 99//99 83//83
f 2328//2328 2327//2327 90//90
f 88//88 87//87 100//100
f 84//84 95//95 91//91
f 92//92 95//95 84//84
f 85//85 94//94 90//90
f 2332//2332 83//83 99//99
f 2331//2331 2334//2334 2350//2350
f 2329//2329 2331//2331 2350//2350
f 99//99 89//89 2333//2333
f 2333//2333 88//88 100//100
f 91//91 94//94 85//85
f 91//91 95//95 2335//2335
f 2336//2336 98//98 2351//2351
f 96//96 102//102 97//97
f 2341//2341 2346//2346 104//104
f 2332//2332 99//99 2338//2338
f 2339//2339 99//99 2348//2348
f 99//99 2333//2333 2348//2348
f 2333//2333 100//100 2348//2348
f 101//101 2355//2355 2342//2342
f 103//103 2356//2356 2352//2352
f 2357//2357 2358//2358 2347//2347
f 113//113 2343//2343 2359//2359
f 2340//2340 2349//2349 2337//2337
f 2344//2344 105//105 2353//2353
f 103//103 2352//2352 106//106
f 2345//2345 117//117 2360//2360
f 106//106 107//107 103//103
f 103//103 107//107 108//108
f 2359//2359 111//111 113//113
f 2358//2358 2365//2365 109//109
f 2358//2358 109//109 2347//2347
f 2366//2366 110//110 2346//2346
f 2346//2346 2367//2367 104//104
f 110//110 2367//2367 2346//2346
f 2354//2354 2361//2361 2362//2362
f 2362//2362 112//112 2363//2363
f 2361//2361 112//112 2362//2362
f 2360//2360 117//117 2369//2369
f 2364//2364 115//115 2365//2365
f 119//119 2365//2365 115//115
f 2365//2365 114//114 109//109
f 2365//2365 119//119 114//114
f 124//124 114//114 122//122
f 109//109 114//114 124//124
f 2385//2385 110//110 2366//2366
f 2367//2367 110//110 118//118
f 116//116 2370//2370 2363//2363
f 116//116 2363//2363 112//112
f 2372//2372 2369//2369 117//117
f 2345//2345 113//113 117//117
f 117//117 113//113 131//131
f 113//113 111//111 131//131
f 2368//2368 2374//2374 2390//2390
f 114//114 119//119 2382//2382
f 2383//2383 2377//2377 120//120
f 110//110 2385//2385 125//125
f 2375//2375 110//110 125//125
f 133//133 2375//2375 125//125
f 121//121 123//123 120//120
f 2383//2383 120//120 123//123
f 124//124 122//122 2384//2384
f 135//135 2386//2386 124//124
f 123//123 121//121 134//134
f 124//124 2384//2384 127//127
f 135//135 124//124 127//127
f 123//123 134//134 126//126
f 127//127 2384//2384 2387//2387
f 127//127 2387//2387 139//139
f 128//128 127//127 139//139
f 2373//2373 129//129 2371//2371
f 117//117 130//130 2372//2372
f 2389//2389 117//117 131//131
f 115//115 145//145 119//119
f 119//119 145//145 2378//2378
f 2376//2376 2394//2394 2391//2391
f 2407//2407 132//132 2380//2380
f 2407//2407 2380//2380 2379//2379
f 2381//2381 2392//2392 146//146
f 2381//2381 146//146 2397//2397
f 2386//2386 135//135 136//136
f 2398//2398 2409//2409 148//148
f 134//134 2413//2413 126//126
f 127//127 137//137 135//135
f 2413//2413 138//138 126//126
f 127//127 128//128 137//137
f 126//126 138//138 2404//2404
f 140//140 138//138 2413//2413
f 128//128 139//139 141//141
f 2404//2404 138//138 142//142
f 142//142 138//138 140//140
f 143//143 141//141 139//139
f 139//139 2406//2406 143//143
f 2371//2371 129//129 2408//2408
f 130//130 144//144 2372//2372
f 2393//2393 2408//2408 161//161
f 2393//2393 161//161 2410//2410
f 125//125 147//147 133//133
f 2386//2386 136//136 2411//2411
f 163//163 165//165 2414//2414
f 2401//2401 2399//2399 149//149
f 2400//2400 2403//2403 2415//2415
f 128//128 167//167 137//137
f 2414//2414 165//165 2405//2405
f 2388//2388 141//141 2432//2432
f 165//165 166//166 2405//2405
f 169//169 2432//2432 141//141
f 143//143 169//169 141//141
f 150//150 2405//2405 166//166
f 140//140 153//153 142//142
f 2418//2418 153//153 140//140
f 2406//2406 151//151 143//143
f 151//151 2406//2406 2421//2421
f 2419//2419 169//169 143//143
f 151//151 2421//2421 172//172
f 2419//2419 2441//2441 154//154
f 154//154 169//169 2419//2419
f 153//153 2418//2418 155//155
f 155//155 2418//2418 152//152
f 172//172 2421//2421 2423//2423
f 155//155 152//152 171//171
f 2441//2441 156//156 154//154
f 172//172 2423//2423 2439//2439
f 159//159 158//158 157//157
f 160//160 158//158 159//159
f 160//160 159//159 176//176
f 129//129 2373//2373 144//144
f 2408//2408 129//129 161//161
f 144//144 177//177 129//129
f 130//130 177//177 144//144
f 2389//2389 131//131 2449//2449
f 129//129 178//178 161//161
f 162//162 178//178 129//129
f 162//162 129//129 177//177
f 131//131 2395//2395 2449//2449
f 2450//2450 164//164 162//162
f 2450//2450 2396//2396 2412//2412
f 161//161 163//163 2410//2410
f 163//163 161//161 178//178
f 2450//2450 2412//2412 164//164
f 164//164 2412//2412 2402//2402
f 2410//2410 163//163 2414//2414
f 164//164 2402//2402 2416//2416
f 2415//2415 2403//2403 2433//2433
f 163//163 2431//2431 165//165
f 181//181 163//163 179//179
f 2431//2431 163//163 181//181
f 166//166 168//168 150//150
f 150//150 168//168 2420//2420
f 169//169 154//154 170//170
f 168//168 190//190 2420//2420
f 2424//2424 2437//2437 2422//2422
f 2440//2440 2420//2420 190//190
f 173//173 2440//2440 190//190
f 2442//2442 172//172 2439//2439
f 2441//2441 174//174 156//156
f 2443//2443 172//172 2442//2442
f 2427//2427 175//175 2426//2426
f 175//175 2447//2447 2429//2429
f 2426//2426 175//175 2429//2429
f 2428//2428 2430//2430 2446//2446
f 2446//2446 2430//2430 2448//2448
f 2417//2417 179//179 162//162
f 162//162 179//179 178//178
f 164//164 2417//2417 162//162
f 178//178 179//179 163//163
f 2417//2417 2434//2434 179//179
f 2451//2451 2435//2435 180//180
f 180//180 181//181 2452//2452
f 180//180 2435//2435 182//182
f 181//181 183//183 2431//2431
f 185//185 183//183 181//181
f 180//180 185//185 181//181
f 186//186 184//184 204//204
f 182//182 185//185 180//180
f 2435//2435 2436//2436 182//182
f 188//188 2453//2453 189//189
f 2431//2431 183//183 168//168
f 2453//2453 2455//2455 189//189
f 223//223 2458//2458 2459//2459
f 208//208 183//183 185//185
f 189//189 2455//2455 187//187
f 210//210 223//223 2459//2459
f 2471//2471 189//189 187//187
f 191//191 2438//2438 2425//2425
f 2425//2425 2444//2444 191//191
f 190//190 212//212 173//173
f 212//212 229//229 173//173
f 2445//2445 230//230 2460//2460
f 2443//2443 2442//2442 2488//2488
f 193//193 213//213 196//196
f 192//192 196//196 213//213
f 192//192 194//194 196//196
f 193//193 196//196 195//195
f 195//195 196//196 197//197
f 196//196 194//194 197//197
f 197//197 194//194 201//201
f 195//195 197//197 198//198
f 195//195 198//198 199//199
f 200//200 2461//2461 194//194
f 198//198 197//197 202//202
f 202//202 197//197 201//201
f 198//198 202//202 239//239
f 216//216 198//198 239//239
f 239//239 202//202 241//241
f 203//203 2466//2466 2454//2454
f 188//188 2464//2464 2453//2453
f 205//205 2464//2464 188//188
f 2467//2467 2458//2458 222//222
f 204//204 206//206 186//186
f 259//259 206//206 221//221
f 186//186 206//206 2456//2456
f 185//185 182//182 207//207
f 206//206 259//259 2457//2457
f 2458//2458 223//223 222//222
f 185//185 2468//2468 208//208
f 263//263 2457//2457 259//259
f 2468//2468 209//209 208//208
f 182//182 211//211 207//207
f 182//182 2436//2436 2472//2472
f 225//225 2457//2457 263//263
f 183//183 2469//2469 168//168
f 2436//2436 2438//2438 2472//2472
f 2471//2471 187//187 2480//2480
f 223//223 210//210 226//226
f 168//168 2469//2469 190//190
f 2469//2469 227//227 190//190
f 2472//2472 2438//2438 191//191
f 2482//2482 212//212 190//190
f 229//229 2489//2489 173//173
f 193//193 214//214 213//213
f 233//233 214//214 215//215
f 215//215 214//214 193//193
f 192//192 236//236 194//194
f 195//195 199//199 193//193
f 199//199 215//215 193//193
f 199//199 198//198 216//216
f 216//216 2495//2495 217//217
f 2461//2461 200//200 256//256
f 2508//2508 2463//2463 2462//2462
f 202//202 218//218 241//241
f 2474//2474 2463//2463 2508//2508
f 219//219 2466//2466 203//203
f 219//219 203//203 242//242
f 203//203 220//220 242//242
f 2467//2467 2478//2478 2465//2465
f 244//244 2478//2478 2467//2467
f 2476//2476 206//206 204//204
f 244//244 2467//2467 222//222
f 206//206 2476//2476 221//221
f 2513//2513 245//245 2515//2515
f 2470//2470 207//207 211//211
f 223//223 246//246 222//222
f 2480//2480 2481//2481 2471//2471
f 223//223 226//226 248//248
f 209//209 2483//2483 208//208
f 209//209 228//228 2483//2483
f 211//211 2485//2485 2470//2470
f 224//224 2485//2485 211//211
f 2472//2472 191//191 2479//2479
f 2480//2480 247//247 2481//2481
f 2500//2500 248//248 226//226
f 2484//2484 2486//2486 2473//2473
f 224//224 2490//2490 2485//2485
f 191//191 2491//2491 2479//2479
f 2486//2486 2487//2487 2473//2473
f 2492//2492 2487//2487 2486//2486
f 234//234 232//232 233//233
f 232//232 231//231 214//214
f 233//233 232//232 214//214
f 231//231 235//235 214//214
f 234//234 233//233 215//215
f 288//288 235//235 253//253
f 214//214 235//235 213//213
f 235//235 236//236 192//192
f 213//213 235//235 192//192
f 255//255 215//215 237//237
f 194//194 236//236 290//290
f 215//215 199//199 237//237
f 238//238 255//255 237//237
f 194//194 290//290 200//200
f 216//216 237//237 199//199
f 216//216 238//238 237//237
f 238//238 216//216 294//294
f 217//217 2495//2495 257//257
f 2496//2496 240//240 257//257
f 2495//2495 2496//2496 257//257
f 2496//2496 2509//2509 240//240
f 2496//2496 2475//2475 2509//2509
f 220//220 258//258 242//242
f 2497//2497 243//243 2477//2477
f 2477//2477 243//243 221//221
f 2499//2499 2498//2498 2511//2511
f 2478//2478 244//244 2512//2512
f 243//243 259//259 221//221
f 263//263 264//264 225//225
f 223//223 248//248 246//246
f 249//249 225//225 264//264
f 247//247 2480//2480 2501//2501
f 265//265 2502//2502 2516//2516
f 250//250 2502//2502 265//265
f 247//247 2501//2501 251//251
f 248//248 2500//2500 2505//2505
f 2506//2506 2503//2503 2504//2504
f 268//268 248//248 2505//2505
f 2506//2506 2504//2504 270//270
f 232//232 345//345 231//231
f 253//253 235//235 2493//2493
f 234//234 215//215 254//254
f 289//289 252//252 254//254
f 254//254 255//255 289//289
f 215//215 255//255 254//254
f 288//288 236//236 235//235
f 291//291 236//236 288//288
f 291//291 290//290 236//236
f 290//290 293//293 200//200
f 216//216 217//217 294//294
f 200//200 293//293 256//256
f 2510//2510 354//354 240//240
f 2511//2511 260//260 2499//2499
f 261//261 2514//2514 2512//2512
f 244//244 261//261 2512//2512
f 244//244 262//262 261//261
f 2513//2513 2499//2499 260//260
f 296//296 2513//2513 260//260
f 2513//2513 296//296 245//245
f 244//244 222//222 262//262
f 262//262 222//222 266//266
f 222//222 246//246 266//266
f 248//248 266//266 246//246
f 266//266 248//248 268//268
f 269//269 265//265 267//267
f 250//250 265//265 269//269
f 2504//2504 2521//2521 270//270
f 268//268 2505//2505 2523//2523
f 271//271 2520//2520 2524//2524
f 272//272 269//269 267//267
f 2525//2525 2522//2522 2527//2527
f 271//271 2524//2524 273//273
f 2528//2528 2525//2525 2527//2527
f 2528//2528 2527//2527 306//306
f 2549//2549 275//275 273//273
f 306//306 2527//2527 274//274
f 277//277 276//276 281//281
f 280//280 277//277 278//278
f 278//278 277//277 281//281
f 281//281 276//276 279//279
f 278//278 281//281 282//282
f 281//281 279//279 283//283
f 283//283 279//279 310//310
f 281//281 283//283 282//282
f 283//283 310//310 313//313
f 284//284 283//283 313//313
f 282//282 283//283 284//284
f 285//285 282//282 284//284
f 284//284 313//313 320//320
f 285//285 284//284 324//324
f 286//286 2494//2494 343//343
f 287//287 2557//2557 232//232
f 2536//2536 345//345 232//232
f 234//234 287//287 232//232
f 254//254 287//287 234//234
f 2493//2493 2562//2562 395//395
f 2539//2539 254//254 252//252
f 395//395 253//253 2493//2493
f 346//346 288//288 253//253
f 346//346 349//349 288//288
f 349//349 291//291 288//288
f 238//238 292//292 255//255
f 238//238 294//294 292//292
f 294//294 217//217 295//295
f 217//217 257//257 295//295
f 2567//2567 256//256 293//293
f 257//257 240//240 354//354
f 261//261 2541//2541 2514//2514
f 261//261 262//262 298//298
f 296//296 297//297 245//245
f 261//261 2542//2542 2541//2541
f 261//261 298//298 2543//2543
f 262//262 266//266 298//298
f 245//245 297//297 263//263
f 297//297 355//355 299//299
f 297//297 299//299 263//263
f 298//298 300//300 2543//2543
f 2544//2544 298//298 266//266
f 263//263 299//299 264//264
f 299//299 2518//2518 2517//2517
f 399//399 2518//2518 299//299
f 2518//2518 358//358 2519//2519
f 268//268 2526//2526 301//301
f 360//360 2545//2545 271//271
f 360//360 271//271 302//302
f 271//271 273//273 302//302
f 305//305 303//303 304//304
f 267//267 303//303 305//305
f 267//267 305//305 272//272
f 302//302 273//273 275//275
f 272//272 307//307 2529//2529
f 305//305 307//307 272//272
f 2549//2549 309//309 275//275
f 2529//2529 307//307 308//308
f 365//365 306//306 274//274
f 276//276 2532//2532 407//407
f 2529//2529 308//308 312//312
f 2551//2551 2574//2574 2530//2530
f 276//276 363//363 279//279
f 308//308 307//307 312//312
f 2534//2534 2533//2533 311//311
f 307//307 368//368 316//316
f 2551//2551 2550//2550 316//316
f 311//311 2533//2533 369//369
f 2576//2576 278//278 282//282
f 316//316 317//317 2551//2551
f 371//371 2576//2576 282//282
f 315//315 368//368 366//366
f 314//314 315//315 366//366
f 316//316 368//368 315//315
f 373//373 313//313 310//310
f 282//282 285//285 321//321
f 321//321 371//371 282//282
f 315//315 314//314 318//318
f 313//313 319//319 320//320
f 318//318 314//314 374//374
f 316//316 315//315 328//328
f 321//321 285//285 324//324
f 320//320 377//377 284//284
f 377//377 324//324 284//284
f 374//374 322//322 318//318
f 325//325 318//318 322//322
f 315//315 318//318 328//328
f 328//328 318//318 325//325
f 316//316 328//328 326//326
f 326//326 323//323 316//316
f 320//320 319//319 377//377
f 327//327 321//321 324//324
f 329//329 324//324 377//377
f 331//331 325//325 322//322
f 325//325 331//331 335//335
f 328//328 325//325 335//335
f 336//336 419//419 326//326
f 327//327 324//324 333//333
f 333//333 324//324 329//329
f 326//326 328//328 330//330
f 330//330 336//336 326//326
f 328//328 335//335 330//330
f 333//333 329//329 337//337
f 337//337 329//329 334//334
f 337//337 334//334 384//384
f 335//335 331//331 338//338
f 330//330 335//335 338//338
f 330//330 338//338 340//340
f 340//340 422//422 330//330
f 331//331 341//341 338//338
f 385//385 2552//2552 339//339
f 342//342 338//338 2553//2553
f 342//342 340//340 338//338
f 2554//2554 2580//2580 425//425
f 2555//2555 2554//2554 425//425
f 344//344 2557//2557 287//287
f 2559//2559 2537//2537 2558//2558
f 2538//2538 395//395 2562//2562
f 395//395 346//346 253//253
f 289//289 347//347 252//252
f 289//289 2507//2507 348//348
f 347//347 289//289 348//348
f 291//291 350//350 290//290
f 291//291 349//349 350//350
f 351//351 2564//2564 292//292
f 292//292 2564//2564 255//255
f 351//351 292//292 353//353
f 290//290 350//350 293//293
f 292//292 294//294 353//353
f 350//350 2568//2568 293//293
f 352//352 2568//2568 350//350
f 294//294 295//295 353//353
f 2565//2565 295//295 354//354
f 257//257 354//354 295//295
f 2543//2543 300//300 2569//2569
f 356//356 2569//2569 300//300
f 355//355 399//399 299//299
f 2544//2544 357//357 2570//2570
f 2544//2544 266//266 357//357
f 401//401 2570//2570 357//357
f 2518//2518 399//399 358//358
f 266//266 268//268 357//357
f 301//301 401//401 357//357
f 268//268 301//301 357//357
f 2571//2571 438//438 303//303
f 2571//2571 303//303 267//267
f 2573//2573 359//359 2546//2546
f 2547//2547 2531//2531 442//442
f 361//361 304//304 402//402
f 304//304 361//361 305//305
f 305//305 361//361 307//307
f 2627//2627 275//275 309//309
f 2575//2575 309//309 2549//2549
f 307//307 361//361 368//368
f 2532//2532 450//450 407//407
f 407//407 363//363 276//276
f 361//361 362//362 368//368
f 279//279 363//363 310//310
f 311//311 453//453 2535//2535
f 310//310 363//363 367//367
f 362//362 366//366 368//368
f 2574//2574 2551//2551 370//370
f 370//370 2551//2551 317//317
f 367//367 364//364 310//310
f 412//412 2576//2576 371//371
f 366//366 372//372 314//314
f 373//373 364//364 475//475
f 364//364 373//373 310//310
f 372//372 454//454 374//374
f 416//416 370//370 317//317
f 372//372 374//374 314//314
f 317//317 316//316 323//323
f 313//313 373//373 319//319
f 373//373 415//415 319//319
f 371//371 321//321 376//376
f 375//375 317//317 323//323
f 416//416 317//317 375//375
f 322//322 374//374 456//456
f 415//415 457//457 319//319
f 376//376 321//321 327//327
f 419//419 375//375 323//323
f 458//458 319//319 457//457
f 418//418 322//322 456//456
f 323//323 326//326 419//419
f 376//376 327//327 333//333
f 377//377 319//319 380//380
f 380//380 319//319 458//458
f 333//333 379//379 376//376
f 458//458 420//420 380//380
f 377//377 380//380 329//329
f 381//381 379//379 333//333
f 334//334 329//329 380//380
f 333//333 337//337 381//381
f 334//334 380//380 332//332
f 322//322 418//418 339//339
f 322//322 339//339 331//331
f 332//332 380//380 383//383
f 339//339 418//418 378//378
f 336//336 330//330 422//422
f 382//382 336//336 422//422
f 332//332 384//384 334//334
f 381//381 337//337 386//386
f 332//332 383//383 389//389
f 386//386 337//337 384//384
f 339//339 378//378 385//385
f 331//331 339//339 2552//2552
f 340//340 387//387 422//422
f 384//384 332//332 389//389
f 389//389 383//383 424//424
f 424//424 388//388 389//389
f 386//386 384//384 390//390
f 387//387 340//340 342//342
f 390//390 384//384 389//389
f 388//388 392//392 389//389
f 390//390 389//389 391//391
f 391//391 389//389 392//392
f 2560//2560 2540//2540 394//394
f 393//393 2537//2537 2559//2559
f 395//395 2537//2537 393//393
f 2586//2586 393//393 2561//2561
f 2540//2540 252//252 394//394
f 393//393 397//397 395//395
f 2586//2586 396//396 393//393
f 395//395 397//397 346//346
f 252//252 347//347 394//394
f 2563//2563 396//396 2586//2586
f 393//393 396//396 397//397
f 396//396 2563//2563 2564//2564
f 2564//2564 351//351 396//396
f 346//346 397//397 349//349
f 349//349 397//397 350//350
f 350//350 397//397 398//398
f 396//396 398//398 397//397
f 351//351 2566//2566 396//396
f 398//398 352//352 350//350
f 396//396 2566//2566 2587//2587
f 2566//2566 295//295 2587//2587
f 2587//2587 295//295 2565//2565
f 356//356 2588//2588 2569//2569
f 399//399 400//400 358//358
f 356//356 2590//2590 2588//2588
f 2590//2590 2589//2589 2588//2588
f 2589//2589 2625//2625 2572//2572
f 2591//2591 2546//2546 359//359
f 438//438 440//440 303//303
f 303//303 440//440 304//304
f 2573//2573 2548//2548 2627//2627
f 402//402 304//304 440//440
f 2627//2627 309//309 452//452
f 402//402 403//403 404//404
f 402//402 404//404 361//361
f 407//407 448//448 405//405
f 407//407 449//449 2632//2632
f 361//361 406//406 362//362
f 404//404 406//406 361//361
f 407//407 405//405 363//363
f 407//407 450//450 449//449
f 309//309 2575//2575 408//408
f 408//408 452//452 309//309
f 367//367 2593//2593 471//471
f 363//363 2594//2594 367//367
f 2535//2535 453//453 2532//2532
f 367//367 471//471 364//364
f 406//406 366//366 362//362
f 409//409 2596//2596 2577//2577
f 408//408 2575//2575 2578//2578
f 311//311 369//369 472//472
f 2597//2597 2579//2579 411//411
f 471//471 475//475 364//364
f 412//412 472//472 369//369
f 410//410 454//454 372//372
f 366//366 410//410 372//372
f 2600//2600 370//370 416//416
f 454//454 476//476 374//374
f 413//413 412//412 414//414
f 412//412 371//371 414//414
f 476//476 456//456 374//374
f 373//373 475//475 501//501
f 501//501 415//415 373//373
f 417//417 414//414 371//371
f 371//371 376//376 417//417
f 507//507 416//416 375//375
f 376//376 379//379 417//417
f 460//460 379//379 381//381
f 2602//2602 336//336 459//459
f 459//459 336//336 542//542
f 380//380 479//479 383//383
f 420//420 479//479 380//380
f 460//460 381//381 421//421
f 382//382 422//422 423//423
f 383//383 479//479 424//424
f 381//381 386//386 421//421
f 421//421 386//386 461//461
f 378//378 510//510 385//385
f 510//510 462//462 385//385
f 424//424 544//544 2583//2583
f 462//462 2604//2604 385//385
f 464//464 2581//2581 2556//2556
f 386//386 2584//2584 426//426
f 426//426 461//461 386//386
f 464//464 2556//2556 2605//2605
f 392//392 2583//2583 427//427
f 2584//2584 2585//2585 429//429
f 429//429 426//426 2584//2584
f 392//392 427//427 428//428
f 428//428 431//431 392//392
f 392//392 431//431 391//391
f 391//391 431//431 430//430
f 429//429 2585//2585 2608//2608
f 2609//2609 432//432 2607//2607
f 2613//2613 2610//2610 433//433
f 434//434 2618//2618 465//465
f 437//437 435//435 466//466
f 2623//2623 436//436 2621//2621
f 2589//2589 2590//2590 359//359
f 359//359 441//441 439//439
f 359//359 2573//2573 441//441
f 2573//2573 2627//2627 441//441
f 440//440 496//496 402//402
f 443//443 2592//2592 2646//2646
f 2592//2592 443//443 403//403
f 443//443 444//444 445//445
f 403//403 445//445 404//404
f 443//443 445//445 403//403
f 2627//2627 452//452 446//446
f 2595//2595 2633//2633 447//447
f 445//445 451//451 404//404
f 406//406 404//404 451//451
f 2631//2631 471//471 2593//2593
f 2532//2532 499//499 450//450
f 2532//2532 453//453 499//499
f 406//406 451//451 410//410
f 311//311 472//472 453//453
f 406//406 410//410 366//366
f 2598//2598 474//474 408//408
f 473//473 454//454 410//410
f 2599//2599 2601//2601 2640//2640
f 2600//2600 416//416 537//537
f 475//475 628//628 501//501
f 502//502 414//414 417//417
f 375//375 2602//2602 507//507
f 457//457 503//503 458//458
f 379//379 508//508 417//417
f 456//456 504//504 418//418
f 507//507 2602//2602 459//459
f 458//458 543//543 420//420
f 418//418 477//477 378//378
f 477//477 510//510 378//378
f 336//336 382//382 542//542
f 542//542 382//382 513//513
f 382//382 423//423 513//513
f 461//461 514//514 421//421
f 423//423 422//422 2634//2634
f 544//544 424//424 479//479
f 480//480 462//462 510//510
f 2582//2582 2634//2634 422//422
f 480//480 463//463 462//462
f 463//463 2603//2603 464//464
f 463//463 2605//2605 462//462
f 464//464 2605//2605 463//463
f 2583//2583 545//545 427//427
f 427//427 483//483 428//428
f 2614//2614 2606//2606 515//515
f 2614//2614 515//515 517//517
f 2615//2615 2611//2611 2653//2653
f 2612//2612 2614//2614 517//517
f 433//433 2613//2613 2610//2610
f 2620//2620 2635//2635 2619//2619
f 485//485 2636//2636 2621//2621
f 466//466 486//486 437//437
f 468//468 2622//2622 2624//2624
f 467//467 437//437 486//486
f 467//467 468//468 2624//2624
f 438//438 469//469 440//440
f 2638//2638 2625//2625 2589//2589
f 2589//2589 359//359 439//439
f 439//439 2638//2638 2589//2589
f 2626//2626 2638//2638 2647//2647
f 441//441 2627//2627 498//498
f 568//568 2628//2628 443//443
f 2627//2627 446//446 498//498
f 2628//2628 532//532 2629//2629
f 2632//2632 449//449 470//470
f 2630//2630 2660//2660 451//451
f 473//473 410//410 451//451
f 473//473 586//586 454//454
f 472//472 412//412 455//455
f 2600//2600 537//537 474//474
f 455//455 412//412 413//413
f 476//476 504//504 456//456
f 413//413 414//414 502//502
f 415//415 501//501 503//503
f 415//415 503//503 457//457
f 502//502 417//417 508//508
f 503//503 543//543 458//458
f 504//504 506//506 418//418
f 477//477 418//418 506//506
f 543//543 479//479 420//420
f 460//460 421//421 478//478
f 421//421 514//514 478//478
f 544//544 479//479 595//595
f 461//461 482//482 514//514
f 480//480 481//481 463//463
f 2603//2603 463//463 2641//2641
f 482//482 461//461 597//597
f 544//544 545//545 2583//2583
f 597//597 461//461 426//426
f 426//426 429//429 2616//2616
f 520//520 484//484 2621//2621
f 557//557 520//520 436//436
f 484//484 485//485 2621//2621
f 436//436 520//520 2621//2621
f 2642//2642 606//606 2637//2637
f 523//523 2637//2637 606//606
f 466//466 523//523 486//486
f 467//467 486//486 487//487
f 523//523 559//559 526//526
f 488//488 486//486 523//523
f 487//487 486//486 488//488
f 489//489 468//468 467//467
f 487//487 489//489 467//467
f 487//487 488//488 490//490
f 529//529 489//489 487//487
f 529//529 487//487 490//490
f 490//490 488//488 530//530
f 529//529 490//490 492//492
f 490//490 530//530 491//491
f 490//490 491//491 492//492
f 492//492 491//491 493//493
f 439//439 494//494 2638//2638
f 495//495 2644//2644 439//439
f 439//439 441//441 495//495
f 497//497 443//443 2646//2646
f 441//441 498//498 495//495
f 497//497 568//568 443//443
f 2628//2628 568//568 532//532
f 572//572 447//447 2633//2633
f 576//576 447//447 572//572
f 449//449 654//654 470//470
f 449//449 450//450 654//654
f 2660//2660 533//533 451//451
f 2631//2631 576//576 471//471
f 499//499 577//577 450//450
f 451//451 533//533 473//473
f 408//408 474//474 534//534
f 499//499 453//453 472//472
f 533//533 586//586 473//473
f 471//471 500//500 475//475
f 454//454 586//586 476//476
f 500//500 628//628 475//475
f 504//504 476//476 590//590
f 507//507 539//539 416//416
f 503//503 592//592 543//543
f 507//507 459//459 505//505
f 379//379 460//460 508//508
f 460//460 478//478 508//508
f 509//509 477//477 2649//2649
f 477//477 509//509 510//510
f 509//509 480//480 510//510
f 480//480 512//512 481//481
f 511//511 2652//2652 2650//2650
f 2652//2652 2641//2641 2650//2650
f 542//542 513//513 511//511
f 479//479 543//543 595//595
f 2652//2652 2603//2603 2641//2641
f 597//597 426//426 2617//2617
f 427//427 596//596 483//483
f 515//515 2606//2606 546//546
f 2606//2606 483//483 546//546
f 516//516 517//517 515//515
f 598//598 517//517 516//516
f 2617//2617 517//517 598//598
f 600//600 518//518 547//547
f 547//547 519//519 600//600
f 2699//2699 2657//2657 550//550
f 484//484 520//520 554//554
f 520//520 557//557 521//521
f 484//484 522//522 485//485
f 2680//2680 2622//2622 647//647
f 2622//2622 468//468 524//524
f 523//523 526//526 488//488
f 560//560 489//489 525//525
f 489//489 529//529 525//525
f 526//526 530//530 488//488
f 525//525 528//528 560//560
f 530//530 526//526 527//527
f 525//525 529//529 531//531
f 530//530 527//527 491//491
f 531//531 492//492 562//562
f 529//529 492//492 531//531
f 562//562 492//492 2643//2643
f 2648//2648 615//615 565//565
f 2638//2638 494//494 2647//2647
f 2648//2648 2645//2645 615//615
f 446//446 652//652 498//498
f 572//572 2633//2633 2639//2639
f 571//571 533//533 2660//2660
f 452//452 408//408 579//579
f 446//446 452//452 579//579
f 693//693 576//576 572//572
f 450//450 577//577 654//654
f 499//499 574//574 577//577
f 408//408 534//534 579//579
f 576//576 580//580 471//471
f 582//582 499//499 472//472
f 580//580 500//500 471//471
f 472//472 455//455 582//582
f 533//533 624//624 586//586
f 535//535 534//534 474//474
f 474//474 537//537 535//535
f 586//586 588//588 476//476
f 455//455 413//413 536//536
f 476//476 588//588 590//590
f 589//589 538//538 502//502
f 537//537 416//416 539//539
f 413//413 502//502 538//538
f 589//589 502//502 540//540
f 503//503 501//501 628//628
f 666//666 503//503 628//628
f 591//591 539//539 507//507
f 502//502 508//508 540//540
f 503//503 666//666 592//592
f 590//590 506//506 504//504
f 540//540 508//508 541//541
f 541//541 508//508 478//478
f 592//592 669//669 543//543
f 542//542 505//505 459//459
f 509//509 2649//2649 594//594
f 594//594 2651//2651 509//509
f 2696//2696 634//634 2650//2650
f 634//634 542//542 511//511
f 478//478 514//514 633//633
f 512//512 480//480 509//509
f 511//511 2650//2650 634//634
f 633//633 514//514 703//703
f 514//514 482//482 703//703
f 597//597 707//707 482//482
f 544//544 636//636 545//545
f 596//596 427//427 545//545
f 546//546 516//516 515//515
f 2654//2654 599//599 2663//2663
f 548//548 2663//2663 599//599
f 549//549 2664//2664 2665//2665
f 2658//2658 2664//2664 549//549
f 2667//2667 550//550 2657//2657
f 2668//2668 552//552 551//551
f 602//602 550//550 2667//2667
f 2667//2667 2670//2670 553//553
f 553//553 602//602 2667//2667
f 640//640 551//551 552//552
f 553//553 2670//2670 2723//2723
f 553//553 2723//2723 2677//2677
f 604//604 553//553 2677//2677
f 2708//2708 2678//2678 2659//2659
f 554//554 555//555 484//484
f 521//521 554//554 520//520
f 605//605 522//522 555//555
f 2659//2659 2680//2680 556//556
f 2680//2680 558//558 556//556
f 484//484 555//555 522//522
f 647//647 558//558 2680//2680
f 606//606 2642//2642 522//522
f 647//647 2622//2622 524//524
f 524//524 607//607 647//647
f 610//610 607//607 524//524
f 606//606 559//559 523//523
f 468//468 489//489 524//524
f 560//560 524//524 489//489
f 524//524 560//560 610//610
f 612//612 559//559 609//609
f 526//526 612//612 527//527
f 559//559 612//612 526//526
f 561//561 528//528 525//525
f 525//525 531//531 561//561
f 561//561 531//531 562//562
f 527//527 563//563 491//491
f 562//562 2643//2643 564//564
f 491//491 563//563 723//723
f 491//491 723//723 493//493
f 2681//2681 493//493 614//614
f 566//566 615//615 2645//2645
f 2683//2683 650//650 568//568
f 2646//2646 2683//2683 497//497
f 495//495 566//566 2645//2645
f 495//495 652//652 566//566
f 568//568 650//650 567//567
f 497//497 2683//2683 568//568
f 495//495 498//498 652//652
f 2687//2687 567//567 570//570
f 568//568 567//567 2687//2687
f 568//568 2687//2687 532//532
f 2685//2685 569//569 573//573
f 573//573 569//569 578//578
f 578//578 569//569 617//617
f 573//573 578//578 581//581
f 2685//2685 573//573 618//618
f 571//571 2686//2686 2713//2713
f 571//571 2713//2713 533//533
f 654//654 572//572 2639//2639
f 574//574 499//499 655//655
f 2714//2714 575//575 2661//2661
f 578//578 617//617 620//620
f 579//579 534//534 535//535
f 578//578 620//620 587//587
f 581//581 578//578 587//587
f 580//580 583//583 500//500
f 455//455 536//536 582//582
f 585//585 535//535 537//537
f 584//584 2693//2693 2694//2694
f 2691//2691 2689//2689 2695//2695
f 583//583 625//625 628//628
f 583//583 628//628 500//500
f 538//538 536//536 413//413
f 587//587 620//620 629//629
f 588//588 587//587 629//629
f 588//588 629//629 590//590
f 590//590 668//668 632//632
f 591//591 507//507 505//505
f 478//478 593//593 541//541
f 590//590 632//632 506//506
f 670//670 505//505 542//542
f 670//670 542//542 634//634
f 701//701 594//594 2649//2649
f 543//543 669//669 595//595
f 702//702 595//595 669//669
f 706//706 544//544 595//595
f 703//703 482//482 707//707
f 544//544 706//706 635//635
f 544//544 635//635 636//636
f 545//545 636//636 596//596
f 483//483 596//596 637//637
f 546//546 483//483 637//637
f 2617//2617 598//598 597//597
f 546//546 671//671 516//516
f 2655//2655 672//672 2698//2698
f 2656//2656 2700//2700 2735//2735
f 2735//2735 2700//2700 638//638
f 2701//2701 2669//2669 601//601
f 639//639 2671//2671 548//548
f 2668//2668 2666//2666 552//552
f 2724//2724 2672//2672 2721//2721
f 2725//2725 603//603 2679//2679
f 2673//2673 2708//2708 642//642
f 2703//2703 555//555 554//554
f 643//643 555//555 2703//2703
f 2659//2659 556//556 2708//2708
f 643//643 605//605 555//555
f 605//605 675//675 522//522
f 677//677 522//522 675//675
f 677//677 606//606 522//522
f 606//606 608//608 559//559
f 608//608 609//609 559//559
f 610//610 560//560 611//611
f 609//609 721//721 612//612
f 560//560 528//528 611//611
f 528//528 561//561 649//649
f 721//721 800//800 612//612
f 561//561 562//562 682//682
f 682//682 562//562 613//613
f 683//683 527//527 612//612
f 683//683 563//563 527//527
f 2682//2682 613//613 562//562
f 723//723 614//614 493//493
f 565//565 615//615 650//650
f 650//650 651//651 567//567
f 616//616 2684//2684 2734//2734
f 570//570 2710//2710 569//569
f 567//567 2710//2710 570//570
f 569//569 2710//2710 617//617
f 572//572 690//690 693//693
f 654//654 690//690 572//572
f 654//654 577//577 656//656
f 582//582 655//655 499//499
f 573//573 581//581 623//623
f 623//623 618//618 573//573
f 693//693 658//658 576//576
f 617//617 619//619 620//620
f 658//658 580//580 576//576
f 2688//2688 618//618 623//623
f 581//581 587//587 623//623
f 2688//2688 623//623 2718//2718
f 2688//2688 2718//2718 2662//2662
f 658//658 583//583 580//580
f 536//536 621//621 582//582
f 620//620 619//619 622//622
f 2693//2693 584//584 2716//2716
f 2719//2719 2717//2717 2690//2690
f 2719//2719 2690//2690 2692//2692
f 626//626 536//536 538//538
f 620//620 622//622 629//629
f 585//585 537//537 662//662
f 583//583 661//661 625//625
f 538//538 589//589 626//626
f 629//629 622//622 627//627
f 537//537 539//539 662//662
f 629//629 627//627 664//664
f 629//629 664//664 630//630
f 2720//2720 625//625 666//666
f 590//590 630//630 668//668
f 629//629 630//630 590//590
f 593//593 478//478 633//633
f 699//699 2649//2649 632//632
f 2649//2649 699//699 701//701
f 596//596 636//636 637//637
f 597//597 598//598 709//709
f 671//671 546//546 637//637
f 709//709 598//598 516//516
f 638//638 2701//2701 601//601
f 599//599 711//711 548//548
f 548//548 711//711 639//639
f 2669//2669 2702//2702 601//601
f 603//603 2725//2725 641//641
f 2673//2673 642//642 2704//2704
f 2727//2727 2674//2674 2705//2705
f 2730//2730 644//644 2706//2706
f 643//643 2707//2707 2732//2732
f 2731//2731 674//674 2733//2733
f 2708//2708 646//646 642//642
f 646//646 2708//2708 556//556
f 643//643 645//645 605//605
f 646//646 556//556 558//558
f 676//676 646//646 558//558
f 676//676 558//558 647//647
f 607//607 676//676 647//647
f 607//607 610//610 678//678
f 608//608 648//648 609//609
f 679//679 681//681 609//609
f 610//610 611//611 680//680
f 609//609 681//681 721//721
f 611//611 528//528 649//649
f 612//612 800//800 683//683
f 2681//2681 614//614 685//685
f 683//683 722//722 563//563
f 563//563 722//722 723//723
f 614//614 723//723 761//761
f 616//616 2734//2734 726//726
f 688//688 617//617 727//727
f 2712//2712 2711//2711 2767//2767
f 652//652 446//446 579//579
f 688//688 653//653 617//617
f 617//617 653//653 619//619
f 574//574 656//656 577//577
f 655//655 582//582 692//692
f 579//579 535//535 689//689
f 653//653 659//659 619//619
f 582//582 621//621 692//692
f 689//689 535//535 585//585
f 657//657 659//659 765//765
f 621//621 536//536 734//734
f 619//619 659//659 622//622
f 626//626 734//734 536//536
f 660//660 659//659 657//657
f 658//658 661//661 583//583
f 659//659 660//660 622//622
f 627//627 622//622 660//660
f 736//736 589//589 697//697
f 589//589 540//540 697//697
f 663//663 664//664 627//627
f 2746//2746 540//540 665//665
f 698//698 664//664 663//663
f 662//662 539//539 667//667
f 540//540 541//541 665//665
f 539//539 591//591 667//667
f 740//740 630//630 664//664
f 666//666 625//625 739//739
f 665//665 541//541 631//631
f 740//740 668//668 630//630
f 541//541 593//593 631//631
f 668//668 740//740 783//783
f 632//632 668//668 783//783
f 593//593 633//633 741//741
f 744//744 632//632 783//783
f 632//632 744//744 699//699
f 670//670 634//634 700//700
f 700//700 634//634 2747//2747
f 2747//2747 634//634 2696//2696
f 702//702 704//704 595//595
f 704//704 2748//2748 2697//2697
f 597//597 709//709 707//707
f 637//637 636//636 710//710
f 516//516 708//708 709//709
f 516//516 671//671 708//708
f 638//638 748//748 2735//2735
f 712//712 748//748 638//638
f 601//601 712//712 638//638
f 711//711 749//749 639//639
f 601//601 2702//2702 714//714
f 749//749 713//713 639//639
f 714//714 2702//2702 673//673
f 2675//2675 673//673 2702//2702
f 2737//2737 2676//2676 2728//2728
f 2726//2726 2722//2722 2729//2729
f 2722//2722 2752//2752 2729//2729
f 2753//2753 2737//2737 2728//2728
f 646//646 2738//2738 642//642
f 2732//2732 645//645 643//643
f 605//605 645//645 675//675
f 677//677 716//716 606//606
f 606//606 716//716 608//608
f 608//608 716//716 648//648
f 717//717 609//609 648//648
f 678//678 610//610 680//680
f 609//609 2755//2755 679//679
f 680//680 611//611 757//757
f 649//649 561//561 682//682
f 613//613 2681//2681 684//684
f 684//684 2681//2681 685//685
f 685//685 614//614 761//761
f 650//650 615//615 686//686
f 686//686 615//615 566//566
f 651//651 650//650 724//724
f 686//686 724//724 650//650
f 652//652 687//687 566//566
f 2734//2734 2765//2765 726//726
f 2711//2711 2766//2766 2767//2767
f 652//652 579//579 687//687
f 687//687 579//579 763//763
f 763//763 579//579 689//689
f 688//688 730//730 653//653
f 574//574 655//655 691//691
f 654//654 766//766 690//690
f 656//656 766//766 654//654
f 655//655 692//692 691//691
f 653//653 2768//2768 765//765
f 653//653 765//765 659//659
f 694//694 692//692 621//621
f 585//585 662//662 689//689
f 2770//2770 2744//2744 2715//2715
f 658//658 811//811 661//661
f 626//626 736//736 695//695
f 626//626 695//695 734//734
f 735//735 660//660 657//657
f 660//660 663//663 627//627
f 735//735 663//663 660//660
f 626//626 589//589 736//736
f 735//735 737//737 663//663
f 663//663 737//737 698//698
f 625//625 661//661 739//739
f 698//698 740//740 664//664
f 666//666 739//739 592//592
f 667//667 505//505 745//745
f 591//591 505//505 667//667
f 505//505 670//670 745//745
f 631//631 593//593 741//741
f 592//592 743//743 669//669
f 669//669 743//743 702//702
f 705//705 2748//2748 704//704
f 2749//2749 705//705 635//635
f 635//635 705//705 636//636
f 710//710 636//636 705//705
f 710//710 705//705 747//747
f 707//707 709//709 708//708
f 747//747 637//637 710//710
f 671//671 637//637 747//747
f 708//708 671//671 747//747
f 672//672 2750//2750 2698//2698
f 2774//2774 2751//2751 2736//2736
f 712//712 714//714 791//791
f 714//714 712//712 601//601
f 2753//2753 2754//2754 2737//2737
f 2732//2732 750//750 645//645
f 674//674 750//750 2733//2733
f 646//646 793//793 2738//2738
f 792//792 675//675 645//645
f 675//675 792//792 677//677
f 751//751 794//794 2709//2709
f 2815//2815 676//676 607//607
f 2775//2775 607//607 678//678
f 715//715 795//795 678//678
f 752//752 648//648 716//716
f 715//715 680//680 797//797
f 678//678 680//680 715//715
f 717//717 648//648 752//752
f 680//680 719//719 797//797
f 718//718 2740//2740 2756//2756
f 2757//2757 754//754 2759//2759
f 2761//2761 680//680 757//757
f 756//756 681//681 679//679
f 2785//2785 2741//2741 2760//2760
f 755//755 2785//2785 2760//2760
f 2786//2786 720//720 2742//2742
f 681//681 2764//2764 721//721
f 800//800 801//801 683//683
f 723//723 722//722 760//760
f 761//761 723//723 760//760
f 686//686 725//725 724//724
f 566//566 725//725 686//686
f 566//566 729//729 725//725
f 687//687 729//729 566//566
f 728//728 2767//2767 2766//2766
f 729//729 687//687 763//763
f 762//762 2743//2743 2767//2767
f 763//763 689//689 731//731
f 574//574 691//691 656//656
f 691//691 767//767 656//656
f 733//733 767//767 691//691
f 691//691 692//692 768//768
f 768//768 733//733 691//691
f 2744//2744 768//768 692//692
f 732//732 731//731 689//689
f 689//689 662//662 732//732
f 2771//2771 2746//2746 774//774
f 662//662 667//667 696//696
f 2746//2746 738//738 774//774
f 2746//2746 665//665 738//738
f 665//665 631//631 738//738
f 738//738 631//631 815//815
f 698//698 742//742 740//740
f 667//667 745//745 852//852
f 743//743 739//739 781//781
f 631//631 741//741 815//815
f 783//783 740//740 742//742
f 739//739 743//743 592//592
f 741//741 633//633 823//823
f 699//699 744//744 787//787
f 787//787 788//788 699//699
f 2810//2810 822//822 700//700
f 745//745 700//700 822//822
f 670//670 700//700 745//745
f 703//703 823//823 633//633
f 699//699 788//788 701//701
f 700//700 2747//2747 2810//2810
f 786//786 702//702 743//743
f 703//703 707//707 746//746
f 704//704 789//789 705//705
f 705//705 789//789 747//747
f 790//790 708//708 826//826
f 707//707 708//708 790//790
f 708//708 747//747 826//826
f 2774//2774 2811//2811 2751//2751
f 748//748 712//712 791//791
f 711//711 2812//2812 749//749
f 2813//2813 2754//2754 2753//2753
f 646//646 676//676 2814//2814
f 750//750 792//792 645//645
f 792//792 835//835 677//677
f 2775//2775 678//678 795//795
f 677//677 835//835 716//716
f 796//796 717//717 752//752
f 753//753 797//797 719//719
f 2758//2758 796//796 798//798
f 754//754 2757//2757 2819//2819
f 2778//2778 2820//2820 2776//2776
f 2777//2777 2762//2762 2779//2779
f 2780//2780 755//755 2760//2760
f 2763//2763 2788//2788 2781//2781
f 2788//2788 2782//2782 2781//2781
f 758//758 838//838 757//757
f 757//757 611//611 758//758
f 611//611 649//649 758//758
f 649//649 682//682 839//839
f 682//682 613//613 839//839
f 839//839 613//613 1006//1006
f 683//683 802//802 722//722
f 685//685 761//761 684//684
f 684//684 761//761 759//759
f 722//722 802//802 760//760
f 724//724 803//803 2766//2766
f 725//725 803//803 724//724
f 2767//2767 728//728 762//762
f 2743//2743 762//762 2768//2768
f 2768//2768 762//762 841//841
f 731//731 764//764 763//763
f 765//765 2768//2768 843//843
f 2768//2768 841//841 843//843
f 693//693 849//849 658//658
f 690//690 849//849 693//693
f 2769//2769 846//846 767//767
f 768//768 2744//2744 769//769
f 769//769 2744//2744 2770//2770
f 765//765 847//847 657//657
f 658//658 849//849 811//811
f 768//768 775//775 733//733
f 770//770 810//810 2769//2769
f 2791//2791 733//733 775//775
f 2790//2790 771//771 768//768
f 771//771 775//775 768//768
f 2770//2770 2794//2794 769//769
f 2770//2770 2745//2745 2794//2794
f 657//657 847//847 735//735
f 773//773 772//772 2792//2792
f 2801//2801 2798//2798 2793//2793
f 2745//2745 2800//2800 2794//2794
f 2800//2800 2745//2745 2772//2772
f 732//732 662//662 696//696
f 2796//2796 2799//2799 778//778
f 777//777 775//775 771//771
f 2799//2799 776//776 778//778
f 2801//2801 779//779 2798//2798
f 774//774 738//738 2795//2795
f 2798//2798 779//779 2802//2802
f 777//777 2806//2806 775//775
f 777//777 2795//2795 738//738
f 811//811 781//781 661//661
f 780//780 2804//2804 2803//2803
f 816//816 2804//2804 780//780
f 779//779 2807//2807 2802//2802
f 818//818 2807//2807 779//779
f 661//661 781//781 739//739
f 745//745 785//785 852//852
f 741//741 782//782 815//815
f 741//741 823//823 782//782
f 784//784 2773//2773 783//783
f 785//785 745//745 822//822
f 744//744 2809//2809 787//787
f 823//823 703//703 746//746
f 702//702 786//786 704//704
f 704//704 786//786 789//789
f 789//789 786//786 861//861
f 707//707 790//790 746//746
f 861//861 747//747 789//789
f 749//749 2812//2812 713//713
f 750//750 674//674 875//875
f 2739//2739 2814//2814 2858//2858
f 2814//2814 676//676 2815//2815
f 792//792 931//931 835//835
f 835//835 882//882 716//716
f 882//882 752//752 716//716
f 752//752 882//882 796//796
f 753//753 798//798 884//884
f 884//884 797//797 753//753
f 2789//2789 799//799 2783//2783
f 799//799 2789//2789 2841//2841
f 758//758 649//649 839//839
f 721//721 1005//1005 800//800
f 1006//1006 613//613 684//684
f 801//801 1183//1183 683//683
f 683//683 1183//1183 802//802
f 805//805 2766//2766 803//803
f 803//803 725//725 804//804
f 725//725 729//729 804//804
f 2766//2766 805//805 728//728
f 804//804 729//729 806//806
f 806//806 729//729 764//764
f 729//729 763//763 764//764
f 690//690 766//766 807//807
f 766//766 656//656 845//845
f 656//656 767//767 845//845
f 843//843 808//808 765//765
f 766//766 809//809 807//807
f 845//845 809//809 766//766
f 765//765 808//808 847//847
f 849//849 690//690 807//807
f 767//767 846//846 845//845
f 810//810 846//846 2769//2769
f 2792//2792 772//772 2825//2825
f 2845//2845 737//737 735//735
f 2845//2845 851//851 737//737
f 732//732 696//696 814//814
f 2805//2805 812//812 2797//2797
f 813//813 737//737 851//851
f 777//777 738//738 2830//2830
f 737//737 813//813 698//698
f 2833//2833 777//777 2830//2830
f 696//696 667//667 852//852
f 814//814 696//696 852//852
f 2806//2806 777//777 2833//2833
f 780//780 817//817 816//816
f 2831//2831 2807//2807 818//818
f 813//813 742//742 698//698
f 813//813 819//819 742//742
f 2833//2833 2830//2830 2808//2808
f 2832//2832 2833//2833 820//820
f 781//781 853//853 743//743
f 2808//2808 820//820 2833//2833
f 742//742 910//910 783//783
f 784//784 783//783 910//910
f 782//782 823//823 2834//2834
f 785//785 822//822 854//854
f 823//823 859//859 2834//2834
f 822//822 856//856 854//854
f 743//743 853//853 786//786
f 824//824 853//853 821//821
f 2851//2851 787//787 2809//2809
f 788//788 787//787 2851//2851
f 822//822 2810//2810 856//856
f 853//853 824//824 786//786
f 823//823 746//746 859//859
f 746//746 825//825 859//859
f 861//861 786//786 824//824
f 746//746 790//790 825//825
f 825//825 790//790 826//826
f 826//826 747//747 861//861
f 828//828 829//829 827//827
f 831//831 829//829 834//834
f 2839//2839 829//829 828//828
f 832//832 830//830 864//864
f 833//833 830//830 832//832
f 750//750 878//878 792//792
f 750//750 877//877 878//878
f 875//875 877//877 750//750
f 2858//2858 2814//2814 2815//2815
f 878//878 931//931 792//792
f 2816//2816 2775//2775 795//795
f 796//796 882//882 836//836
f 796//796 836//836 798//798
f 836//836 884//884 798//798
f 2784//2784 837//837 2787//2787
f 2783//2783 799//799 2840//2840
f 2786//2786 2840//2840 720//720
f 2764//2764 1005//1005 721//721
f 1005//1005 801//801 800//800
f 684//684 759//759 1008//1008
f 759//759 761//761 760//760
f 803//803 804//804 805//805
f 886//886 728//728 805//805
f 804//804 840//840 805//805
f 728//728 886//886 762//762
f 886//886 889//889 762//762
f 806//806 840//840 804//804
f 842//842 840//840 806//806
f 2879//2879 841//841 762//762
f 844//844 842//842 806//806
f 764//764 844//844 806//806
f 891//891 843//843 841//841
f 764//764 731//731 844//844
f 848//848 849//849 807//807
f 809//809 848//848 807//807
f 732//732 814//814 731//731
f 731//731 814//814 844//844
f 848//848 850//850 849//849
f 844//844 814//814 952//952
f 849//849 850//850 811//811
f 812//812 898//898 2797//2797
f 850//850 781//781 811//811
f 904//904 781//781 850//850
f 2828//2828 2804//2804 816//816
f 855//855 816//816 817//817
f 817//817 2835//2835 855//855
f 819//819 910//910 742//742
f 2889//2889 911//911 2809//2809
f 2834//2834 859//859 2848//2848
f 2851//2851 2809//2809 911//911
f 2854//2854 857//857 2849//2849
f 858//858 824//824 821//821
f 914//914 916//916 2852//2852
f 916//916 824//824 2852//2852
f 915//915 860//860 825//825
f 860//860 859//859 825//825
f 916//916 861//861 824//824
f 825//825 826//826 915//915
f 826//826 861//861 916//916
f 916//916 2893//2893 826//826
f 986//986 983//983 829//829
f 829//829 983//983 827//827
f 919//919 986//986 831//831
f 2838//2838 918//918 862//862
f 918//918 830//830 833//833
f 831//831 986//986 829//829
f 862//862 923//923 864//864
f 862//862 864//864 2838//2838
f 864//864 923//923 865//865
f 867//867 834//834 869//869
f 831//831 834//834 867//867
f 832//832 870//870 833//833
f 2837//2837 2836//2836 868//868
f 828//828 2855//2855 2839//2839
f 834//834 872//872 869//869
f 993//993 833//833 870//870
f 2855//2855 827//827 866//866
f 872//872 2839//2839 2855//2855
f 832//832 864//864 871//871
f 876//876 2855//2855 866//866
f 865//865 871//871 864//864
f 870//870 832//832 871//871
f 872//872 2855//2855 876//876
f 870//870 871//871 927//927
f 876//876 866//866 925//925
f 872//872 876//876 873//873
f 2894//2894 874//874 2861//2861
f 2817//2817 874//874 2859//2859
f 2817//2817 2861//2861 874//874
f 877//877 879//879 878//878
f 2864//2864 2862//2862 929//929
f 876//876 2818//2818 880//880
f 879//879 931//931 878//878
f 2816//2816 795//795 2867//2867
f 931//931 882//882 835//835
f 934//934 882//882 931//931
f 2868//2868 883//883 881//881
f 2868//2868 795//795 883//883
f 715//715 883//883 795//795
f 715//715 797//797 883//883
f 936//936 836//836 882//882
f 937//937 836//836 2909//2909
f 884//884 836//836 937//937
f 883//883 797//797 937//937
f 797//797 884//884 937//937
f 2840//2840 938//938 720//720
f 2764//2764 2910//2910 1003//1003
f 940//940 838//838 758//758
f 941//941 839//839 885//885
f 1005//1005 1183//1183 801//801
f 684//684 1008//1008 1006//1006
f 802//802 1183//1183 943//943
f 802//802 2918//2918 944//944
f 759//759 945//945 1008//1008
f 944//944 760//760 802//802
f 760//760 944//944 945//945
f 759//759 760//760 945//945
f 805//805 887//887 886//886
f 2842//2842 888//888 2821//2821
f 2879//2879 890//890 891//891
f 841//841 2879//2879 891//891
f 842//842 844//844 895//895
f 843//843 891//891 893//893
f 891//891 890//890 893//893
f 892//892 896//896 2843//2843
f 2844//2844 892//892 2843//2843
f 894//894 892//892 2844//2844
f 2844//2844 897//897 894//894
f 2826//2826 900//900 897//897
f 2826//2826 897//897 2844//2844
f 2822//2822 893//893 2846//2846
f 843//843 893//893 2822//2822
f 893//893 1053//1053 2846//2846
f 2843//2843 896//896 2823//2823
f 2885//2885 2797//2797 898//898
f 2827//2827 2797//2797 2885//2885
f 2845//2845 2935//2935 851//851
f 899//899 895//895 844//844
f 1056//1056 2824//2824 2881//2881
f 2847//2847 2824//2824 1056//1056
f 2886//2886 2884//2884 901//901
f 851//851 2935//2935 950//950
f 902//902 2884//2884 2828//2828
f 848//848 953//953 850//850
f 901//901 2884//2884 902//902
f 2921//2921 2847//2847 1056//1056
f 950//950 2829//2829 851//851
f 2829//2829 950//950 905//905
f 952//952 814//814 852//852
f 850//850 953//953 904//904
f 2828//2828 816//816 902//902
f 906//906 901//901 902//902
f 852//852 903//903 952//952
f 906//906 902//902 907//907
f 954//954 2887//2887 2922//2922
f 2850//2850 902//902 816//816
f 2888//2888 902//902 2850//2850
f 819//819 2829//2829 905//905
f 852//852 785//785 903//903
f 785//785 909//909 903//903
f 819//819 905//905 956//956
f 910//910 819//819 956//956
f 781//781 904//904 853//853
f 959//959 904//904 2923//2923
f 907//907 2849//2849 857//857
f 908//908 907//907 857//857
f 911//911 2889//2889 957//957
f 909//909 854//854 2924//2924
f 785//785 854//854 909//909
f 904//904 821//821 853//853
f 959//959 821//821 904//904
f 2851//2851 911//911 957//957
f 2924//2924 854//854 856//856
f 912//912 821//821 959//959
f 857//857 2854//2854 913//913
f 821//821 912//912 2853//2853
f 2891//2891 2893//2893 916//916
f 2890//2890 859//859 860//860
f 986//986 979//979 983//983
f 920//920 980//980 918//918
f 827//827 983//983 917//917
f 831//831 867//867 919//919
f 920//920 918//918 833//833
f 863//863 920//920 833//833
f 863//863 921//921 920//920
f 862//862 987//987 923//923
f 922//922 827//827 917//917
f 990//990 923//923 987//987
f 863//863 833//833 921//921
f 921//921 833//833 993//993
f 827//827 922//922 866//866
f 867//867 869//869 924//924
f 866//866 922//922 994//994
f 865//865 923//923 991//991
f 871//871 991//991 995//995
f 871//871 865//865 991//991
f 869//869 998//998 1084//1084
f 869//869 872//872 873//873
f 998//998 869//869 873//873
f 994//994 997//997 866//866
f 925//925 866//866 997//997
f 995//995 927//927 871//871
f 995//995 926//926 1000//1000
f 927//927 995//995 1000//1000
f 930//930 1085//1085 927//927
f 2856//2856 925//925 997//997
f 930//930 927//927 1000//1000
f 2857//2857 928//928 2860//2860
f 997//997 2895//2895 2856//2856
f 2862//2862 2896//2896 929//929
f 2860//2860 928//928 2863//2863
f 876//876 1002//1002 873//873
f 876//876 880//880 1002//1002
f 1002//1002 998//998 873//873
f 929//929 1001//1001 2864//2864
f 2865//2865 935//935 2901//2901
f 2907//2907 2866//2866 2928//2928
f 2868//2868 1089//1089 1002//1002
f 935//935 2906//2906 2901//2901
f 2871//2871 932//932 2869//2869
f 2902//2902 933//933 2870//2870
f 1089//1089 2868//2868 881//881
f 2872//2872 2908//2908 2903//2903
f 935//935 2909//2909 2906//2906
f 935//935 937//937 2909//2909
f 883//883 937//937 935//935
f 934//934 936//936 882//882
f 799//799 939//939 2840//2840
f 939//939 938//938 2840//2840
f 799//799 2841//2841 939//939
f 2912//2912 838//838 940//940
f 940//940 758//758 1004//1004
f 1003//1003 1005//1005 2764//2764
f 758//758 839//839 1004//1004
f 839//839 941//941 1004//1004
f 839//839 1006//1006 885//885
f 2919//2919 1098//1098 944//944
f 1008//1008 945//945 944//944
f 2875//2875 1031//1031 2879//2879
f 2876//2876 1031//1031 2875//2875
f 2821//2821 888//888 2877//2877
f 2879//2879 1031//1031 890//890
f 840//840 842//842 2878//2878
f 890//890 1126//1126 947//947
f 948//948 894//894 1048//1048
f 1048//1048 894//894 2883//2883
f 890//890 947//947 893//893
f 842//842 895//895 1140//1140
f 948//948 1046//1046 892//892
f 894//894 948//948 892//892
f 1054//1054 1048//1048 2883//2883
f 892//892 1046//1046 2882//2882
f 2886//2886 1054//1054 2883//2883
f 2880//2880 2920//2920 2936//2936
f 949//949 1054//1054 2886//2886
f 949//949 2886//2886 951//951
f 899//899 844//844 952//952
f 950//950 2935//2935 1057//1057
f 951//951 2886//2886 901//901
f 903//903 899//899 952//952
f 1061//1061 2938//2938 1139//1139
f 951//951 901//901 906//906
f 2938//2938 1061//1061 2922//2922
f 954//954 2922//2922 1061//1061
f 908//908 1063//1063 906//906
f 906//906 907//907 908//908
f 905//905 1064//1064 956//956
f 1220//1220 2925//2925 910//910
f 955//955 909//909 2924//2924
f 958//958 955//955 2924//2924
f 908//908 857//857 1144//1144
f 1146//1146 912//912 959//959
f 912//912 960//960 2853//2853
f 915//915 2892//2892 960//960
f 1148//1148 915//915 960//960
f 860//860 915//915 1148//1148
f 1067//1067 961//961 965//965
f 962//962 1067//1067 965//965
f 962//962 965//965 968//968
f 968//968 963//963 962//962
f 1232//1232 964//964 961//961
f 968//968 965//965 967//967
f 965//965 961//961 964//964
f 965//965 964//964 969//969
f 965//965 969//969 967//967
f 976//976 1076//1076 966//966
f 968//968 967//967 973//973
f 970//970 1077//1077 976//976
f 967//967 969//969 975//975
f 964//964 971//971 969//969
f 967//967 975//975 972//972
f 972//972 973//973 967//967
f 977//977 970//970 976//976
f 969//969 971//971 979//979
f 975//975 969//969 979//979
f 978//978 2926//2926 1236//1236
f 976//976 966//966 978//978
f 979//979 971//971 974//974
f 972//972 975//975 982//982
f 977//977 976//976 980//980
f 975//975 979//979 984//984
f 982//982 975//975 2927//2927
f 980//980 976//976 985//985
f 982//982 1079//1079 972//972
f 985//985 976//976 978//978
f 977//977 980//980 1081//1081
f 981//981 977//977 1081//1081
f 979//979 974//974 917//917
f 979//979 986//986 984//984
f 980//980 985//985 918//918
f 974//974 1080//1080 917//917
f 983//983 979//979 917//917
f 1081//1081 980//980 920//920
f 1237//1237 982//982 2927//2927
f 989//989 917//917 1080//1080
f 986//986 1237//1237 2927//2927
f 987//987 985//985 1170//1170
f 918//918 985//985 987//987
f 988//988 1081//1081 921//921
f 918//918 987//987 862//862
f 1081//1081 920//920 921//921
f 986//986 919//919 1237//1237
f 1171//1171 987//987 1170//1170
f 917//917 989//989 922//922
f 922//922 989//989 988//988
f 1172//1172 867//867 1173//1173
f 987//987 1171//1171 990//990
f 988//988 921//921 992//992
f 992//992 921//921 993//993
f 922//922 988//988 994//994
f 867//867 924//924 1173//1173
f 990//990 991//991 923//923
f 988//988 992//992 994//994
f 924//924 869//869 1084//1084
f 994//994 992//992 996//996
f 1084//1084 1238//1238 924//924
f 993//993 927//927 1085//1085
f 870//870 927//927 993//993
f 992//992 993//993 1085//1085
f 994//994 996//996 997//997
f 995//995 991//991 1175//1175
f 996//996 992//992 1083//1083
f 996//996 1241//1241 997//997
f 995//995 1175//1175 926//926
f 1086//1086 997//997 1241//1241
f 997//997 1086//1086 2897//2897
f 2897//2897 1086//1086 2898//2898
f 1000//1000 1178//1178 930//930
f 1000//1000 926//926 999//999
f 1178//1178 1000//1000 999//999
f 2929//2929 2903//2903 2908//2908
f 2929//2929 2904//2904 2903//2903
f 933//933 1089//1089 2870//2870
f 1003//1003 1093//1093 1005//1005
f 941//941 942//942 1094//1094
f 2873//2873 2916//2916 2915//2915
f 1005//1005 1093//1093 1183//1183
f 944//944 1098//1098 1007//1007
f 944//944 1007//1007 1008//1008
f 1101//1101 1009//1009 1010//1010
f 1103//1103 1011//1011 1102//1102
f 1012//1012 1102//1102 1011//1011
f 1010//1010 1009//1009 1015//1015
f 1111//1111 1010//1010 1015//1015
f 1107//1107 1016//1016 1103//1103
f 1011//1011 1103//1103 1016//1016
f 1012//1012 1011//1011 1017//1017
f 1009//1009 1106//1106 1020//1020
f 1015//1015 1009//1009 1020//1020
f 1011//1011 1016//1016 1025//1025
f 1011//1011 1025//1025 1017//1017
f 1110//1110 1019//1019 1014//1014
f 1014//1014 1019//1019 1020//1020
f 1106//1106 1014//1014 1020//1020
f 1016//1016 1107//1107 1013//1013
f 1015//1015 1020//1020 1024//1024
f 1016//1016 1013//1013 1025//1025
f 1017//1017 1025//1025 1026//1026
f 1021//1021 1017//1017 1026//1026
f 1019//1019 1021//1021 1022//1022
f 1019//1019 1022//1022 1020//1020
f 1025//1025 1013//1013 1018//1018
f 1020//1020 1022//1022 1115//1115
f 1024//1024 1020//1020 1115//1115
f 1023//1023 1021//1021 1026//1026
f 1022//1022 1021//1021 1023//1023
f 1018//1018 1112//1112 1026//1026
f 1025//1025 1018//1018 1026//1026
f 1023//1023 1026//1026 1201//1201
f 1112//1112 1028//1028 1032//1032
f 1026//1026 1112//1112 1032//1032
f 1037//1037 1026//1026 1032//1032
f 1029//1029 1027//1027 1033//1033
f 1129//1129 1026//1026 1037//1037
f 1029//1029 1033//1033 946//946
f 1034//1034 1029//1029 946//946
f 2876//2876 1030//1030 1031//1031
f 1030//1030 2877//2877 1035//1035
f 2877//2877 1036//1036 1035//1035
f 1042//1042 1037//1037 1032//1032
f 946//946 1033//1033 1038//1038
f 1130//1130 1034//1034 946//946
f 888//888 1036//1036 2877//2877
f 1028//1028 1039//1039 1050//1050
f 1032//1032 1028//1028 1042//1042
f 1042//1042 1028//1028 1050//1050
f 1037//1037 1042//1042 1131//1131
f 1041//1041 1130//1130 946//946
f 890//890 1123//1123 1126//1126
f 1031//1031 1123//1123 890//890
f 1036//1036 2878//2878 842//842
f 946//946 1038//1038 1040//1040
f 1130//1130 1041//1041 1045//1045
f 1040//1040 1044//1044 946//946
f 946//946 1044//1044 1041//1041
f 1126//1126 1130//1130 1045//1045
f 1045//1045 1041//1041 1044//1044
f 1050//1050 1039//1039 1136//1136
f 1042//1042 1050//1050 1052//1052
f 1126//1126 1045//1045 947//947
f 1051//1051 1040//1040 1043//1043
f 1044//1044 1040//1040 2934//2934
f 1140//1140 1213//1213 842//842
f 1050//1050 1136//1136 1055//1055
f 1045//1045 1044//1044 947//947
f 1049//1049 1048//1048 1054//1054
f 1050//1050 1055//1055 1052//1052
f 1047//1047 1049//1049 1054//1054
f 2920//2920 1044//1044 2934//2934
f 2936//2936 2920//2920 2934//2934
f 1046//1046 1139//1139 2882//2882
f 1047//1047 1054//1054 1058//1058
f 1136//1136 1047//1047 2939//2939
f 1052//1052 2937//2937 1217//1217
f 2882//2882 1139//1139 2938//2938
f 1058//1058 1054//1054 949//949
f 1055//1055 1136//1136 2939//2939
f 1057//1057 2935//2935 1051//1051
f 1059//1059 1217//1217 2937//2937
f 1060//1060 1059//1059 2937//2937
f 1060//1060 2937//2937 1058//1058
f 1058//1058 949//949 951//951
f 1060//1060 1058//1058 951//951
f 1060//1060 951//951 1063//1063
f 950//950 1062//1062 905//905
f 951//951 906//906 1063//1063
f 1062//1062 1064//1064 905//905
f 1145//1145 1063//1063 908//908
f 1268//1268 1221//1221 954//954
f 956//956 1220//1220 910//910
f 1144//1144 1145//1145 908//908
f 954//954 1221//1221 959//959
f 959//959 1221//1221 1146//1146
f 958//958 2925//2925 1220//1220
f 1144//1144 857//857 2890//2890
f 912//912 1146//1146 960//960
f 2853//2853 960//960 2892//2892
f 1067//1067 1149//1149 1065//1065
f 1066//1066 1149//1149 1068//1068
f 1068//1068 1149//1149 1067//1067
f 2940//2940 2941//2941 963//963
f 1067//1067 1065//1065 961//961
f 1068//1068 1067//1067 962//962
f 963//963 2941//2941 962//962
f 961//961 1065//1065 1069//1069
f 961//961 1069//1069 1232//1232
f 963//963 968//968 1074//1074
f 1076//1076 1157//1157 1072//1072
f 1070//1070 1157//1157 1076//1076
f 976//976 1070//1070 1076//1076
f 1071//1071 1070//1070 976//976
f 1073//1073 1071//1071 1077//1077
f 1077//1077 1071//1071 976//976
f 1075//1075 1161//1161 1072//1072
f 1076//1076 1072//1072 1161//1161
f 1076//1076 1161//1161 966//966
f 968//968 973//973 1074//1074
f 1163//1163 1077//1077 970//970
f 964//964 1232//1232 971//971
f 970//970 1078//1078 1163//1163
f 1162//1162 1236//1236 2926//2926
f 970//970 977//977 1078//1078
f 971//971 1167//1167 974//974
f 1164//1164 977//977 981//981
f 978//978 1236//1236 1170//1170
f 1080//1080 1164//1164 981//981
f 974//974 1167//1167 1080//1080
f 978//978 1170//1170 985//985
f 1079//1079 982//982 1237//1237
f 1080//1080 981//981 988//988
f 1081//1081 988//988 981//981
f 1080//1080 988//988 989//989
f 1170//1170 1168//1168 1171//1171
f 919//919 1172//1172 1237//1237
f 919//919 867//867 1172//1172
f 991//991 990//990 1282//1282
f 992//992 1085//1085 2942//2942
f 996//996 1083//1083 1241//1241
f 1084//1084 998//998 1240//1240
f 1176//1176 926//926 1175//1175
f 2900//2900 1088//1088 2944//2944
f 1178//1178 1088//1088 2900//2900
f 2943//2943 2944//2944 1088//1088
f 1241//1241 1083//1083 2946//2946
f 1242//1242 999//999 926//926
f 1088//1088 1178//1178 1087//1087
f 1089//1089 1293//1293 1002//1002
f 1243//1243 1089//1089 933//933
f 1089//1089 1243//1243 1245//1245
f 2911//2911 2913//2913 1092//1092
f 2950//2950 1090//1090 2910//2910
f 2910//2910 1090//1090 1003//1003
f 2950//2950 1091//1091 1090//1090
f 2914//2914 940//940 2951//2951
f 1004//1004 2948//2948 2951//2951
f 940//940 1004//1004 2951//2951
f 1090//1090 1093//1093 1003//1003
f 1095//1095 1094//1094 942//942
f 2917//2917 2874//2874 2952//2952
f 885//885 1006//1006 2953//2953
f 1097//1097 2953//2953 1006//1006
f 1096//1096 943//943 1183//1183
f 2919//2919 2954//2954 1098//1098
f 1006//1006 1008//1008 1097//1097
f 1184//1184 1098//1098 2954//2954
f 2958//2958 2978//2978 2931//2931
f 1097//1097 1008//1008 1007//1007
f 1009//1009 1100//1100 1099//1099
f 1101//1101 2959//2959 1009//1009
f 1104//1104 1012//1012 1193//1193
f 1099//1099 1106//1106 1009//1009
f 1012//1012 1017//1017 1193//1193
f 1010//1010 1111//1111 1109//1109
f 1105//1105 1014//1014 1106//1106
f 1110//1110 1108//1108 1193//1193
f 1021//1021 1193//1193 1017//1017
f 1021//1021 1110//1110 1193//1193
f 1105//1105 1108//1108 1014//1014
f 1014//1014 1108//1108 1110//1110
f 1110//1110 1021//1021 1019//1019
f 1111//1111 1015//1015 1113//1113
f 1195//1195 1111//1111 1116//1116
f 1116//1116 1111//1111 1113//1113
f 1013//1013 1112//1112 1018//1018
f 1113//1113 1024//1024 1121//1121
f 1015//1015 1024//1024 1113//1113
f 1023//1023 1117//1117 1022//1022
f 1117//1117 1114//1114 1022//1022
f 1114//1114 1115//1115 1022//1022
f 1118//1118 1113//1113 1121//1121
f 1116//1116 1027//1027 1196//1196
f 1117//1117 1023//1023 1120//1120
f 1116//1116 1113//1113 1118//1118
f 1197//1197 1114//1114 1257//1257
f 1115//1115 1114//1114 1197//1197
f 1115//1115 1197//1197 1198//1198
f 1121//1121 1024//1024 1115//1115
f 1121//1121 1115//1115 1198//1198
f 1116//1116 1118//1118 1127//1127
f 1029//1029 1122//1122 1027//1027
f 1200//1200 1122//1122 1029//1029
f 1112//1112 1119//1119 1028//1028
f 1203//1203 1023//1023 1201//1201
f 1120//1120 1023//1023 1203//1203
f 1027//1027 1116//1116 1127//1127
f 1033//1033 1127//1127 1038//1038
f 1033//1033 1027//1027 1127//1127
f 1030//1030 1124//1124 1031//1031
f 1119//1119 1125//1125 1028//1028
f 1026//1026 1129//1129 1201//1201
f 1204//1204 1127//1127 1118//1118
f 1029//1029 1034//1034 1200//1200
f 1125//1125 1128//1128 1039//1039
f 1028//1028 1125//1125 1039//1039
f 1129//1129 1037//1037 1262//1262
f 1038//1038 1127//1127 1204//1204
f 1131//1131 1262//1262 1037//1037
f 1128//1128 1134//1134 1039//1039
f 1040//1040 1204//1204 1209//1209
f 1040//1040 1038//1038 1204//1204
f 1213//1213 1036//1036 842//842
f 1049//1049 1133//1133 1208//1208
f 1039//1039 1134//1134 1136//1136
f 1048//1048 1132//1132 948//948
f 1208//1208 1132//1132 1048//1048
f 1049//1049 1208//1208 1048//1048
f 1133//1133 1049//1049 1047//1047
f 1209//1209 1043//1043 1040//1040
f 1210//1210 1135//1135 1046//1046
f 948//948 1210//1210 1046//1046
f 1134//1134 1047//1047 1136//1136
f 1042//1042 1052//1052 1131//1131
f 1135//1135 1214//1214 1046//1046
f 1052//1052 1217//1217 1131//1131
f 1043//1043 1138//1138 1051//1051
f 1214//1214 1139//1139 1046//1046
f 1216//1216 1051//1051 1138//1138
f 895//895 899//899 1140//1140
f 1057//1057 1051//1051 1216//1216
f 1141//1141 950//950 1057//1057
f 1318//1318 1059//1059 1060//1060
f 899//899 903//903 1142//1142
f 950//950 1141//1141 1062//1062
f 1219//1219 1318//1318 1060//1060
f 1219//1219 1060//1060 1063//1063
f 1219//1219 1063//1063 1269//1269
f 1142//1142 903//903 909//909
f 1061//1061 1268//1268 954//954
f 909//909 955//955 1142//1142
f 956//956 1064//1064 1271//1271
f 1271//1271 1220//1220 956//956
f 955//955 958//958 1320//1320
f 958//958 1220//1220 1143//1143
f 860//860 1147//1147 2890//2890
f 1144//1144 2890//2890 1147//1147
f 1146//1146 1273//1273 960//960
f 1273//1273 1222//1222 960//960
f 860//860 1148//1148 1373//1373
f 960//960 1222//1222 1148//1148
f 1151//1151 1150//1150 1066//1066
f 1066//1066 1150//1150 1149//1149
f 1149//1149 1226//1226 1065//1065
f 1151//1151 2940//2940 1152//1152
f 1226//1226 1069//1069 1065//1065
f 2940//2940 963//963 1152//1152
f 1230//1230 1152//1152 963//963
f 1157//1157 1153//1153 1154//1154
f 1155//1155 2968//2968 1157//1157
f 1156//1156 1155//1155 1157//1157
f 1070//1070 1156//1156 1157//1157
f 1069//1069 1275//1275 1232//1232
f 1157//1157 1154//1154 1072//1072
f 1158//1158 1070//1070 1071//1071
f 1074//1074 1230//1230 963//963
f 1072//1072 2969//2969 1159//1159
f 1072//1072 1159//1159 1075//1075
f 1077//1077 1163//1163 1073//1073
f 2926//2926 1161//1161 1162//1162
f 1232//1232 1160//1160 1235//1235
f 1232//1232 1235//1235 971//971
f 971//971 1235//1235 1167//1167
f 1164//1164 1078//1078 977//977
f 972//972 1280//1280 973//973
f 1167//1167 1165//1165 1164//1164
f 1079//1079 1280//1280 972//972
f 1167//1167 1164//1164 1080//1080
f 1168//1168 1236//1236 1166//1166
f 1236//1236 1168//1168 1170//1170
f 1079//1079 1237//1237 1169//1169
f 1174//1174 1084//1084 1082//1082
f 1238//1238 1084//1084 1174//1174
f 1284//1284 991//991 1386//1386
f 1284//1284 1175//1175 991//991
f 1082//1082 1084//1084 1240//1240
f 1176//1176 1175//1175 1284//1284
f 1240//1240 998//998 1002//1002
f 926//926 1176//1176 1242//1242
f 2899//2899 2945//2945 2930//2930
f 1002//1002 1177//1177 1240//1240
f 999//999 1242//1242 1290//1290
f 999//999 1290//1290 1289//1289
f 999//999 1289//1289 1178//1178
f 2905//2905 1288//1288 3003//3003
f 1177//1177 1002//1002 1244//1244
f 1293//1293 1244//1244 1002//1002
f 1293//1293 1089//1089 1245//1245
f 1293//1293 1245//1245 1294//1294
f 1091//1091 1179//1179 1090//1090
f 1090//1090 2971//2971 1093//1093
f 1004//1004 1094//1094 2948//2948
f 1004//1004 941//941 1094//1094
f 2949//2949 1094//1094 2972//2972
f 2971//2971 1180//1180 1093//1093
f 1181//1181 2973//2973 2972//2972
f 1094//1094 1181//1181 2972//2972
f 1095//1095 1181//1181 1094//1094
f 1180//1180 1182//1182 1183//1183
f 1093//1093 1180//1180 1183//1183
f 2973//2973 1181//1181 2974//2974
f 2932//2932 2975//2975 1181//1181
f 2957//2957 1181//1181 1095//1095
f 1181//1181 2957//2957 2932//2932
f 2976//2976 1187//1187 2955//2955
f 2955//2955 1187//1187 1188//1188
f 2956//2956 2983//2983 2979//2979
f 1100//1100 1246//1246 1185//1185
f 2959//2959 1186//1186 3005//3005
f 1101//1101 1186//1186 2959//2959
f 1100//1100 1185//1185 1099//1099
f 1190//1190 1188//1188 1187//1187
f 1099//1099 1185//1185 1248//1248
f 2960//2960 1189//1189 1299//1299
f 2980//2980 1189//1189 2960//2960
f 1099//1099 1248//1248 1192//1192
f 1101//1101 1250//1250 1186//1186
f 2961//2961 2960//2960 1299//1299
f 1102//1102 1012//1012 2981//2981
f 1104//1104 2981//2981 1012//1012
f 2988//2988 2981//2981 1104//1104
f 1099//1099 1192//1192 1106//1106
f 1192//1192 1105//1105 1106//1106
f 1191//1191 1104//1104 1108//1108
f 1108//1108 1104//1104 1193//1193
f 1192//1192 1191//1191 1108//1108
f 1105//1105 1192//1192 1108//1108
f 1301//1301 2933//2933 2962//2962
f 1195//1195 1109//1109 1111//1111
f 1196//1196 1302//1302 1195//1195
f 1196//1196 1195//1195 1116//1116
f 2933//2933 1194//1194 1112//1112
f 1194//1194 1305//1305 1112//1112
f 1257//1257 1114//1114 1117//1117
f 1122//1122 1196//1196 1027//1027
f 1112//1112 1305//1305 1119//1119
f 1259//1259 1117//1117 1120//1120
f 1257//1257 1117//1117 1259//1259
f 1031//1031 1255//1255 1123//1123
f 1124//1124 1255//1255 1031//1031
f 1306//1306 1124//1124 1309//1309
f 1030//1030 1309//1309 1124//1124
f 2963//2963 2996//2996 1258//1258
f 1198//1198 1199//1199 1121//1121
f 1121//1121 1199//1199 1118//1118
f 1123//1123 1256//1256 1126//1126
f 1312//1312 1128//1128 1125//1125
f 1262//1262 1358//1358 2964//2964
f 2965//2965 3037//3037 2991//2991
f 2997//2997 2992//2992 1202//1202
f 1199//1199 1206//1206 1118//1118
f 1204//1204 1118//1118 1206//1206
f 1130//1130 1200//1200 1034//1034
f 1256//1256 1200//1200 1130//1130
f 1126//1126 1256//1256 1130//1130
f 1205//1205 1035//1035 1036//1036
f 1128//1128 1311//1311 1134//1134
f 1210//1210 1132//1132 1360//1360
f 1208//1208 1207//1207 1132//1132
f 1262//1262 1131//1131 1137//1137
f 1204//1204 1206//1206 1263//1263
f 1263//1263 1209//1209 1204//1204
f 1132//1132 1210//1210 948//948
f 1264//1264 1135//1135 1210//1210
f 1133//1133 1047//1047 1134//1134
f 1209//1209 1263//1263 1212//1212
f 1209//1209 1138//1138 1043//1043
f 1140//1140 1215//1215 1213//1213
f 1317//1317 1138//1138 1209//1209
f 1131//1131 1217//1217 1137//1137
f 1137//1137 1217//1217 1424//1424
f 1140//1140 899//899 1267//1267
f 1057//1057 1218//1218 1141//1141
f 1057//1057 1216//1216 1218//1218
f 1139//1139 1266//1266 1061//1061
f 899//899 1142//1142 1267//1267
f 1266//1266 1268//1268 1061//1061
f 1063//1063 1145//1145 1269//1269
f 1319//1319 1064//1064 1062//1062
f 1269//1269 1145//1145 1321//1321
f 1064//1064 1319//1319 1271//1271
f 1271//1271 1143//1143 1220//1220
f 958//958 1143//1143 1320//1320
f 1145//1145 1322//1322 1321//1321
f 1145//1145 1144//1144 1322//1322
f 1322//1322 1144//1144 1147//1147
f 1221//1221 1273//1273 1146//1146
f 1373//1373 1323//1323 860//860
f 1373//1373 1148//1148 1222//1222
f 1149//1149 2966//2966 1224//1224
f 1151//1151 1223//1223 1150//1150
f 1151//1151 1430//1430 1223//1223
f 1149//1149 1224//1224 1226//1226
f 1430//1430 1151//1151 1152//1152
f 1152//1152 1227//1227 1430//1430
f 1228//1228 1227//1227 1152//1152
f 1275//1275 1069//1069 1226//1226
f 1277//1277 1276//1276 2968//2968
f 1152//1152 1230//1230 1228//1228
f 1155//1155 1277//1277 2968//2968
f 3017//3017 2970//2970 1229//1229
f 1156//1156 1327//1327 2970//2970
f 2970//2970 1327//1327 1229//1229
f 1153//1153 3016//3016 1154//1154
f 1327//1327 1156//1156 1158//1158
f 1154//1154 3016//3016 1328//1328
f 1158//1158 1156//1156 1070//1070
f 1232//1232 1275//1275 1325//1325
f 2969//2969 3029//3029 1330//1330
f 1158//1158 1071//1071 1231//1231
f 1159//1159 2969//2969 1330//1330
f 1232//1232 1278//1278 1160//1160
f 1163//1163 1233//1233 1073//1073
f 1163//1163 1234//1234 1233//1233
f 1159//1159 1382//1382 1075//1075
f 1161//1161 1075//1075 1162//1162
f 1074//1074 973//973 1500//1500
f 1162//1162 1075//1075 1382//1382
f 1163//1163 1078//1078 1383//1383
f 1334//1334 1236//1236 1162//1162
f 1078//1078 1164//1164 1165//1165
f 1167//1167 1235//1235 1165//1165
f 1280//1280 1079//1079 1169//1169
f 1169//1169 1237//1237 1335//1335
f 1171//1171 1168//1168 1385//1385
f 1171//1171 1385//1385 990//990
f 1281//1281 1172//1172 1173//1173
f 924//924 1337//1337 1173//1173
f 990//990 1336//1336 1282//1282
f 991//991 1282//1282 1386//1386
f 1386//1386 1239//1239 1284//1284
f 2947//2947 1285//1285 3001//3001
f 3018//3018 2945//2945 3002//3002
f 1087//1087 1286//1286 1088//1088
f 3018//3018 1288//1288 2945//2945
f 1288//1288 2930//2930 2945//2945
f 1176//1176 1287//1287 1242//1242
f 1178//1178 1289//1289 1087//1087
f 2930//2930 1288//1288 2905//2905
f 2975//2975 2932//2932 1247//1247
f 1182//1182 3008//3008 1183//1183
f 3006//3006 1186//1186 1295//1295
f 2977//2977 3009//3009 2982//2982
f 2931//2931 2978//2978 3010//3010
f 2978//2978 2984//2984 3010//3010
f 2987//2987 2982//2982 3009//3009
f 1189//1189 1249//1249 1299//1299
f 1297//1297 2989//2989 1251//1251
f 3026//3026 2985//2985 2990//2990
f 1404//1404 1250//1250 1101//1101
f 1252//1252 1251//1251 1191//1191
f 1248//1248 1252//1252 1192//1192
f 2988//2988 1104//1104 1251//1251
f 1191//1191 1251//1251 1104//1104
f 1252//1252 1191//1191 1192//1192
f 1109//1109 1101//1101 1010//1010
f 1404//1404 1101//1101 1109//1109
f 2961//2961 1299//1299 1300//1300
f 2961//2961 1300//1300 2962//2962
f 1300//1300 1301//1301 2962//2962
f 1195//1195 1253//1253 1109//1109
f 2933//2933 1301//1301 1194//1194
f 1196//1196 1122//1122 1254//1254
f 1306//1306 1255//1255 1124//1124
f 1254//1254 1122//1122 1200//1200
f 1123//1123 1255//1255 1256//1256
f 1312//1312 1119//1119 1356//1356
f 1257//1257 1259//1259 1415//1415
f 1256//1256 1254//1254 1200//1200
f 1119//1119 1312//1312 1125//1125
f 1307//1307 1258//1258 2996//2996
f 1120//1120 1258//1258 1259//1259
f 1478//1478 1030//1030 1035//1035
f 2996//2996 2994//2994 1307//1307
f 1478//1478 1035//1035 1205//1205
f 1128//1128 1312//1312 1311//1311
f 2993//2993 1358//1358 2995//2995
f 1199//1199 1198//1198 1314//1314
f 1133//1133 1261//1261 1208//1208
f 1311//1311 1315//1315 1134//1134
f 1207//1207 1260//1260 1132//1132
f 1315//1315 1261//1261 1133//1133
f 1134//1134 1315//1315 1133//1133
f 1262//1262 1137//1137 1211//1211
f 1213//1213 1359//1359 1036//1036
f 1135//1135 1264//1264 1214//1214
f 1209//1209 1212//1212 1317//1317
f 1140//1140 1267//1267 1215//1215
f 1138//1138 1317//1317 1216//1216
f 1214//1214 1266//1266 1139//1139
f 2998//2998 1366//1366 1265//1265
f 1266//1266 1214//1214 1423//1423
f 1217//1217 1059//1059 1424//1424
f 1216//1216 3015//3015 1218//1218
f 1369//1369 1062//1062 1141//1141
f 1267//1267 1142//1142 1425//1425
f 1369//1369 1319//1319 1062//1062
f 1142//1142 955//955 1425//1425
f 1270//1270 1268//1268 1266//1266
f 1269//1269 1321//1321 1491//1491
f 1270//1270 1272//1272 1268//1268
f 1143//1143 1271//1271 1371//1371
f 1272//1272 1221//1221 1268//1268
f 1272//1272 1273//1273 1221//1221
f 1323//1323 1147//1147 860//860
f 1274//1274 1226//1226 1225//1225
f 1225//1225 1226//1226 1224//1224
f 1274//1274 1275//1275 1226//1226
f 1277//1277 1376//1376 1276//1276
f 3016//3016 1326//1326 1328//1328
f 1158//1158 1231//1231 1327//1327
f 1232//1232 1325//1325 1278//1278
f 1230//1230 1074//1074 1279//1279
f 1073//1073 1231//1231 1071//1071
f 1278//1278 1329//1329 1160//1160
f 1332//1332 1074//1074 1500//1500
f 1383//1383 1234//1234 1163//1163
f 1329//1329 1331//1331 1235//1235
f 1160//1160 1329//1329 1235//1235
f 973//973 1280//1280 1500//1500
f 1383//1383 1078//1078 1165//1165
f 1235//1235 3030//3030 1165//1165
f 1441//1441 1166//1166 1236//1236
f 1166//1166 1697//1697 1168//1168
f 1697//1697 1567//1567 1168//1168
f 1335//1335 1237//1237 1172//1172
f 1281//1281 1173//1173 1337//1337
f 1385//1385 1336//1336 990//990
f 924//924 1238//1238 1337//1337
f 1238//1238 1174//1174 1442//1442
f 1174//1174 1082//1082 1283//1283
f 1386//1386 1443//1443 1239//1239
f 1082//1082 1240//1240 1283//1283
f 1239//1239 1176//1176 1284//1284
f 1286//1286 1285//1285 2947//2947
f 1388//1388 1240//1240 1177//1177
f 1176//1176 1239//1239 1287//1287
f 1287//1287 1391//1391 1242//1242
f 1391//1391 1338//1338 1242//1242
f 1087//1087 1289//1289 1390//1390
f 1286//1286 1087//1087 1390//1390
f 1242//1242 1338//1338 1290//1290
f 1289//1289 1290//1290 1291//1291
f 3003//3003 1288//1288 1448//1448
f 3003//3003 1448//1448 3004//3004
f 1291//1291 1290//1290 1338//1338
f 1341//1341 1244//1244 1293//1293
f 1293//1293 1294//1294 1342//1342
f 1341//1341 1293//1293 1342//1342
f 1245//1245 1292//1292 1340//1340
f 1245//1245 1340//1340 1294//1294
f 3021//3021 1345//1345 3007//3007
f 1346//1346 1295//1295 1186//1186
f 1246//1246 3034//3034 1185//1185
f 1185//1185 3034//3034 1248//1248
f 1250//1250 1346//1346 1186//1186
f 3011//3011 1249//1249 1189//1189
f 3014//3014 3012//3012 1296//1296
f 2984//2984 3024//3024 3010//3010
f 2986//2986 1297//1297 3025//3025
f 1298//1298 1297//1297 1251//1251
f 1252//1252 1298//1298 1251//1251
f 1248//1248 3027//3027 1252//1252
f 1250//1250 1404//1404 1402//1402
f 1404//1404 1109//1109 1253//1253
f 1405//1405 1253//1253 1195//1195
f 1194//1194 1301//1301 1350//1350
f 1254//1254 1349//1349 1302//1302
f 1304//1304 1303//1303 1255//1255
f 1350//1350 1305//1305 1194//1194
f 1254//1254 1302//1302 1196//1196
f 1306//1306 1304//1304 1255//1255
f 1303//1303 1254//1254 1256//1256
f 1255//1255 1303//1303 1256//1256
f 1305//1305 1356//1356 1119//1119
f 1308//1308 1258//1258 1307//1307
f 1415//1415 1258//1258 1308//1308
f 1259//1259 1258//1258 1415//1415
f 1198//1198 1197//1197 1357//1357
f 1030//1030 1478//1478 1309//1309
f 3028//3028 2995//2995 1358//1358
f 1198//1198 1357//1357 1314//1314
f 1310//1310 1261//1261 1315//1315
f 1313//1313 1310//1310 1315//1315
f 1314//1314 1206//1206 1199//1199
f 1261//1261 1207//1207 1208//1208
f 1311//1311 1313//1313 1315//1315
f 1206//1206 1314//1314 1263//1263
f 1359//1359 1205//1205 1036//1036
f 1211//1211 1358//1358 1262//1262
f 1210//1210 1360//1360 1361//1361
f 1362//1362 1210//1210 1361//1361
f 1263//1263 1316//1316 1212//1212
f 1362//1362 1264//1264 1210//1210
f 1211//1211 1137//1137 1364//1364
f 1212//1212 1316//1316 1419//1419
f 1213//1213 1215//1215 1418//1418
f 1137//1137 1424//1424 1365//1365
f 1317//1317 3038//3038 1216//1216
f 1059//1059 1368//1368 1424//1424
f 1218//1218 3015//3015 1367//1367
f 1059//1059 1318//1318 1368//1368
f 1423//1423 1270//1270 1266//1266
f 1141//1141 1218//1218 1369//1369
f 1269//1269 1556//1556 1219//1219
f 1271//1271 1319//1319 1371//1371
f 1489//1489 1143//1143 1371//1371
f 1320//1320 1143//1143 1489//1489
f 1321//1321 1322//1322 1608//1608
f 1273//1273 1557//1557 1222//1222
f 1373//1373 1222//1222 1557//1557
f 2966//2966 1374//1374 1224//1224
f 2999//2999 1375//1375 2967//2967
f 1432//1432 1276//1276 1376//1376
f 1378//1378 1326//1326 3016//3016
f 3050//3050 1378//1378 3016//3016
f 1229//1229 1324//1324 3017//3017
f 1327//1327 1324//1324 1229//1229
f 1231//1231 1437//1437 1327//1327
f 1325//1325 1496//1496 1278//1278
f 1380//1380 1231//1231 1073//1073
f 1278//1278 1496//1496 1329//1329
f 1380//1380 1073//1073 1233//1233
f 1279//1279 1074//1074 1332//1332
f 1162//1162 1382//1382 1333//1333
f 1236//1236 1334//1334 1441//1441
f 1166//1166 1441//1441 1697//1697
f 1335//1335 1172//1172 1281//1281
f 1337//1337 1238//1238 1442//1442
f 1336//1336 1386//1386 1282//1282
f 1442//1442 1174//1174 1283//1283
f 1285//1285 1286//1286 1389//1389
f 3018//3018 1446//1446 1288//1288
f 1286//1286 1390//1390 1389//1389
f 1288//1288 1446//1446 1448//1448
f 1289//1289 1291//1291 1393//1393
f 1244//1244 1341//1341 1177//1177
f 1392//1392 1338//1338 1391//1391
f 1338//1338 1339//1339 1291//1291
f 1339//1339 1338//1338 1394//1394
f 3004//3004 1448//1448 3019//3019
f 1343//1343 1397//1397 3035//3035
f 3022//3022 1343//1343 3035//3035
f 1344//1344 3031//3031 3023//3023
f 1295//1295 1346//1346 3033//3033
f 1248//1248 3034//3034 1400//1400
f 1346//1346 1250//1250 1402//1402
f 1249//1249 1347//1347 1348//1348
f 1249//1249 1348//1348 1299//1299
f 1297//1297 1403//1403 3025//3025
f 1299//1299 1348//1348 1300//1300
f 1195//1195 1302//1302 1405//1405
f 1303//1303 1304//1304 1351//1351
f 1303//1303 1349//1349 1254//1254
f 1305//1305 1412//1412 1356//1356
f 1350//1350 1412//1412 1305//1305
f 1304//1304 1306//1306 1352//1352
f 1306//1306 1353//1353 1352//1352
f 1306//1306 1309//1309 1353//1353
f 1354//1354 1414//1414 1310//1310
f 1414//1414 1413//1413 1261//1261
f 1414//1414 1261//1261 1310//1310
f 1312//1312 1356//1356 1355//1355
f 1415//1415 1308//1308 1543//1543
f 1477//1477 1309//1309 1478//1478
f 1354//1354 1310//1310 1313//1313
f 1355//1355 1354//1354 1313//1313
f 1311//1311 1355//1355 1313//1313
f 1312//1312 1355//1355 1311//1311
f 1197//1197 1544//1544 1357//1357
f 1261//1261 1413//1413 1207//1207
f 1413//1413 1260//1260 1207//1207
f 1132//1132 1260//1260 1360//1360
f 1314//1314 1547//1547 1263//1263
f 1263//1263 1547//1547 1316//1316
f 1359//1359 1213//1213 1418//1418
f 1363//1363 1211//1211 1364//1364
f 1264//1264 1362//1362 1420//1420
f 1418//1418 1215//1215 1482//1482
f 1264//1264 1420//1420 1214//1214
f 1137//1137 1365//1365 1364//1364
f 1215//1215 1267//1267 1482//1482
f 1218//1218 1367//1367 1369//1369
f 1368//1368 1318//1318 1370//1370
f 1219//1219 1370//1370 1318//1318
f 1370//1370 1219//1219 1556//1556
f 1555//1555 1319//1319 1369//1369
f 1427//1427 1319//1319 1555//1555
f 1320//1320 1489//1489 1425//1425
f 955//955 1320//1320 1425//1425
f 1556//1556 1269//1269 1491//1491
f 1319//1319 1427//1427 1371//1371
f 1270//1270 1488//1488 1272//1272
f 1491//1491 1321//1321 1608//1608
f 1322//1322 1147//1147 1608//1608
f 1147//1147 1372//1372 1608//1608
f 1147//1147 1323//1323 1372//1372
f 1490//1490 1557//1557 1273//1273
f 1323//1323 1373//1373 1429//1429
f 2966//2966 3039//3039 1374//1374
f 3000//3000 3048//3048 3040//3040
f 3017//3017 1324//1324 1376//1376
f 1275//1275 1274//1274 1377//1377
f 1227//1227 1228//1228 1558//1558
f 1377//1377 1325//1325 1275//1275
f 1436//1436 1558//1558 1228//1228
f 1228//1228 1498//1498 1436//1436
f 1327//1327 1437//1437 1379//1379
f 1496//1496 1325//1325 1377//1377
f 1228//1228 1230//1230 1279//1279
f 1228//1228 1279//1279 1498//1498
f 1231//1231 1380//1380 1437//1437
f 1330//1330 3029//3029 1615//1615
f 1615//1615 3029//3029 1326//1326
f 1438//1438 1329//1329 1496//1496
f 1381//1381 1279//1279 1332//1332
f 1499//1499 1159//1159 1330//1330
f 1234//1234 1440//1440 1233//1233
f 1383//1383 1440//1440 1234//1234
f 1384//1384 1383//1383 1165//1165
f 3030//3030 3042//3042 1165//1165
f 1162//1162 1333//1333 1564//1564
f 1162//1162 1564//1564 1334//1334
f 1334//1334 1566//1566 1441//1441
f 1501//1501 1500//1500 1280//1280
f 1501//1501 1169//1169 1335//1335
f 1281//1281 1501//1501 1335//1335
f 1567//1567 1385//1385 1168//1168
f 1336//1336 1502//1502 1386//1386
f 1283//1283 1240//1240 1387//1387
f 1240//1240 1388//1388 1387//1387
f 1388//1388 1504//1504 1387//1387
f 1285//1285 1389//1389 1446//1446
f 1239//1239 1505//1505 1287//1287
f 1287//1287 1505//1505 1391//1391
f 3043//3043 1289//1289 1447//1447
f 1289//1289 1393//1393 1447//1447
f 1450//1450 1448//1448 1449//1449
f 1457//1457 1177//1177 1341//1341
f 1451//1451 1388//1388 1177//1177
f 1392//1392 1394//1394 1338//1338
f 1393//1393 1291//1291 1509//1509
f 1450//1450 3019//3019 1448//1448
f 1457//1457 1451//1451 1177//1177
f 1394//1394 1392//1392 1452//1452
f 1292//1292 1459//1459 1340//1340
f 1456//1456 1457//1457 1341//1341
f 1394//1394 1452//1452 1395//1395
f 1291//1291 1339//1339 1453//1453
f 1459//1459 1294//1294 1340//1340
f 1456//1456 1341//1341 1342//1342
f 1339//1339 1394//1394 1395//1395
f 1459//1459 1454//1454 1294//1294
f 1342//1342 1294//1294 1454//1454
f 1455//1455 1342//1342 1454//1454
f 3032//3032 1465//1465 1396//1396
f 3033//3033 1465//1465 3032//3032
f 3032//3032 1396//1396 3044//3044
f 3033//3033 1346//1346 1398//1398
f 1347//1347 1399//1399 1401//1401
f 1398//1398 1346//1346 1402//1402
f 3044//3044 1400//1400 3034//3034
f 1347//1347 1401//1401 1348//1348
f 1403//1403 1347//1347 3025//3025
f 3025//3025 1347//1347 1249//1249
f 3013//3013 3045//3045 1298//1298
f 1298//1298 1403//1403 1297//1297
f 3045//3045 1403//1403 1298//1298
f 1348//1348 1469//1469 1300//1300
f 1470//1470 1404//1404 1253//1253
f 1253//1253 1405//1405 1470//1470
f 1300//1300 1469//1469 1301//1301
f 1405//1405 1302//1302 1470//1470
f 1406//1406 1409//1409 1407//1407
f 1301//1301 1469//1469 1350//1350
f 1408//1408 1302//1302 1349//1349
f 1351//1351 1409//1409 1406//1406
f 1410//1410 1409//1409 3036//3036
f 1303//1303 1408//1408 1349//1349
f 1406//1406 1408//1408 1303//1303
f 1406//1406 1303//1303 1351//1351
f 1304//1304 1410//1410 1351//1351
f 1410//1410 1304//1304 1352//1352
f 1350//1350 1469//1469 1412//1412
f 1474//1474 1475//1475 1414//1414
f 1411//1411 1474//1474 1414//1414
f 1412//1412 1411//1411 1356//1356
f 1411//1411 1414//1414 1354//1354
f 1355//1355 1411//1411 1354//1354
f 1356//1356 1411//1411 1355//1355
f 1475//1475 1413//1413 1414//1414
f 1476//1476 3028//3028 1479//1479
f 1308//1308 1307//1307 3055//3055
f 1634//1634 1308//1308 3055//3055
f 1257//1257 1415//1415 1544//1544
f 1197//1197 1257//1257 1544//1544
f 1360//1360 1260//1260 1416//1416
f 1413//1413 1416//1416 1260//1260
f 1479//1479 3028//3028 1358//1358
f 1478//1478 1205//1205 1359//1359
f 1638//1638 1361//1361 1360//1360
f 1363//1363 1358//1358 1211//1211
f 1417//1417 1358//1358 1363//1363
f 1365//1365 1421//1421 1364//1364
f 1419//1419 1551//1551 1212//1212
f 1317//1317 1212//1212 1551//1551
f 1214//1214 1420//1420 1423//1423
f 1317//1317 1551//1551 3038//3038
f 1420//1420 1422//1422 1423//1423
f 3038//3038 1367//1367 3015//3015
f 1484//1484 1367//1367 3038//3038
f 1482//1482 1425//1425 1426//1426
f 1482//1482 1267//1267 1425//1425
f 1367//1367 1484//1484 1369//1369
f 1270//1270 1423//1423 1422//1422
f 1426//1426 1425//1425 1487//1487
f 1422//1422 1488//1488 1270//1270
f 1603//1603 1489//1489 1427//1427
f 1425//1425 1489//1489 1487//1487
f 1489//1489 1371//1371 1427//1427
f 1556//1556 1491//1491 1428//1428
f 1273//1273 1272//1272 1490//1490
f 1429//1429 1373//1373 1557//1557
f 3041//3041 3049//3049 1494//1494
f 1224//1224 1374//1374 1225//1225
f 1431//1431 1274//1274 1225//1225
f 1433//1433 1432//1432 1376//1376
f 3050//3050 3051//3051 1378//1378
f 1324//1324 1434//1434 1376//1376
f 1327//1327 1379//1379 1324//1324
f 1560//1560 1437//1437 1380//1380
f 1562//1562 1380//1380 1233//1233
f 1329//1329 1438//1438 1331//1331
f 1330//1330 1615//1615 1499//1499
f 1382//1382 1159//1159 1499//1499
f 1439//1439 3042//3042 3030//3030
f 1332//1332 1500//1500 1381//1381
f 1564//1564 1566//1566 1334//1334
f 1280//1280 1169//1169 1501//1501
f 1385//1385 1567//1567 1336//1336
f 1337//1337 1442//1442 1569//1569
f 1386//1386 1502//1502 1443//1443
f 1387//1387 1504//1504 1444//1444
f 1443//1443 1445//1445 1239//1239
f 1390//1390 1506//1506 1389//1389
f 1506//1506 1446//1446 1389//1389
f 3052//3052 1506//1506 1390//1390
f 1449//1449 1446//1446 1506//1506
f 1449//1449 1448//1448 1446//1446
f 1447//1447 1393//1393 1509//1509
f 1391//1391 1573//1573 1392//1392
f 1392//1392 1508//1508 1452//1452
f 3019//3019 1450//1450 1458//1458
f 3020//3020 1458//1458 1459//1459
f 1460//1460 1339//1339 1395//1395
f 1453//1453 1339//1339 1460//1460
f 1342//1342 1455//1455 1456//1456
f 1395//1395 1452//1452 1512//1512
f 1395//1395 1512//1512 1460//1460
f 1459//1459 1458//1458 1461//1461
f 1454//1454 1459//1459 1461//1461
f 1454//1454 1461//1461 1513//1513
f 1513//1513 1455//1455 1454//1454
f 1463//1463 1458//1458 1462//1462
f 1461//1461 1458//1458 1464//1464
f 1464//1464 1458//1458 1463//1463
f 1463//1463 1462//1462 1396//1396
f 1464//1464 1463//1463 1465//1465
f 1465//1465 1463//1463 1396//1396
f 1398//1398 1464//1464 1465//1465
f 1398//1398 1465//1465 3033//3033
f 1396//1396 1529//1529 3044//3044
f 1399//1399 1527//1527 1401//1401
f 1529//1529 1468//1468 3044//3044
f 1401//1401 1527//1527 1466//1466
f 1399//1399 1347//1347 1467//1467
f 1530//1530 1398//1398 1402//1402
f 3046//3046 1467//1467 1347//1347
f 3044//3044 1468//1468 1400//1400
f 1401//1401 1466//1466 1348//1348
f 1466//1466 1469//1469 1348//1348
f 1470//1470 1402//1402 1404//1404
f 1471//1471 1470//1470 1302//1302
f 1408//1408 1471//1471 1302//1302
f 1406//1406 1407//1407 1408//1408
f 1409//1409 1541//1541 1407//1407
f 1469//1469 1472//1472 1412//1412
f 1472//1472 1535//1535 1474//1474
f 1535//1535 1473//1473 1474//1474
f 1411//1411 1472//1472 1474//1474
f 1412//1412 1472//1472 1411//1411
f 1353//1353 1309//1309 1477//1477
f 1476//1476 1479//1479 1635//1635
f 1634//1634 1543//1543 1308//1308
f 1416//1416 1597//1597 1360//1360
f 1358//1358 1417//1417 1479//1479
f 1314//1314 1357//1357 1480//1480
f 1357//1357 1636//1636 1480//1480
f 1478//1478 1359//1359 1546//1546
f 1597//1597 1638//1638 1360//1360
f 1314//1314 1480//1480 1547//1547
f 1550//1550 1546//1546 1359//1359
f 1316//1316 1547//1547 1481//1481
f 1550//1550 1359//1359 1418//1418
f 1419//1419 1316//1316 1481//1481
f 1550//1550 1418//1418 1482//1482
f 1362//1362 1361//1361 1600//1600
f 1643//1643 1422//1422 1420//1420
f 1601//1601 1421//1421 1365//1365
f 1552//1552 3038//3038 1551//1551
f 1483//1483 1365//1365 1424//1424
f 1552//1552 1484//1484 3038//3038
f 1424//1424 1368//1368 1485//1485
f 1484//1484 1486//1486 1369//1369
f 1368//1368 1370//1370 1485//1485
f 1555//1555 1369//1369 1554//1554
f 1369//1369 1486//1486 3064//3064
f 1487//1487 1489//1489 1604//1604
f 1370//1370 1556//1556 1606//1606
f 1427//1427 1555//1555 1603//1603
f 1372//1372 1323//1323 1429//1429
f 3039//3039 1492//1492 1374//1374
f 1492//1492 3039//3039 1493//1493
f 3041//3041 1494//1494 3057//3057
f 1374//1374 1431//1431 1225//1225
f 1430//1430 1227//1227 1558//1558
f 1274//1274 1431//1431 1659//1659
f 1274//1274 1659//1659 1495//1495
f 1274//1274 1495//1495 1377//1377
f 1376//1376 1434//1434 1433//1433
f 1378//1378 1663//1663 1326//1326
f 1326//1326 1663//1663 1435//1435
f 1610//1610 1496//1496 1377//1377
f 1498//1498 1279//1279 1381//1381
f 1615//1615 1326//1326 1435//1435
f 1562//1562 1233//1233 1440//1440
f 1439//1439 3030//3030 1438//1438
f 1383//1383 1563//1563 1440//1440
f 1384//1384 1563//1563 1383//1383
f 1439//1439 3067//3067 3042//3042
f 1333//1333 1382//1382 1616//1616
f 1382//1382 1499//1499 1616//1616
f 1381//1381 1500//1500 1617//1617
f 1564//1564 1333//1333 1616//1616
f 1566//1566 1564//1564 1565//1565
f 1500//1500 1501//1501 1696//1696
f 1618//1618 1441//1441 1566//1566
f 1441//1441 1618//1618 1697//1697
f 1281//1281 1568//1568 1501//1501
f 1281//1281 1337//1337 1568//1568
f 1569//1569 1442//1442 1503//1503
f 1442//1442 1283//1283 1571//1571
f 1502//1502 1570//1570 1443//1443
f 1445//1445 1505//1505 1239//1239
f 1505//1505 1573//1573 1391//1391
f 1504//1504 1388//1388 1574//1574
f 3060//3060 1447//1447 1509//1509
f 1574//1574 1388//1388 1451//1451
f 3060//3060 1509//1509 1507//1507
f 1449//1449 3061//3061 3062//3062
f 1392//1392 1573//1573 1508//1508
f 1449//1449 3062//3062 1450//1450
f 1510//1510 1451//1451 1457//1457
f 1508//1508 1573//1573 1668//1668
f 1509//1509 1291//1291 1453//1453
f 1576//1576 1507//1507 1509//1509
f 1576//1576 1509//1509 1453//1453
f 3062//3062 1575//1575 1450//1450
f 1450//1450 1575//1575 1458//1458
f 1457//1457 1456//1456 1510//1510
f 1452//1452 1508//1508 1512//1512
f 1453//1453 1460//1460 1579//1579
f 1579//1579 1576//1576 1453//1453
f 1456//1456 1455//1455 1577//1577
f 1512//1512 1514//1514 1460//1460
f 1579//1579 1460//1460 1514//1514
f 1577//1577 1455//1455 1516//1516
f 1462//1462 1575//1575 1623//1623
f 1458//1458 1575//1575 1462//1462
f 1512//1512 1508//1508 1519//1519
f 1519//1519 1508//1508 1511//1511
f 1513//1513 1516//1516 1455//1455
f 1516//1516 1513//1513 1520//1520
f 1515//1515 1579//1579 1514//1514
f 1462//1462 1623//1623 1522//1522
f 1513//1513 1461//1461 1520//1520
f 1514//1514 1512//1512 1519//1519
f 1461//1461 1464//1464 1520//1520
f 1518//1518 1517//1517 1516//1516
f 1515//1515 1519//1519 1583//1583
f 1514//1514 1519//1519 1515//1515
f 1462//1462 1522//1522 1396//1396
f 1521//1521 1516//1516 1520//1520
f 1518//1518 1516//1516 1521//1521
f 1523//1523 1519//1519 1534//1534
f 1523//1523 1583//1583 1519//1519
f 1526//1526 1515//1515 1525//1525
f 1534//1534 1519//1519 1584//1584
f 1515//1515 1583//1583 1525//1525
f 1522//1522 1529//1529 1396//1396
f 1521//1521 1520//1520 1528//1528
f 1583//1583 1523//1523 1524//1524
f 1520//1520 1464//1464 1398//1398
f 1528//1528 1520//1520 1398//1398
f 1525//1525 1583//1583 1524//1524
f 1523//1523 1534//1534 1536//1536
f 1525//1525 1524//1524 1527//1527
f 1526//1526 1525//1525 1467//1467
f 1522//1522 1526//1526 1532//1532
f 1524//1524 1523//1523 1536//1536
f 1525//1525 1527//1527 1399//1399
f 1467//1467 3063//3063 1399//1399
f 1529//1529 1522//1522 1532//1532
f 1533//1533 1588//1588 1521//1521
f 1532//1532 1526//1526 1467//1467
f 1521//1521 1528//1528 1533//1533
f 1584//1584 1531//1531 1534//1534
f 1527//1527 1524//1524 1536//1536
f 1530//1530 1528//1528 1398//1398
f 1527//1527 1536//1536 1466//1466
f 1529//1529 1532//1532 1468//1468
f 1467//1467 3046//3046 1532//1532
f 3053//3053 1532//1532 3046//3046
f 1470//1470 1533//1533 1528//1528
f 1537//1537 1533//1533 1470//1470
f 1534//1534 1531//1531 1540//1540
f 1536//1536 1534//1534 1540//1540
f 1470//1470 1530//1530 1402//1402
f 1470//1470 1528//1528 1530//1530
f 1466//1466 1536//1536 1469//1469
f 3045//3045 3054//3054 1403//1403
f 1538//1538 1537//1537 1471//1471
f 1540//1540 1531//1531 1535//1535
f 1537//1537 1470//1470 1471//1471
f 1536//1536 1540//1540 1469//1469
f 1407//1407 1538//1538 1471//1471
f 1407//1407 1471//1471 1408//1408
f 1472//1472 1540//1540 1535//1535
f 1469//1469 1540//1540 1472//1472
f 1473//1473 1590//1590 1474//1474
f 1409//1409 1410//1410 1632//1632
f 1590//1590 1591//1591 1475//1475
f 1474//1474 1590//1590 1475//1475
f 1704//1704 1410//1410 1352//1352
f 1591//1591 1674//1674 1475//1475
f 1704//1704 1352//1352 1353//1353
f 1674//1674 1675//1675 1413//1413
f 1475//1475 1674//1674 1413//1413
f 1413//1413 1675//1675 1416//1416
f 3055//3055 1542//1542 1634//1634
f 1634//1634 1593//1593 1543//1543
f 1542//1542 1476//1476 1635//1635
f 1416//1416 1594//1594 1597//1597
f 1415//1415 1543//1543 1544//1544
f 1479//1479 1545//1545 1635//1635
f 1357//1357 1544//1544 1598//1598
f 1598//1598 1636//1636 1357//1357
f 1479//1479 1417//1417 1545//1545
f 1363//1363 1548//1548 1417//1417
f 1600//1600 1361//1361 1638//1638
f 1549//1549 1548//1548 1364//1364
f 1548//1548 1363//1363 1364//1364
f 1420//1420 1600//1600 1643//1643
f 1420//1420 1362//1362 1600//1600
f 1364//1364 1421//1421 1549//1549
f 1419//1419 1642//1642 1551//1551
f 1550//1550 1482//1482 1680//1680
f 1365//1365 1483//1483 1601//1601
f 1680//1680 1482//1482 1602//1602
f 1482//1482 1426//1426 1602//1602
f 1424//1424 1485//1485 1483//1483
f 1486//1486 1484//1484 3064//3064
f 1426//1426 1487//1487 1604//1604
f 1648//1648 1426//1426 1604//1604
f 1555//1555 3064//3064 1603//1603
f 1489//1489 1603//1603 1604//1604
f 1490//1490 1653//1653 1654//1654
f 1491//1491 1608//1608 1655//1655
f 3047//3047 3056//3056 3068//3068
f 1490//1490 1654//1654 1557//1557
f 1608//1608 1372//1372 1607//1607
f 1372//1372 1429//1429 1607//1607
f 1430//1430 1558//1558 3058//3058
f 1558//1558 1436//1436 1611//1611
f 1611//1611 1559//1559 1558//1558
f 3051//3051 1661//1661 1378//1378
f 1378//1378 1661//1661 1660//1660
f 1377//1377 1495//1495 1610//1610
f 1378//1378 3069//3069 1663//1663
f 1497//1497 1379//1379 1437//1437
f 1496//1496 1610//1610 1612//1612
f 1664//1664 1437//1437 1560//1560
f 1380//1380 1562//1562 1560//1560
f 1498//1498 1381//1381 1561//1561
f 1439//1439 1438//1438 3067//3067
f 1562//1562 1761//1761 1614//1614
f 1440//1440 1761//1761 1562//1562
f 3067//3067 1691//1691 1440//1440
f 1566//1566 1565//1565 1618//1618
f 1567//1567 1502//1502 1336//1336
f 1568//1568 1337//1337 1569//1569
f 1503//1503 1442//1442 1571//1571
f 1387//1387 1571//1571 1283//1283
f 1571//1571 1387//1387 1444//1444
f 1573//1573 1505//1505 1445//1445
f 1504//1504 1574//1574 1572//1572
f 1668//1668 1573//1573 1445//1445
f 1668//1668 1669//1669 1508//1508
f 1507//1507 1576//1576 1623//1623
f 1623//1623 1575//1575 3062//3062
f 1510//1510 1456//1456 1577//1577
f 1508//1508 1669//1669 1580//1580
f 1579//1579 1578//1578 1576//1576
f 1508//1508 1580//1580 1511//1511
f 1578//1578 1579//1579 1581//1581
f 1623//1623 1578//1578 1581//1581
f 1577//1577 1516//1516 1517//1517
f 1580//1580 1519//1519 1511//1511
f 1581//1581 1579//1579 1515//1515
f 1577//1577 1517//1517 1518//1518
f 1582//1582 1577//1577 1518//1518
f 1623//1623 1581//1581 1522//1522
f 1581//1581 1515//1515 1526//1526
f 1522//1522 1581//1581 1526//1526
f 1580//1580 1584//1584 1519//1519
f 1580//1580 1586//1586 1584//1584
f 1582//1582 1518//1518 1521//1521
f 1585//1585 1582//1582 1521//1521
f 1585//1585 1521//1521 1588//1588
f 1584//1584 1586//1586 1531//1531
f 1585//1585 1588//1588 1589//1589
f 1586//1586 1629//1629 1531//1531
f 1629//1629 1587//1587 1531//1531
f 1537//1537 1588//1588 1533//1533
f 1589//1589 1588//1588 1538//1538
f 1538//1538 1588//1588 1537//1537
f 1531//1531 1587//1587 1535//1535
f 1589//1589 1538//1538 1539//1539
f 1535//1535 1587//1587 1473//1473
f 1407//1407 1539//1539 1538//1538
f 1407//1407 1541//1541 1539//1539
f 1541//1541 1409//1409 1632//1632
f 1632//1632 1410//1410 1592//1592
f 1704//1704 1592//1592 1410//1410
f 1353//1353 1477//1477 1637//1637
f 1675//1675 1594//1594 1416//1416
f 1543//1543 1593//1593 1595//1595
f 1543//1543 1596//1596 1544//1544
f 1477//1477 1546//1546 1637//1637
f 1478//1478 1546//1546 1477//1477
f 1738//1738 1599//1599 1545//1545
f 1545//1545 1417//1417 1738//1738
f 1547//1547 1480//1480 1639//1639
f 1709//1709 1547//1547 1639//1639
f 1738//1738 1417//1417 1548//1548
f 1547//1547 1709//1709 1481//1481
f 1419//1419 1481//1481 1642//1642
f 1549//1549 1421//1421 1601//1601
f 1551//1551 1642//1642 1679//1679
f 1644//1644 1551//1551 1679//1679
f 1552//1552 1551//1551 1644//1644
f 1484//1484 1552//1552 1644//1644
f 1484//1484 1644//1644 1553//1553
f 1483//1483 1485//1485 1681//1681
f 1484//1484 1553//1553 3064//3064
f 3064//3064 1553//1553 1603//1603
f 1681//1681 1485//1485 1605//1605
f 1604//1604 1603//1603 1647//1647
f 1370//1370 1605//1605 1485//1485
f 1422//1422 1651//1651 1488//1488
f 1370//1370 1606//1606 1605//1605
f 1651//1651 1717//1717 1488//1488
f 1488//1488 1717//1717 1272//1272
f 1717//1717 1490//1490 1272//1272
f 1717//1717 1653//1653 1490//1490
f 1428//1428 1606//1606 1556//1556
f 1655//1655 1608//1608 1607//1607
f 1429//1429 1557//1557 1654//1654
f 1492//1492 1609//1609 1374//1374
f 1374//1374 1609//1609 1656//1656
f 1493//1493 1609//1609 1492//1492
f 1374//1374 1656//1656 1431//1431
f 3058//3058 1558//1558 1684//1684
f 3065//3065 3066//3066 3072//3072
f 1431//1431 1656//1656 1659//1659
f 1559//1559 1611//1611 1658//1658
f 1433//1433 1434//1434 3070//3070
f 1324//1324 1686//1686 1434//1434
f 1379//1379 1686//1686 1324//1324
f 1610//1610 1495//1495 1723//1723
f 1379//1379 1687//1687 1686//1686
f 1664//1664 1497//1497 1437//1437
f 1663//1663 1613//1613 1435//1435
f 1496//1496 1612//1612 1438//1438
f 1615//1615 1435//1435 1613//1613
f 1562//1562 1614//1614 1560//1560
f 1438//1438 1689//1689 3067//3067
f 1761//1761 1440//1440 1691//1691
f 1693//1693 1499//1499 1615//1615
f 1616//1616 1499//1499 1693//1693
f 1617//1617 1561//1561 1381//1381
f 1617//1617 1764//1764 1561//1561
f 1564//1564 1616//1616 1765//1765
f 1500//1500 1696//1696 1617//1617
f 1564//1564 1765//1765 1565//1565
f 1694//1694 1617//1617 1696//1696
f 1696//1696 1501//1501 1568//1568
f 1565//1565 1695//1695 1618//1618
f 1567//1567 1666//1666 1502//1502
f 1570//1570 1502//1502 1666//1666
f 1443//1443 1620//1620 1445//1445
f 1809//1809 1504//1504 1572//1572
f 1445//1445 1620//1620 1621//1621
f 1445//1445 1621//1621 1668//1668
f 1622//1622 1574//1574 1451//1451
f 1451//1451 1510//1510 1625//1625
f 1622//1622 1451//1451 1625//1625
f 1625//1625 1510//1510 1577//1577
f 1623//1623 1576//1576 1578//1578
f 1625//1625 1577//1577 1624//1624
f 1669//1669 1626//1626 1580//1580
f 1582//1582 1624//1624 1577//1577
f 1582//1582 1625//1625 1624//1624
f 1731//1731 1625//1625 1582//1582
f 1731//1731 1582//1582 1627//1627
f 1672//1672 1586//1586 1580//1580
f 1673//1673 1731//1731 1627//1627
f 1672//1672 1629//1629 1586//1586
f 1582//1582 1585//1585 1627//1627
f 1627//1627 1585//1585 1628//1628
f 1628//1628 1673//1673 1627//1627
f 1628//1628 1585//1585 1631//1631
f 1629//1629 1699//1699 1587//1587
f 1589//1589 1631//1631 1585//1585
f 1631//1631 1701//1701 1628//1628
f 1539//1539 1631//1631 1589//1589
f 1473//1473 1630//1630 1590//1590
f 1587//1587 1630//1630 1473//1473
f 1539//1539 1541//1541 1631//1631
f 1591//1591 1590//1590 1630//1630
f 1702//1702 1631//1631 1541//1541
f 1541//1541 1632//1632 1702//1702
f 1633//1633 1632//1632 1592//1592
f 1704//1704 1353//1353 1677//1677
f 1593//1593 1634//1634 1703//1703
f 1675//1675 1736//1736 1594//1594
f 1596//1596 1543//1543 1595//1595
f 1544//1544 1596//1596 1705//1705
f 1544//1544 1705//1705 1598//1598
f 1598//1598 1639//1639 1636//1636
f 1640//1640 1637//1637 1546//1546
f 1599//1599 1635//1635 1545//1545
f 1636//1636 1639//1639 1480//1480
f 1546//1546 1550//1550 1640//1640
f 1550//1550 1712//1712 1640//1640
f 1738//1738 1548//1548 1641//1641
f 1481//1481 1709//1709 1710//1710
f 1638//1638 1742//1742 1600//1600
f 1549//1549 1711//1711 1641//1641
f 1548//1548 1549//1549 1641//1641
f 1481//1481 1710//1710 1642//1642
f 1712//1712 1550//1550 1680//1680
f 1422//1422 1643//1643 1646//1646
f 1646//1646 1650//1650 1422//1422
f 1715//1715 1483//1483 1681//1681
f 1644//1644 1645//1645 1553//1553
f 1426//1426 1648//1648 1602//1602
f 1648//1648 1604//1604 1647//1647
f 1650//1650 1651//1651 1422//1422
f 1649//1649 1603//1603 1553//1553
f 1647//1647 1603//1603 1649//1649
f 1606//1606 1652//1652 1605//1605
f 1750//1750 1653//1653 1717//1717
f 1652//1652 1606//1606 1795//1795
f 1655//1655 1795//1795 1428//1428
f 1606//1606 1428//1428 1795//1795
f 1653//1653 1750//1750 1654//1654
f 1429//1429 1654//1654 1682//1682
f 1607//1607 1429//1429 1682//1682
f 3059//3059 1609//1609 1493//1493
f 1683//1683 3058//3058 1684//1684
f 1609//1609 1657//1657 1656//1656
f 1684//1684 1559//1559 1658//1658
f 1659//1659 1685//1685 1495//1495
f 1434//1434 1686//1686 3070//3070
f 1495//1495 1685//1685 1723//1723
f 1662//1662 1658//1658 1611//1611
f 1611//1611 1436//1436 1662//1662
f 1723//1723 1688//1688 1612//1612
f 1723//1723 1612//1612 1610//1610
f 1379//1379 1497//1497 1687//1687
f 1662//1662 1436//1436 1725//1725
f 1498//1498 1725//1725 1436//1436
f 1560//1560 1614//1614 1664//1664
f 1612//1612 1689//1689 1438//1438
f 1689//1689 1665//1665 3067//3067
f 3067//3067 1665//1665 1691//1691
f 1498//1498 1561//1561 1764//1764
f 1764//1764 1617//1617 1694//1694
f 1618//1618 1695//1695 1697//1697
f 1698//1698 1696//1696 1568//1568
f 1568//1568 1569//1569 1698//1698
f 1697//1697 1619//1619 1666//1666
f 1567//1567 1697//1697 1666//1666
f 1569//1569 1503//1503 1698//1698
f 1443//1443 1570//1570 1729//1729
f 1729//1729 1620//1620 1443//1443
f 1504//1504 1809//1809 1444//1444
f 1667//1667 1574//1574 1622//1622
f 1572//1572 1574//1574 1667//1667
f 1671//1671 1622//1622 1625//1625
f 1669//1669 1670//1670 1626//1626
f 1625//1625 1731//1731 1671//1671
f 1626//1626 1672//1672 1580//1580
f 1629//1629 1672//1672 1699//1699
f 1699//1699 1630//1630 1587//1587
f 1701//1701 1631//1631 1702//1702
f 1630//1630 1779//1779 1591//1591
f 1634//1634 1542//1542 1678//1678
f 1703//1703 1634//1634 1678//1678
f 1676//1676 1593//1593 1703//1703
f 1595//1595 1593//1593 1676//1676
f 1677//1677 1353//1353 1637//1637
f 1542//1542 1635//1635 1678//1678
f 1705//1705 1596//1596 1595//1595
f 1736//1736 1737//1737 1594//1594
f 1705//1705 1706//1706 1598//1598
f 1637//1637 1640//1640 1708//1708
f 1594//1594 1638//1638 1597//1597
f 1742//1742 1713//1713 1600//1600
f 1549//1549 1601//1601 1711//1711
f 1601//1601 1744//1744 1711//1711
f 1600//1600 1713//1713 1643//1643
f 1713//1713 1646//1646 1643//1643
f 1787//1787 1644//1644 1679//1679
f 1680//1680 1602//1602 1743//1743
f 1601//1601 1483//1483 1744//1744
f 1787//1787 1645//1645 1644//1644
f 1744//1744 1483//1483 1715//1715
f 1602//1602 1648//1648 1647//1647
f 1553//1553 1645//1645 1649//1649
f 1647//1647 1649//1649 1714//1714
f 1715//1715 1681//1681 1605//1605
f 1650//1650 1646//1646 1716//1716
f 1716//1716 1717//1717 1650//1650
f 1650//1650 1717//1717 1651//1651
f 1655//1655 1718//1718 1795//1795
f 1682//1682 1654//1654 1796//1796
f 1655//1655 1607//1607 1718//1718
f 1659//1659 1656//1656 1657//1657
f 1685//1685 1659//1659 1657//1657
f 1658//1658 1662//1662 1721//1721
f 3070//3070 1722//1722 3069//3069
f 1725//1725 1757//1757 1662//1662
f 1664//1664 1690//1690 1497//1497
f 1755//1755 1689//1689 1612//1612
f 1664//1664 1614//1614 1690//1690
f 1689//1689 1759//1759 1665//1665
f 1692//1692 1725//1725 1498//1498
f 1614//1614 1724//1724 1690//1690
f 1761//1761 1724//1724 1614//1614
f 1831//1831 1615//1615 1613//1613
f 1665//1665 1728//1728 1691//1691
f 1615//1615 1831//1831 1693//1693
f 1691//1691 1763//1763 1761//1761
f 1764//1764 1692//1692 1498//1498
f 1727//1727 1693//1693 1831//1831
f 1691//1691 1728//1728 1763//1763
f 1616//1616 1693//1693 1765//1765
f 1565//1565 1765//1765 1768//1768
f 1696//1696 1770//1770 1694//1694
f 1695//1695 1565//1565 1768//1768
f 1619//1619 1697//1697 1695//1695
f 1696//1696 1698//1698 1772//1772
f 1698//1698 1503//1503 1571//1571
f 1571//1571 1730//1730 1698//1698
f 1666//1666 1729//1729 1570//1570
f 1809//1809 1572//1572 1774//1774
f 1620//1620 1773//1773 1621//1621
f 1572//1572 1775//1775 1774//1774
f 1572//1572 1667//1667 1775//1775
f 1621//1621 1810//1810 1668//1668
f 1810//1810 1670//1670 1668//1668
f 1668//1668 1670//1670 1669//1669
f 1699//1699 1672//1672 1626//1626
f 1628//1628 1845//1845 1673//1673
f 1699//1699 1700//1700 1630//1630
f 1779//1779 1780//1780 1591//1591
f 1702//1702 1632//1632 1734//1734
f 1674//1674 1591//1591 1780//1780
f 1734//1734 1632//1632 1633//1633
f 1674//1674 1736//1736 1675//1675
f 1676//1676 1703//1703 1735//1735
f 1708//1708 1677//1677 1637//1637
f 1678//1678 1635//1635 1599//1599
f 1706//1706 1705//1705 1783//1783
f 1707//1707 1639//1639 1598//1598
f 1819//1819 1599//1599 1738//1738
f 1708//1708 1640//1640 1740//1740
f 1707//1707 1709//1709 1639//1639
f 1709//1709 1707//1707 1741//1741
f 1640//1640 1712//1712 1740//1740
f 1709//1709 1741//1741 1710//1710
f 1743//1743 1740//1740 1712//1712
f 1642//1642 1741//1741 1679//1679
f 1642//1642 1710//1710 1741//1741
f 1712//1712 1680//1680 1743//1743
f 1787//1787 1679//1679 1741//1741
f 1713//1713 1746//1746 1646//1646
f 1787//1787 1745//1745 1645//1645
f 1714//1714 1645//1645 1745//1745
f 1743//1743 1602//1602 1647//1647
f 1746//1746 1747//1747 1646//1646
f 1647//1647 1714//1714 1792//1792
f 1649//1649 1645//1645 1714//1714
f 1747//1747 1716//1716 1646//1646
f 1652//1652 1824//1824 1605//1605
f 1750//1750 1796//1796 1654//1654
f 1607//1607 1682//1682 1718//1718
f 1609//1609 3059//3059 1719//1719
f 1719//1719 3059//3059 3071//3071
f 3071//3071 1751//1751 1719//1719
f 1657//1657 1609//1609 1720//1720
f 1719//1719 1720//1720 1609//1609
f 3078//3078 1683//1683 1684//1684
f 1684//1684 1658//1658 1721//1721
f 1684//1684 1721//1721 1752//1752
f 1657//1657 1798//1798 1685//1685
f 1754//1754 1722//1722 3070//3070
f 3070//3070 1686//1686 1754//1754
f 1662//1662 1753//1753 1721//1721
f 3069//3069 1722//1722 1663//1663
f 1686//1686 1687//1687 1754//1754
f 1688//1688 1723//1723 1755//1755
f 1723//1723 1685//1685 1827//1827
f 1497//1497 1830//1830 1687//1687
f 1688//1688 1755//1755 1612//1612
f 1497//1497 1690//1690 1830//1830
f 1759//1759 1689//1689 1755//1755
f 1760//1760 1759//1759 1755//1755
f 1728//1728 1665//1665 1726//1726
f 1764//1764 1767//1767 1692//1692
f 1693//1693 1727//1727 1765//1765
f 1764//1764 1694//1694 1770//1770
f 1768//1768 1840//1840 1695//1695
f 1772//1772 1770//1770 1696//1696
f 1619//1619 1805//1805 1666//1666
f 1666//1666 1805//1805 1729//1729
f 1730//1730 1571//1571 1444//1444
f 1730//1730 1444//1444 1809//1809
f 1729//1729 1773//1773 1620//1620
f 1773//1773 1810//1810 1621//1621
f 1667//1667 1622//1622 1775//1775
f 1775//1775 1622//1622 1776//1776
f 1671//1671 1776//1776 1622//1622
f 1776//1776 1671//1671 1732//1732
f 1732//1732 1671//1671 1731//1731
f 1626//1626 1670//1670 1811//1811
f 1626//1626 1811//1811 1699//1699
f 1673//1673 1732//1732 1731//1731
f 1732//1732 1673//1673 1812//1812
f 1700//1700 1699//1699 1777//1777
f 1700//1700 1778//1778 1630//1630
f 1628//1628 1701//1701 1845//1845
f 1778//1778 1779//1779 1630//1630
f 1701//1701 1702//1702 1847//1847
f 1702//1702 1734//1734 1733//1733
f 1734//1734 1633//1633 1853//1853
f 1780//1780 1736//1736 1674//1674
f 1817//1817 3083//3083 1633//1633
f 1633//1633 1592//1592 1817//1817
f 1704//1704 1817//1817 1592//1592
f 1817//1817 1704//1704 1677//1677
f 3076//3076 1703//1703 1678//1678
f 1783//1783 1595//1595 1676//1676
f 1705//1705 1595//1595 1783//1783
f 1706//1706 1783//1783 1818//1818
f 1599//1599 1819//1819 1678//1678
f 1706//1706 1820//1820 1598//1598
f 1737//1737 1821//1821 1594//1594
f 1707//1707 1598//1598 1820//1820
f 1786//1786 3073//3073 3077//3077
f 1857//1857 1638//1638 1594//1594
f 1738//1738 1861//1861 1856//1856
f 1738//1738 1641//1641 1861//1861
f 1739//1739 1741//1741 1707//1707
f 1638//1638 1857//1857 1742//1742
f 1641//1641 1711//1711 1861//1861
f 1744//1744 1788//1788 1711//1711
f 1742//1742 1822//1822 1713//1713
f 1713//1713 1822//1822 1746//1746
f 1647//1647 1792//1792 1790//1790
f 1743//1743 1647//1647 1790//1790
f 1748//1748 1605//1605 1749//1749
f 1715//1715 1605//1605 1748//1748
f 1749//1749 1605//1605 1824//1824
f 1747//1747 1793//1793 1716//1716
f 1793//1793 1750//1750 1717//1717
f 3074//3074 3081//3081 3075//3075
f 1652//1652 1795//1795 1824//1824
f 1796//1796 1750//1750 1793//1793
f 1718//1718 1682//1682 1796//1796
f 1684//1684 1752//1752 3078//3078
f 1720//1720 1825//1825 1657//1657
f 1827//1827 1685//1685 1798//1798
f 1662//1662 1757//1757 1753//1753
f 1753//1753 1757//1757 1800//1800
f 1722//1722 1756//1756 1663//1663
f 1723//1723 1799//1799 1755//1755
f 1830//1830 1754//1754 1687//1687
f 1663//1663 1756//1756 1613//1613
f 1760//1760 1755//1755 1799//1799
f 1690//1690 1758//1758 1830//1830
f 1757//1757 1725//1725 1833//1833
f 1665//1665 1759//1759 1726//1726
f 1760//1760 1801//1801 1759//1759
f 1801//1801 1726//1726 1759//1759
f 1761//1761 1873//1873 1724//1724
f 1763//1763 1728//1728 1762//1762
f 1728//1728 1726//1726 1762//1762
f 1837//1837 1692//1692 1767//1767
f 1726//1726 1766//1766 1762//1762
f 1727//1727 1835//1835 1765//1765
f 1762//1762 1769//1769 1763//1763
f 1766//1766 1769//1769 1762//1762
f 1764//1764 1770//1770 1767//1767
f 1805//1805 1619//1619 1695//1695
f 1698//1698 1730//1730 1772//1772
f 1806//1806 1772//1772 1730//1730
f 1805//1805 1807//1807 1729//1729
f 1809//1809 1808//1808 1730//1730
f 1807//1807 1773//1773 1729//1729
f 1773//1773 1843//1843 1810//1810
f 1811//1811 1777//1777 1699//1699
f 1812//1812 1673//1673 1845//1845
f 1777//1777 1778//1778 1700//1700
f 1778//1778 1777//1777 1779//1779
f 1851//1851 1813//1813 1814//1814
f 1813//1813 3076//3076 1781//1781
f 1780//1780 1948//1948 1736//1736
f 1676//1676 1735//1735 1813//1813
f 1676//1676 1813//1813 1851//1851
f 3076//3076 1678//1678 1782//1782
f 1781//1781 3076//3076 1782//1782
f 1783//1783 1676//1676 1851//1851
f 1737//1737 1736//1736 1892//1892
f 1817//1817 1677//1677 1708//1708
f 1782//1782 1678//1678 1784//1784
f 1784//1784 1678//1678 1819//1819
f 1820//1820 1706//1706 1818//1818
f 1820//1820 1739//1739 1707//1707
f 1738//1738 1856//1856 1819//1819
f 1740//1740 1743//1743 1789//1789
f 1741//1741 1739//1739 1787//1787
f 1900//1900 1787//1787 1739//1739
f 1861//1861 1711//1711 1788//1788
f 1743//1743 1790//1790 1789//1789
f 1788//1788 1744//1744 1864//1864
f 1900//1900 1745//1745 1787//1787
f 1791//1791 1745//1745 1900//1900
f 1790//1790 1792//1792 1791//1791
f 1744//1744 1715//1715 1864//1864
f 1792//1792 1745//1745 1791//1791
f 1792//1792 1714//1714 1745//1745
f 1796//1796 1793//1793 1794//1794
f 1794//1794 1797//1797 1718//1718
f 1824//1824 1718//1718 1797//1797
f 1824//1824 1795//1795 1718//1718
f 1794//1794 1718//1718 1796//1796
f 1825//1825 1798//1798 1657//1657
f 1721//1721 1753//1753 1752//1752
f 1754//1754 1828//1828 1722//1722
f 1723//1723 1827//1827 1799//1799
f 1722//1722 1829//1829 1756//1756
f 1828//1828 1829//1829 1722//1722
f 1754//1754 1830//1830 1828//1828
f 1760//1760 1799//1799 1872//1872
f 1757//1757 1833//1833 1800//1800
f 1613//1613 1756//1756 1831//1831
f 1725//1725 1692//1692 1833//1833
f 1690//1690 1802//1802 1758//1758
f 1690//1690 1724//1724 1802//1802
f 1832//1832 1727//1727 1831//1831
f 1724//1724 1873//1873 1802//1802
f 1873//1873 1761//1761 1763//1763
f 1833//1833 1692//1692 1837//1837
f 1836//1836 1873//1873 1763//1763
f 1834//1834 1766//1766 1726//1726
f 1769//1769 1836//1836 1763//1763
f 1765//1765 1835//1835 1768//1768
f 1768//1768 1835//1835 1840//1840
f 1839//1839 1767//1767 1770//1770
f 1837//1837 1767//1767 1839//1839
f 1766//1766 1804//1804 1769//1769
f 1804//1804 1803//1803 1769//1769
f 1772//1772 1839//1839 1770//1770
f 1839//1839 1772//1772 1841//1841
f 1695//1695 1840//1840 1771//1771
f 1695//1695 1771//1771 1805//1805
f 1773//1773 1807//1807 1843//1843
f 1883//1883 1809//1809 1774//1774
f 1774//1774 1775//1775 1883//1883
f 1810//1810 1843//1843 1884//1884
f 1810//1810 1884//1884 1885//1885
f 1810//1810 1885//1885 1670//1670
f 1885//1885 1811//1811 1670//1670
f 1777//1777 1811//1811 1886//1886
f 1812//1812 1845//1845 1888//1888
f 1845//1845 1701//1701 1889//1889
f 1846//1846 1780//1780 1779//1779
f 1702//1702 1733//1733 1847//1847
f 1733//1733 1734//1734 1852//1852
f 1813//1813 1781//1781 1850//1850
f 1814//1814 1813//1813 1848//1848
f 1850//1850 1781//1781 1815//1815
f 1781//1781 1782//1782 1815//1815
f 1782//1782 1893//1893 1815//1815
f 1783//1783 1851//1851 1816//1816
f 1948//1948 1892//1892 1736//1736
f 1818//1818 1783//1783 1816//1816
f 1855//1855 1737//1737 1950//1950
f 1818//1818 1854//1854 1820//1820
f 1708//1708 3080//3080 1895//1895
f 1737//1737 1855//1855 1821//1821
f 1857//1857 1594//1594 1821//1821
f 1785//1785 3080//3080 1740//1740
f 1740//1740 1858//1858 1785//1785
f 1896//1896 1900//1900 1739//1739
f 1857//1857 1822//1822 1742//1742
f 1863//1863 1789//1789 1790//1790
f 1790//1790 1791//1791 1863//1863
f 1864//1864 1715//1715 1748//1748
f 1822//1822 1823//1823 1746//1746
f 1748//1748 1749//1749 1866//1866
f 1823//1823 1747//1747 1746//1746
f 1793//1793 1867//1867 1794//1794
f 1824//1824 1797//1797 1869//1869
f 1825//1825 1720//1720 1719//1719
f 1751//1751 3079//3079 1719//1719
f 1903//1903 1825//1825 1719//1719
f 1825//1825 1904//1904 1798//1798
f 1752//1752 1753//1753 1826//1826
f 1798//1798 1904//1904 1827//1827
f 1870//1870 1753//1753 1800//1800
f 1829//1829 1909//1909 1756//1756
f 1909//1909 1829//1829 1871//1871
f 1908//1908 1799//1799 1827//1827
f 1758//1758 1912//1912 1907//1907
f 1758//1758 1907//1907 1830//1830
f 1872//1872 1799//1799 1908//1908
f 1831//1831 1756//1756 1909//1909
f 1872//1872 1801//1801 1760//1760
f 1800//1800 1833//1833 1876//1876
f 1802//1802 1912//1912 1758//1758
f 1801//1801 1874//1874 1726//1726
f 1913//1913 1727//1727 1832//1832
f 1874//1874 1834//1834 1726//1726
f 1837//1837 1876//1876 1833//1833
f 1727//1727 1913//1913 1835//1835
f 1766//1766 1834//1834 1804//1804
f 1835//1835 1913//1913 1877//1877
f 1836//1836 1769//1769 1803//1803
f 1835//1835 1877//1877 1840//1840
f 1916//1916 1804//1804 1834//1834
f 1877//1877 1771//1771 1840//1840
f 1803//1803 1804//1804 1838//1838
f 1838//1838 1804//1804 1878//1878
f 1841//1841 1880//1880 1839//1839
f 1771//1771 1921//1921 1805//1805
f 1772//1772 1806//1806 1841//1841
f 1842//1842 1841//1841 1806//1806
f 1805//1805 1921//1921 1923//1923
f 1923//1923 1807//1807 1805//1805
f 1806//1806 1730//1730 1808//1808
f 1808//1808 1809//1809 1882//1882
f 1883//1883 1882//1882 1809//1809
f 1844//1844 1775//1775 1776//1776
f 1776//1776 1927//1927 1844//1844
f 1885//1885 1886//1886 1811//1811
f 1777//1777 1934//1934 1779//1779
f 1847//1847 1889//1889 1701//1701
f 1847//1847 1733//1733 1852//1852
f 2000//2000 1780//1780 1846//1846
f 1848//1848 1813//1813 1850//1850
f 1849//1849 1814//1814 1848//1848
f 1851//1851 1814//1814 1849//1849
f 1852//1852 1734//1734 1853//1853
f 1816//1816 1851//1851 1849//1849
f 1818//1818 1816//1816 1947//1947
f 1818//1818 1947//1947 1949//1949
f 1782//1782 1784//1784 1893//1893
f 1894//1894 1853//1853 1895//1895
f 1853//1853 1817//1817 1895//1895
f 1854//1854 1818//1818 1949//1949
f 1895//1895 1817//1817 1708//1708
f 1892//1892 1950//1950 1737//1737
f 1854//1854 1951//1951 1896//1896
f 1896//1896 1820//1820 1854//1854
f 1895//1895 3080//3080 1785//1785
f 1819//1819 1856//1856 1784//1784
f 1896//1896 1739//1739 1820//1820
f 1740//1740 1789//1789 1858//1858
f 1858//1858 1863//1863 1860//1860
f 1789//1789 1863//1863 1858//1858
f 1860//1860 1791//1791 1859//1859
f 1863//1863 1791//1791 1860//1860
f 1861//1861 1788//1788 1864//1864
f 1862//1862 1861//1861 1864//1864
f 1791//1791 1900//1900 1859//1859
f 1748//1748 1866//1866 1864//1864
f 1865//1865 1823//1823 1822//1822
f 1866//1866 1749//1749 1824//1824
f 1823//1823 1959//1959 1747//1747
f 1747//1747 1959//1959 1793//1793
f 1901//1901 1824//1824 1869//1869
f 1867//1867 1793//1793 1959//1959
f 1794//1794 1867//1867 1868//1868
f 1797//1797 1868//1868 1869//1869
f 1868//1868 1797//1797 1794//1794
f 3079//3079 1905//1905 1719//1719
f 1903//1903 1904//1904 1825//1825
f 1904//1904 1961//1961 1827//1827
f 1828//1828 1871//1871 1829//1829
f 1830//1830 1907//1907 1828//1828
f 1870//1870 1800//1800 1876//1876
f 1831//1831 1909//1909 1832//1832
f 1872//1872 1874//1874 1801//1801
f 1914//1914 1874//1874 1872//1872
f 1836//1836 1971//1971 1873//1873
f 1875//1875 1836//1836 1803//1803
f 1834//1834 1874//1874 1916//1916
f 1879//1879 1837//1837 1839//1839
f 1879//1879 1876//1876 1837//1837
f 1803//1803 1838//1838 1875//1875
f 1878//1878 1804//1804 1916//1916
f 1879//1879 1839//1839 1880//1880
f 1921//1921 1877//1877 1973//1973
f 1921//1921 1771//1771 1877//1877
f 1880//1880 1841//1841 1842//1842
f 1842//1842 1806//1806 1808//1808
f 1808//1808 1982//1982 1842//1842
f 1923//1923 1881//1881 1807//1807
f 1807//1807 1881//1881 1843//1843
f 1881//1881 1926//1926 1843//1843
f 1926//1926 1884//1884 1843//1843
f 1844//1844 1883//1883 1775//1775
f 1883//1883 1844//1844 1925//1925
f 1776//1776 1732//1732 1927//1927
f 1929//1929 1732//1732 1887//1887
f 1887//1887 1732//1732 1812//1812
f 1887//1887 1812//1812 1888//1888
f 1888//1888 1845//1845 1935//1935
f 1886//1886 1934//1934 1777//1777
f 1935//1935 1845//1845 1889//1889
f 1889//1889 1847//1847 1942//1942
f 1934//1934 1846//1846 1779//1779
f 1942//1942 1847//1847 1852//1852
f 1848//1848 1850//1850 1891//1891
f 1890//1890 1849//1849 1941//1941
f 1849//1849 1848//1848 1941//1941
f 1944//1944 1816//1816 1890//1890
f 1850//1850 1815//1815 1891//1891
f 1816//1816 1849//1849 1890//1890
f 1947//1947 1816//1816 1944//1944
f 1780//1780 2068//2068 1948//1948
f 1853//1853 2005//2005 1852//1852
f 1893//1893 1784//1784 1952//1952
f 1784//1784 1898//1898 1952//1952
f 1895//1895 1785//1785 1894//1894
f 1785//1785 1897//1897 1894//1894
f 1784//1784 1856//1856 1898//1898
f 1897//1897 1858//1858 1955//1955
f 1785//1785 1858//1858 1897//1897
f 1898//1898 1856//1856 1861//1861
f 1859//1859 1899//1899 1860//1860
f 1821//1821 1956//1956 1857//1857
f 1859//1859 1900//1900 1899//1899
f 1860//1860 1899//1899 1955//1955
f 1858//1858 1860//1860 1955//1955
f 1900//1900 1896//1896 1899//1899
f 1958//1958 1857//1857 1956//1956
f 1857//1857 1958//1958 1822//1822
f 1958//1958 1865//1865 1822//1822
f 1865//1865 1959//1959 1823//1823
f 1901//1901 1866//1866 1824//1824
f 1867//1867 1959//1959 1902//1902
f 1867//1867 1902//1902 1868//1868
f 1869//1869 1868//1868 1902//1902
f 1903//1903 1719//1719 1905//1905
f 3079//3079 3082//3082 1905//1905
f 1903//1903 3085//3085 1904//1904
f 1905//1905 3082//3082 1906//1906
f 1753//1753 1906//1906 1826//1826
f 1753//1753 1963//1963 1906//1906
f 1963//1963 1753//1753 1870//1870
f 1827//1827 1961//1961 1908//1908
f 1870//1870 1876//1876 1965//1965
f 1966//1966 1871//1871 1828//1828
f 1907//1907 1966//1966 1828//1828
f 1908//1908 1910//1910 1872//1872
f 1912//1912 2016//2016 1907//1907
f 1909//1909 1911//1911 1832//1832
f 1871//1871 3086//3086 1909//1909
f 1910//1910 1968//1968 1872//1872
f 1802//1802 1967//1967 1912//1912
f 1967//1967 1802//1802 1915//1915
f 1914//1914 1872//1872 1968//1968
f 1802//1802 1873//1873 1915//1915
f 1873//1873 1971//1971 1915//1915
f 1971//1971 1836//1836 1875//1875
f 1914//1914 1916//1916 1874//1874
f 1916//1916 1914//1914 2024//2024
f 1876//1876 1879//1879 1972//1972
f 2024//2024 1917//1917 1916//1916
f 2026//2026 1877//1877 1913//1913
f 1917//1917 1878//1878 1916//1916
f 1877//1877 2026//2026 1973//1973
f 1918//1918 1838//1838 1878//1878
f 1917//1917 1919//1919 1878//1878
f 1878//1878 1919//1919 1918//1918
f 1921//1921 1973//1973 1920//1920
f 1977//1977 1974//1974 1842//1842
f 1922//1922 1924//1924 1918//1918
f 1919//1919 1922//1922 1918//1918
f 1921//1921 1920//1920 1923//1923
f 1808//1808 1882//1882 1982//1982
f 1882//1882 1883//1883 1982//1982
f 1883//1883 1925//1925 1982//1982
f 1881//1881 2040//2040 1926//1926
f 1926//1926 2040//2040 1884//1884
f 2040//2040 2046//2046 1884//1884
f 1884//1884 2046//2046 1885//1885
f 1927//1927 1732//1732 1929//1929
f 1927//1927 1929//1929 1928//1928
f 1887//1887 1989//1989 1929//1929
f 1885//1885 1930//1930 1886//1886
f 1989//1989 1887//1887 1993//1993
f 1887//1887 1888//1888 1993//1993
f 1930//1930 1934//1934 1886//1886
f 1939//1939 1931//1931 1992//1992
f 1931//1931 1939//1939 1932//1932
f 1993//1993 1888//1888 1935//1935
f 1932//1932 1937//1937 1933//1933
f 1939//1939 1997//1997 1938//1938
f 1937//1937 1936//1936 1933//1933
f 1940//1940 1937//1937 1932//1932
f 1939//1939 1940//1940 1932//1932
f 1938//1938 1943//1943 1939//1939
f 1943//1943 1940//1940 1939//1939
f 1940//1940 1941//1941 1937//1937
f 1999//1999 1943//1943 1938//1938
f 1941//1941 1936//1936 1937//1937
f 1890//1890 1941//1941 1940//1940
f 1943//1943 1890//1890 1940//1940
f 1941//1941 1848//1848 1936//1936
f 1848//1848 1891//1891 1936//1936
f 2001//2001 1945//1945 1943//1943
f 2000//2000 2068//2068 1780//1780
f 1943//1943 1944//1944 1890//1890
f 1945//1945 1944//1944 1943//1943
f 1945//1945 1947//1947 1944//1944
f 1815//1815 1893//1893 1891//1891
f 1945//1945 1949//1949 1947//1947
f 2073//2073 1949//1949 1945//1945
f 1893//1893 1946//1946 1891//1891
f 2005//2005 1853//1853 1894//1894
f 1893//1893 1952//1952 1946//1946
f 1854//1854 1949//1949 2074//2074
f 1951//1951 1854//1854 2074//2074
f 3084//3084 1950//1950 2077//2077
f 1897//1897 1955//1955 1953//1953
f 3084//3084 2077//2077 1821//1821
f 1896//1896 1951//1951 2007//2007
f 1953//1953 1899//1899 2007//2007
f 2077//2077 1956//1956 1821//1821
f 2007//2007 1899//1899 1896//1896
f 1955//1955 1899//1899 1953//1953
f 1898//1898 1861//1861 1954//1954
f 1957//1957 1954//1954 1862//1862
f 1954//1954 1861//1861 1862//1862
f 1958//1958 1956//1956 2008//2008
f 1862//1862 1864//1864 1957//1957
f 2010//2010 1865//1865 1958//1958
f 1864//1864 1866//1866 2011//2011
f 2010//2010 1959//1959 1865//1865
f 1960//1960 1959//1959 2010//2010
f 1960//1960 1902//1902 1959//1959
f 2085//2085 1902//1902 1960//1960
f 1869//1869 1902//1902 2085//2085
f 1904//1904 1905//1905 1961//1961
f 1961//1961 1905//1905 2012//2012
f 1905//1905 1906//1906 1962//1962
f 1962//1962 2012//2012 1905//1905
f 1906//1906 2013//2013 1962//1962
f 1963//1963 2013//2013 1906//1906
f 1961//1961 1964//1964 1908//1908
f 1964//1964 1961//1961 2012//2012
f 2015//2015 2013//2013 1963//1963
f 2012//2012 2087//2087 1964//1964
f 1965//1965 2015//2015 1963//1963
f 1963//1963 1870//1870 1965//1965
f 1908//1908 1964//1964 1910//1910
f 2016//2016 1966//1966 1907//1907
f 2016//2016 1912//1912 1967//1967
f 1965//1965 1876//1876 1969//1969
f 1911//1911 1970//1970 1832//1832
f 1876//1876 1972//1972 1969//1969
f 1832//1832 1970//1970 1913//1913
f 1914//1914 1968//1968 2019//2019
f 2022//2022 1915//1915 1971//1971
f 2019//2019 2024//2024 1914//1914
f 1875//1875 2022//2022 1971//1971
f 1970//1970 3089//3089 1913//1913
f 1972//1972 1879//1879 2023//2023
f 1918//1918 2022//2022 1875//1875
f 1875//1875 1838//1838 1918//1918
f 2028//2028 1917//1917 2024//2024
f 1918//1918 1975//1975 2022//2022
f 1917//1917 2028//2028 1919//1919
f 1880//1880 1842//1842 1974//1974
f 2028//2028 1976//1976 1919//1919
f 1974//1974 1977//1977 2030//2030
f 1918//1918 1924//1924 1975//1975
f 1976//1976 1922//1922 1919//1919
f 1924//1924 1978//1978 1975//1975
f 1976//1976 2032//2032 1922//1922
f 1977//1977 1842//1842 1982//1982
f 1981//1981 1977//1977 1982//1982
f 1923//1923 1920//1920 2033//2033
f 1922//1922 1979//1979 1924//1924
f 2032//2032 1979//1979 1922//1922
f 1923//1923 2033//2033 1881//1881
f 1924//1924 1979//1979 1980//1980
f 2034//2034 1980//1980 1979//1979
f 1925//1925 1927//1927 1983//1983
f 1925//1925 1844//1844 1927//1927
f 1983//1983 1927//1927 1928//1928
f 2046//2046 1930//1930 1885//1885
f 1985//1985 1987//1987 1984//1984
f 1985//1985 1988//1988 1987//1987
f 1986//1986 1929//1929 1989//1989
f 1988//1988 1991//1991 1987//1987
f 1988//1988 1932//1932 1991//1991
f 1931//1931 1932//1932 1988//1988
f 1990//1990 1931//1931 1988//1988
f 1991//1991 1932//1932 1933//1933
f 1992//1992 1931//1931 1990//1990
f 1991//1991 1933//1933 2052//2052
f 1930//1930 1998//1998 1934//1934
f 1997//1997 1996//1996 1992//1992
f 1994//1994 1997//1997 1992//1992
f 1992//1992 1996//1996 1939//1939
f 2051//2051 1997//1997 1994//1994
f 1993//1993 1935//1935 1995//1995
f 1997//1997 1939//1939 1996//1996
f 1933//1933 1936//1936 2052//2052
f 2052//2052 1936//1936 2064//2064
f 1999//1999 1938//1938 1997//1997
f 2054//2054 1999//1999 1997//1997
f 1998//1998 2057//2057 1934//1934
f 1934//1934 2057//2057 1846//1846
f 2059//2059 1943//1943 1999//1999
f 2001//2001 1943//1943 2059//2059
f 1936//1936 1891//1891 2064//2064
f 1891//1891 2002//2002 2064//2064
f 1942//1942 1852//1852 2003//2003
f 2061//2061 2066//2066 2001//2001
f 2002//2002 1891//1891 1946//1946
f 2066//2066 1945//1945 2001//2001
f 2066//2066 2073//2073 1945//1945
f 2073//2073 2074//2074 1949//1949
f 1892//1892 1948//1948 2004//2004
f 3088//3088 1894//1894 2076//2076
f 1892//1892 2004//2004 1950//1950
f 2075//2075 1951//1951 2074//2074
f 2076//2076 1894//1894 1897//1897
f 1952//1952 1898//1898 2006//2006
f 2007//2007 1951//1951 2075//2075
f 1950//1950 2004//2004 2077//2077
f 2076//2076 2007//2007 2075//2075
f 2076//2076 1897//1897 1953//1953
f 1953//1953 2007//2007 2076//2076
f 1898//1898 1954//1954 2079//2079
f 2077//2077 2078//2078 1956//1956
f 2008//2008 1956//1956 2078//2078
f 2009//2009 2008//2008 2080//2080
f 2008//2008 2009//2009 1958//1958
f 1957//1957 1864//1864 2011//2011
f 1958//1958 2009//2009 2010//2010
f 2011//2011 1866//1866 1901//1901
f 1960//1960 2010//2010 2009//2009
f 2084//2084 1960//1960 2009//2009
f 2085//2085 1960//1960 2084//2084
f 1901//1901 1869//1869 2011//2011
f 2011//2011 1869//1869 2085//2085
f 1962//1962 2086//2086 2012//2012
f 2013//2013 2014//2014 1962//1962
f 2014//2014 2086//2086 1962//1962
f 2013//2013 2015//2015 2014//2014
f 2086//2086 2087//2087 2012//2012
f 3086//3086 1871//1871 1966//1966
f 1964//1964 2089//2089 1910//1910
f 1966//1966 2017//2017 3086//3086
f 2089//2089 1964//1964 2087//2087
f 2016//2016 2018//2018 1966//1966
f 1910//1910 2089//2089 1968//1968
f 2018//2018 2017//2017 1966//1966
f 2089//2089 2019//2019 1968//1968
f 1967//1967 2018//2018 2016//2016
f 1911//1911 2139//2139 1970//1970
f 2017//2017 2139//2139 3086//3086
f 1967//1967 2020//2020 2018//2018
f 1915//1915 2020//2020 1967//1967
f 2020//2020 1915//1915 2021//2021
f 2021//2021 1915//1915 2022//2022
f 2022//2022 2025//2025 2021//2021
f 2023//2023 1879//1879 2094//2094
f 2019//2019 2096//2096 2024//2024
f 2094//2094 1879//1879 1974//1974
f 2022//2022 2027//2027 2025//2025
f 1974//1974 1879//1879 1880//1880
f 1975//1975 2027//2027 2022//2022
f 2028//2028 2024//2024 2096//2096
f 1975//1975 2029//2029 2027//2027
f 2028//2028 2101//2101 1976//1976
f 1973//1973 2026//2026 2031//2031
f 1975//1975 1978//1978 2029//2029
f 2031//2031 1920//1920 1973//1973
f 2031//2031 2033//2033 1920//1920
f 2101//2101 2032//2032 1976//1976
f 1977//1977 1981//1981 2030//2030
f 2029//2029 1978//1978 2037//2037
f 1980//1980 2037//2037 1978//1978
f 1978//1978 1924//1924 1980//1980
f 2101//2101 2106//2106 2032//2032
f 2032//2032 2106//2106 1979//1979
f 2035//2035 2151//2151 1981//1981
f 2036//2036 2033//2033 2103//2103
f 2111//2111 2036//2036 2103//2103
f 2033//2033 2036//2036 1881//1881
f 1980//1980 2041//2041 2037//2037
f 2034//2034 2041//2041 1980//1980
f 1979//1979 2106//2106 2034//2034
f 1981//1981 1982//1982 2035//2035
f 2035//2035 1982//1982 1925//1925
f 1881//1881 2036//2036 2040//2040
f 2038//2038 2041//2041 2034//2034
f 2106//2106 2038//2038 2034//2034
f 2106//2106 2044//2044 2038//2038
f 2042//2042 2044//2044 2106//2106
f 2042//2042 2106//2106 2039//2039
f 2038//2038 2112//2112 2041//2041
f 2044//2044 2043//2043 2038//2038
f 2040//2040 2036//2036 2046//2046
f 1984//1984 2112//2112 2038//2038
f 1985//1985 1984//1984 2038//2038
f 2043//2043 1985//1985 2038//2038
f 1983//1983 1928//1928 2045//2045
f 1984//1984 1987//1987 2112//2112
f 2042//2042 2050//2050 2044//2044
f 2116//2116 2046//2046 2160//2160
f 2112//2112 1987//1987 2048//2048
f 1986//1986 2045//2045 1928//1928
f 2047//2047 2050//2050 2042//2042
f 1928//1928 1929//1929 1986//1986
f 1985//1985 2043//2043 1988//1988
f 2050//2050 2049//2049 2044//2044
f 2043//2043 1990//1990 1988//1988
f 2044//2044 1990//1990 2043//2043
f 2049//2049 1990//1990 2044//2044
f 2050//2050 2051//2051 2049//2049
f 1987//1987 1991//1991 2048//2048
f 1986//1986 1989//1989 2120//2120
f 2049//2049 1992//1992 1990//1990
f 2051//2051 1992//1992 2049//2049
f 1994//1994 1992//1992 2051//2051
f 2119//2119 2051//2051 2050//2050
f 2047//2047 2119//2119 2050//2050
f 1989//1989 1995//1995 2120//2120
f 1993//1993 1995//1995 1989//1989
f 2048//2048 2052//2052 2122//2122
f 1991//1991 2052//2052 2048//2048
f 2119//2119 2053//2053 2051//2051
f 2052//2052 2125//2125 2122//2122
f 2053//2053 2054//2054 2051//2051
f 1995//1995 1935//1935 2124//2124
f 2052//2052 2064//2064 2125//2125
f 2054//2054 1997//1997 2051//2051
f 2053//2053 2059//2059 2054//2054
f 1889//1889 2124//2124 1935//1935
f 2056//2056 2057//2057 1998//1998
f 2055//2055 2059//2059 2053//2053
f 2059//2059 1999//1999 2054//2054
f 1889//1889 2060//2060 2124//2124
f 2125//2125 2064//2064 2058//2058
f 2126//2126 2059//2059 2055//2055
f 2060//2060 1889//1889 1942//1942
f 2063//2063 1846//1846 2057//2057
f 2126//2126 2061//2061 2059//2059
f 2059//2059 2061//2061 2001//2001
f 1942//1942 2003//2003 2060//2060
f 2058//2058 2064//2064 2065//2065
f 2126//2126 2062//2062 2061//2061
f 1846//1846 2063//2063 2000//2000
f 2000//2000 2063//2063 2128//2128
f 2002//2002 2065//2065 2064//2064
f 2066//2066 2061//2061 2062//2062
f 2000//2000 2128//2128 2068//2068
f 1946//1946 2072//2072 2065//2065
f 2002//2002 1946//1946 2065//2065
f 2003//2003 1852//1852 2067//2067
f 2062//2062 2073//2073 2066//2066
f 1852//1852 2005//2005 2067//2067
f 2069//2069 2073//2073 2062//2062
f 2071//2071 2070//2070 2069//2069
f 2067//2067 3088//3088 2071//2071
f 2068//2068 2131//2131 1948//1948
f 2075//2075 2073//2073 2069//2069
f 1948//1948 2131//2131 2004//2004
f 2072//2072 1946//1946 1952//1952
f 2070//2070 2075//2075 2069//2069
f 2076//2076 2075//2075 2070//2070
f 2071//2071 2076//2076 2070//2070
f 2071//2071 3088//3088 2076//2076
f 2075//2075 2074//2074 2073//2073
f 2078//2078 2077//2077 2132//2132
f 2006//2006 1898//1898 2079//2079
f 2078//2078 2133//2133 2080//2080
f 2080//2080 2008//2008 2078//2078
f 1954//1954 1957//1957 2079//2079
f 1957//1957 2011//2011 2081//2081
f 2082//2082 2084//2084 2080//2080
f 2084//2084 2009//2009 2080//2080
f 2085//2085 2084//2084 2082//2082
f 2083//2083 2085//2085 2082//2082
f 2081//2081 2011//2011 2083//2083
f 2011//2011 2085//2085 2083//2083
f 2014//2014 2088//2088 2086//2086
f 2088//2088 2014//2014 2015//2015
f 2086//2086 2089//2089 2087//2087
f 2088//2088 2015//2015 2090//2090
f 1965//1965 1969//1969 2015//2015
f 2136//2136 2089//2089 2086//2086
f 2015//2015 1969//1969 3092//3092
f 1969//1969 1972//1972 2091//2091
f 2139//2139 2017//2017 2092//2092
f 2092//2092 2017//2017 2093//2093
f 2018//2018 2093//2093 2017//2017
f 2093//2093 2018//2018 2020//2020
f 2019//2019 2089//2089 2140//2140
f 2091//2091 1972//1972 2023//2023
f 2095//2095 1970//1970 2139//2139
f 2023//2023 2094//2094 2138//2138
f 2095//2095 2144//2144 1970//1970
f 1970//1970 2144//2144 3089//3089
f 2021//2021 2143//2143 2020//2020
f 2025//2025 2143//2143 2021//2021
f 2094//2094 1974//1974 2097//2097
f 2140//2140 2096//2096 2019//2019
f 2025//2025 2098//2098 2143//2143
f 2025//2025 2027//2027 2098//2098
f 2147//2147 2097//2097 1974//1974
f 1974//1974 2030//2030 2147//2147
f 2144//2144 2031//2031 3089//3089
f 2098//2098 2027//2027 2099//2099
f 2027//2027 2029//2029 2099//2099
f 2096//2096 2100//2100 2028//2028
f 2189//2189 2100//2100 2096//2096
f 2028//2028 2100//2100 2101//2101
f 2029//2029 2105//2105 2099//2099
f 2100//2100 2104//2104 2101//2101
f 2104//2104 2100//2100 2156//2156
f 2030//2030 1981//1981 2102//2102
f 2029//2029 2037//2037 2105//2105
f 2151//2151 3094//3094 1981//1981
f 2031//2031 2103//2103 2033//2033
f 2106//2106 2101//2101 2110//2110
f 2104//2104 2110//2110 2101//2101
f 2105//2105 2037//2037 2109//2109
f 2035//2035 1925//1925 2108//2108
f 2037//2037 2041//2041 2109//2109
f 2104//2104 2113//2113 2110//2110
f 2107//2107 2113//2113 2104//2104
f 2110//2110 2039//2039 2106//2106
f 2041//2041 2112//2112 2109//2109
f 3095//3095 3087//3087 2045//2045
f 2112//2112 2114//2114 2109//2109
f 2113//2113 2039//2039 2110//2110
f 3087//3087 1983//1983 2045//2045
f 2036//2036 2111//2111 2160//2160
f 2036//2036 2160//2160 2046//2046
f 2112//2112 2048//2048 2114//2114
f 2113//2113 2042//2042 2039//2039
f 2113//2113 2118//2118 2042//2042
f 2113//2113 2159//2159 2164//2164
f 2164//2164 2118//2118 2113//2113
f 1986//1986 2115//2115 2045//2045
f 2118//2118 2047//2047 2042//2042
f 2117//2117 2115//2115 1986//1986
f 2046//2046 2116//2116 1930//1930
f 2117//2117 1986//1986 2120//2120
f 2048//2048 2122//2122 2165//2165
f 2118//2118 2119//2119 2047//2047
f 2123//2123 2119//2119 2118//2118
f 2121//2121 2120//2120 1995//1995
f 2123//2123 2053//2053 2119//2119
f 1930//1930 2171//2171 1998//1998
f 2121//2121 1995//1995 2124//2124
f 2175//2175 2122//2122 2125//2125
f 2123//2123 2173//2173 2053//2053
f 1998//1998 2171//2171 2056//2056
f 2173//2173 2123//2123 2168//2168
f 2053//2053 2173//2173 2055//2055
f 2173//2173 2126//2126 2055//2055
f 2126//2126 2173//2173 2174//2174
f 2063//2063 2057//2057 2056//2056
f 2124//2124 2060//2060 2127//2127
f 2129//2129 2127//2127 2060//2060
f 2058//2058 2065//2065 2176//2176
f 2174//2174 2062//2062 2126//2126
f 2060//2060 2003//2003 2129//2129
f 2174//2174 2069//2069 2062//2062
f 2178//2178 2069//2069 2174//2174
f 2129//2129 2003//2003 2067//2067
f 2130//2130 2071//2071 2178//2178
f 2071//2071 2069//2069 2178//2178
f 2129//2129 2071//2071 2130//2130
f 2067//2067 2071//2071 2129//2129
f 2208//2208 3091//3091 2128//2128
f 2068//2068 2208//2208 2131//2131
f 2072//2072 1952//1952 2006//2006
f 2004//2004 2180//2180 2077//2077
f 2180//2180 2132//2132 2077//2077
f 2006//2006 2079//2079 2184//2184
f 2078//2078 2132//2132 2183//2183
f 2133//2133 2078//2078 2183//2183
f 2079//2079 1957//1957 2184//2184
f 2133//2133 2134//2134 2082//2082
f 1957//1957 2081//2081 2184//2184
f 2083//2083 2082//2082 2134//2134
f 2184//2184 2083//2083 2134//2134
f 2081//2081 2083//2083 2184//2184
f 2133//2133 2082//2082 2080//2080
f 2088//2088 2136//2136 2086//2086
f 2088//2088 2135//2135 2136//2136
f 2090//2090 2135//2135 2088//2088
f 1969//1969 2091//2091 3092//3092
f 2090//2090 3093//3093 2135//2135
f 2136//2136 2137//2137 2089//2089
f 2137//2137 2136//2136 2135//2135
f 2137//2137 2140//2140 2089//2089
f 2141//2141 2135//2135 3093//3093
f 2091//2091 2023//2023 2138//2138
f 2142//2142 2092//2092 2093//2093
f 2138//2138 3096//3096 2091//2091
f 2139//2139 2188//2188 2095//2095
f 2138//2138 2094//2094 3096//3096
f 2215//2215 2139//2139 2092//2092
f 2020//2020 2142//2142 2093//2093
f 3096//3096 2094//2094 2097//2097
f 2188//2188 2139//2139 2215//2215
f 2142//2142 2020//2020 2145//2145
f 2095//2095 2217//2217 2144//2144
f 2217//2217 2095//2095 2188//2188
f 2143//2143 2145//2145 2020//2020
f 2140//2140 2189//2189 2096//2096
f 2140//2140 2146//2146 2189//2189
f 2147//2147 2148//2148 2097//2097
f 2149//2149 2145//2145 2143//2143
f 2098//2098 2149//2149 2143//2143
f 2190//2190 2189//2189 2146//2146
f 2217//2217 2031//2031 2144//2144
f 2099//2099 2149//2149 2098//2098
f 2030//2030 2102//2102 2147//2147
f 2189//2189 2156//2156 2100//2100
f 2189//2189 2191//2191 2156//2156
f 2192//2192 2031//2031 2217//2217
f 2105//2105 2149//2149 2099//2099
f 2150//2150 2031//2031 2192//2192
f 2105//2105 2152//2152 2149//2149
f 2031//2031 2150//2150 2103//2103
f 2151//2151 2035//2035 2154//2154
f 2109//2109 2152//2152 2105//2105
f 2157//2157 2156//2156 2191//2191
f 2193//2193 2157//2157 2191//2191
f 2103//2103 2150//2150 2111//2111
f 2107//2107 2104//2104 2156//2156
f 3095//3095 2154//2154 3090//3090
f 2152//2152 2155//2155 2153//2153
f 2109//2109 2155//2155 2152//2152
f 2158//2158 2154//2154 3095//3095
f 2156//2156 2159//2159 2107//2107
f 2157//2157 2159//2159 2156//2156
f 3095//3095 2045//2045 2158//2158
f 2109//2109 2114//2114 2155//2155
f 2158//2158 2045//2045 2115//2115
f 2150//2150 2160//2160 2111//2111
f 2107//2107 2159//2159 2113//2113
f 2115//2115 2161//2161 2158//2158
f 2157//2157 2164//2164 2159//2159
f 2166//2166 2164//2164 2157//2157
f 2163//2163 2166//2166 2157//2157
f 2162//2162 2116//2116 2160//2160
f 2114//2114 2048//2048 2165//2165
f 2115//2115 2117//2117 2161//2161
f 2116//2116 2162//2162 2167//2167
f 2117//2117 2169//2169 2161//2161
f 1930//1930 2116//2116 2171//2171
f 2163//2163 2161//2161 2166//2166
f 2117//2117 2120//2120 2169//2169
f 2116//2116 2167//2167 2171//2171
f 2118//2118 2164//2164 2123//2123
f 2168//2168 2123//2123 2164//2164
f 2166//2166 2168//2168 2164//2164
f 2169//2169 2170//2170 2161//2161
f 2170//2170 2166//2166 2161//2161
f 2169//2169 2121//2121 2170//2170
f 2169//2169 2120//2120 2121//2121
f 2167//2167 2172//2172 2171//2171
f 2127//2127 2170//2170 2121//2121
f 2166//2166 2173//2173 2168//2168
f 2170//2170 2177//2177 2166//2166
f 2121//2121 2124//2124 2127//2127
f 2171//2171 2172//2172 2056//2056
f 2177//2177 2173//2173 2166//2166
f 2127//2127 2177//2177 2170//2170
f 2056//2056 2172//2172 2063//2063
f 2172//2172 2204//2204 2063//2063
f 2125//2125 2058//2058 2175//2175
f 2058//2058 2176//2176 2175//2175
f 2127//2127 2129//2129 2177//2177
f 2063//2063 2204//2204 2128//2128
f 2178//2178 2174//2174 2173//2173
f 2177//2177 2178//2178 2173//2173
f 2129//2129 2130//2130 2177//2177
f 2128//2128 2204//2204 2207//2207
f 2176//2176 2179//2179 2206//2206
f 2177//2177 2130//2130 2178//2178
f 2176//2176 2065//2065 2179//2179
f 2128//2128 2207//2207 2208//2208
f 2179//2179 2065//2065 2072//2072
f 2208//2208 2209//2209 2131//2131
f 2179//2179 2072//2072 2181//2181
f 2180//2180 2131//2131 2209//2209
f 2131//2131 2180//2180 2004//2004
f 2072//2072 2006//2006 2181//2181
f 2181//2181 2006//2006 2182//2182
f 2006//2006 2184//2184 2182//2182
f 2184//2184 2134//2134 2183//2183
f 2134//2134 2133//2133 2183//2183
f 2135//2135 2185//2185 2137//2137
f 2135//2135 2141//2141 2185//2185
f 2140//2140 2137//2137 2187//2187
f 2185//2185 2187//2187 2137//2137
f 2142//2142 2216//2216 2092//2092
f 2216//2216 2215//2215 2092//2092
f 2186//2186 2185//2185 2141//2141
f 2146//2146 2140//2140 2187//2187
f 2141//2141 2148//2148 2186//2186
f 3096//3096 2097//2097 2148//2148
f 2142//2142 2145//2145 2216//2216
f 2214//2214 2146//2146 2187//2187
f 2145//2145 2149//2149 2216//2216
f 2214//2214 2190//2190 2146//2146
f 2149//2149 2223//2223 2216//2216
f 2147//2147 2194//2194 2148//2148
f 2194//2194 2219//2219 2148//2148
f 2147//2147 2102//2102 2194//2194
f 2149//2149 2195//2195 2223//2223
f 2189//2189 2190//2190 2191//2191
f 2190//2190 2193//2193 2191//2191
f 2221//2221 2193//2193 2190//2190
f 2151//2151 2154//2154 2194//2194
f 2102//2102 2151//2151 2194//2194
f 2152//2152 2195//2195 2149//2149
f 2195//2195 2152//2152 2198//2198
f 2154//2154 2197//2197 2194//2194
f 2153//2153 2198//2198 2152//2152
f 2196//2196 2193//2193 2221//2221
f 2193//2193 2196//2196 2157//2157
f 2158//2158 2197//2197 2154//2154
f 2198//2198 2153//2153 2155//2155
f 2225//2225 2157//2157 2196//2196
f 2158//2158 2161//2161 2197//2197
f 2150//2150 2162//2162 2160//2160
f 2199//2199 2201//2201 2225//2225
f 2197//2197 2161//2161 2199//2199
f 2155//2155 2200//2200 2198//2198
f 2155//2155 2114//2114 2200//2200
f 2201//2201 2163//2163 2225//2225
f 2157//2157 2225//2225 2163//2163
f 2114//2114 2165//2165 2200//2200
f 2199//2199 2161//2161 2201//2201
f 2200//2200 2165//2165 2202//2202
f 2161//2161 2163//2163 2201//2201
f 2165//2165 2122//2122 2202//2202
f 2122//2122 2203//2203 2202//2202
f 2122//2122 2175//2175 2203//2203
f 2203//2203 2175//2175 2231//2231
f 2175//2175 2233//2233 2231//2231
f 2176//2176 2205//2205 2233//2233
f 2233//2233 2175//2175 2176//2176
f 2176//2176 2206//2206 2205//2205
f 2234//2234 2207//2207 2204//2204
f 2206//2206 2236//2236 2205//2205
f 2206//2206 2179//2179 2236//2236
f 2179//2179 2181//2181 2236//2236
f 2236//2236 2181//2181 2210//2210
f 2211//2211 2180//2180 2209//2209
f 2181//2181 2182//2182 2210//2210
f 2210//2210 2182//2182 2212//2212
f 2180//2180 2211//2211 2132//2132
f 2183//2183 2132//2132 2211//2211
f 2239//2239 2183//2183 2211//2211
f 2212//2212 2183//2183 2239//2239
f 2184//2184 2183//2183 2212//2212
f 2182//2182 2184//2184 2212//2212
f 2185//2185 2213//2213 2187//2187
f 2213//2213 2185//2185 2186//2186
f 2187//2187 2213//2213 2214//2214
f 2218//2218 2215//2215 2216//2216
f 2186//2186 2219//2219 2213//2213
f 2186//2186 2148//2148 2219//2219
f 2215//2215 2217//2217 2188//2188
f 2215//2215 2192//2192 2217//2217
f 2219//2219 2220//2220 2213//2213
f 2215//2215 2240//2240 2192//2192
f 2218//2218 2241//2241 2215//2215
f 2223//2223 2218//2218 2216//2216
f 2213//2213 2221//2221 2214//2214
f 2215//2215 2241//2241 2240//2240
f 2214//2214 2221//2221 2190//2190
f 2220//2220 2221//2221 2213//2213
f 2194//2194 2222//2222 2219//2219
f 2219//2219 2222//2222 2220//2220
f 2224//2224 2223//2223 2195//2195
f 2194//2194 2197//2197 2222//2222
f 2240//2240 2244//2244 2192//2192
f 2192//2192 2228//2228 2150//2150
f 2198//2198 2224//2224 2195//2195
f 2220//2220 2225//2225 2221//2221
f 2227//2227 2220//2220 2222//2222
f 2225//2225 2196//2196 2221//2221
f 2227//2227 2225//2225 2220//2220
f 2222//2222 2197//2197 2227//2227
f 2198//2198 2226//2226 2224//2224
f 2227//2227 2199//2199 2225//2225
f 2197//2197 2199//2199 2227//2227
f 2198//2198 2200//2200 2226//2226
f 2150//2150 2228//2228 2162//2162
f 2200//2200 2229//2229 2226//2226
f 2200//2200 2202//2202 2229//2229
f 2202//2202 2230//2230 2229//2229
f 2162//2162 2228//2228 2167//2167
f 2228//2228 2246//2246 2167//2167
f 2202//2202 2203//2203 2230//2230
f 2246//2246 2249//2249 2167//2167
f 2203//2203 2248//2248 2230//2230
f 2203//2203 2233//2233 2248//2248
f 2231//2231 2233//2233 2203//2203
f 2167//2167 2249//2249 2172//2172
f 2249//2249 2250//2250 2172//2172
f 2248//2248 2233//2233 2232//2232
f 2172//2172 2250//2250 2204//2204
f 2234//2234 2204//2204 2250//2250
f 2232//2232 2205//2205 2235//2235
f 2233//2233 2205//2205 2232//2232
f 2205//2205 2236//2236 2235//2235
f 2236//2236 2210//2210 2235//2235
f 2234//2234 2209//2209 2208//2208
f 2207//2207 2234//2234 2208//2208
f 2252//2252 2209//2209 2234//2234
f 2237//2237 2209//2209 2252//2252
f 2238//2238 2239//2239 2237//2237
f 2209//2209 2237//2237 2211//2211
f 2239//2239 2211//2211 2237//2237
f 2238//2238 2212//2212 2239//2239
f 2210//2210 2212//2212 2238//2238
f 2218//2218 2223//2223 2243//2243
f 2243//2243 2241//2241 2218//2218
f 2254//2254 2240//2240 2242//2242
f 2241//2241 2242//2242 2240//2240
f 2243//2243 2242//2242 2241//2241
f 2223//2223 2224//2224 2243//2243
f 2244//2244 2240//2240 2254//2254
f 2243//2243 2255//2255 2242//2242
f 2192//2192 2244//2244 2228//2228
f 2224//2224 2245//2245 2243//2243
f 2224//2224 2226//2226 2245//2245
f 2226//2226 2229//2229 2245//2245
f 2245//2245 2229//2229 2247//2247
f 2229//2229 2230//2230 2247//2247
f 2230//2230 2263//2263 2247//2247
f 2230//2230 2248//2248 2263//2263
f 2264//2264 2249//2249 2246//2246
f 2264//2264 2250//2250 2249//2249
f 2248//2248 2232//2232 2263//2263
f 2251//2251 2234//2234 2250//2250
f 2235//2235 2269//2269 2267//2267
f 2232//2232 2235//2235 2267//2267
f 2251//2251 2252//2252 2234//2234
f 2253//2253 2252//2252 2251//2251
f 2235//2235 2210//2210 2253//2253
f 2210//2210 2238//2238 2253//2253
f 2238//2238 2237//2237 2252//2252
f 2253//2253 2238//2238 2252//2252
f 2255//2255 2254//2254 2242//2242
f 2243//2243 2245//2245 2255//2255
f 2244//2244 2259//2259 2228//2228
f 2255//2255 2256//2256 2254//2254
f 2254//2254 2259//2259 2244//2244
f 2256//2256 2259//2259 2254//2254
f 2255//2255 2257//2257 2256//2256
f 2245//2245 2257//2257 2255//2255
f 2259//2259 2261//2261 2228//2228
f 2256//2256 2258//2258 2259//2259
f 2257//2257 2258//2258 2256//2256
f 2257//2257 2262//2262 2258//2258
f 2245//2245 2262//2262 2257//2257
f 2245//2245 2247//2247 2262//2262
f 2260//2260 2261//2261 2259//2259
f 2228//2228 2261//2261 2246//2246
f 2262//2262 2247//2247 2266//2266
f 2271//2271 2265//2265 2260//2260
f 2247//2247 2267//2267 2266//2266
f 2266//2266 2265//2265 2271//2271
f 2263//2263 2267//2267 2247//2247
f 2261//2261 2264//2264 2246//2246
f 2264//2264 2261//2261 2260//2260
f 2265//2265 2264//2264 2260//2260
f 2266//2266 2269//2269 2265//2265
f 2267//2267 2269//2269 2266//2266
f 2263//2263 2232//2232 2267//2267
f 2264//2264 2268//2268 2250//2250
f 2265//2265 2268//2268 2264//2264
f 2269//2269 2268//2268 2265//2265
f 2268//2268 2251//2251 2250//2250
f 2270//2270 2251//2251 2268//2268
f 2269//2269 2270//2270 2268//2268
f 2235//2235 2270//2270 2269//2269
f 2235//2235 2253//2253 2270//2270
f 2251//2251 2270//2270 2253//2253
f 2259//2259 2258//2258 2260//2260
f 2262//2262 2271//2271 2258//2258
f 2271//2271 2260//2260 2258//2258
f 2262//2262 2266//2266 2271//2271
